Seq,RAdeg,DEdeg,Fprob,Pany,Deep,D20,FFlux_bay,HFlux_bay,SFlux_bay,Source_Name_1,RA_1,DEC_1,Total_flux,E_Total_flux,Peak_flux,E_Peak_flux,S_Code,FLAG_DEEP,flag_clean,Z_BEST,Z_BEST_SOURCE,Z_SPEC,Z_SOURCE,Z_QUAL,Cat,SFR_cons,Radio_excess,RadioAGN_final
5,217.632514,32.3626831,1.8243E-51,0.998298,1,24793,6.23467267891914E-14,2.3620048261532248E-14,2.266456978781072E-14,ILTJ143031.81+322145.8,217.63255431392824,32.36274429517996,0.001635852927000032,1.1993026316685299E-4,0.0013330996842876662,6.0123514061258046E-5,S,1,1,2.0131,0.0,,,,Bootes,3.19,-0.15,0
8,218.0590064,32.3746069,3.1104E-6,0.461114,1,29936,5.1935987030620915E-15,-4.3446782746958003E-16,2.6053234100087284E-15,ILTJ143214.13+322230.3,218.05886799841767,32.375088637867535,0.9478232446802481,0.00237836775682456,0.6022823072152396,5.802674184087664E-4,M,1,1,1.6338,0.0,,,,Bootes,1.91,3.8,1
20,217.4969093,32.4103474,1.5835E-39,0.996885,1,44480,5.3363070214726464E-14,-5.386382308962762E-15,2.4733658156929706E-14,ILTJ142959.21+322437.5,217.49669640863928,32.41042285986781,0.0010393765666485305,1.0416043382827276E-4,9.493743493667915E-4,5.649886875955624E-5,S,1,1,0.1507425,1.0,0.1507425,2,4,Bootes,0.23,0.3,0
28,217.2460173,32.4185823,1.0109E-107,0.999459,1,47879,9.834311583628837E-14,7.09684213528479E-14,3.086360601511864E-14,ILTJ142859.04+322506.9,217.24600931669258,32.418582518536844,5.005625381545772E-4,9.124630857802952E-5,5.689704111981991E-4,5.723128496772852E-5,S,1,1,0.6264359,1.0,0.6264359,2,4,Bootes,1.63,-0.14,0
29,217.7014404,32.425405,3.6363E-8,0.942458,1,50872,7.500404918857639E-15,1.592628128664946E-14,-2.939848994386912E-17,ILTJ143048.35+322532.4,217.7014653243193,32.425680791494905,0.0010093001675730935,1.4891578783762913E-4,8.055241125793736E-4,5.805051702191122E-5,M,1,1,1.6465,0.0,,,,Bootes,2.23,0.48,0
44,216.160323,32.4476712,1.2414E-7,0.982214,1,59980,1.4450046616462046E-14,-5.324042828038154E-15,5.075017489025541E-15,ILTJ142438.44+322650.0,216.16016146669372,32.44723132298553,0.011160572124456557,4.971242121544629E-4,0.008376438919195962,7.792112457536859E-5,M,1,1,1.2046,0.0,,,,Bootes,2.5,0.92,1
47,217.9549288,32.462199,2.5304E-18,0.994879,1,66003,1.982667500637277E-14,2.216100016489475E-14,3.934766398202455E-15,ILTJ143149.04+322744.4,217.95433530298305,32.46234707490053,7.119036411781725E-4,1.7238493731172567E-4,3.944568626714107E-4,6.508948857623664E-5,M,1,1,0.4877,0.0,,,,Bootes,1.2,0.22,0
69,217.2475328,32.4800012,6.2124E-51,0.998146,1,73090,5.047173446619059E-14,7.426676236618841E-14,5.580528690265451E-15,ILTJ142859.40+322847.9,217.24749527756967,32.47998316369437,6.895301347826909E-4,1.1251479637530523E-4,5.896604819417547E-4,5.830728271616718E-5,S,1,1,0.2417,0.0,,,,Bootes,1.16,-0.44,0
70,217.2422803,32.4808229,1.7681E-18,0.997034,1,73375,1.9484298932764964E-14,9.227051277912439E-15,5.040997797590315E-15,ILTJ142858.08+322850.3,217.24201975289367,32.48065654752494,9.250633026507311E-4,1.0346565123623795E-4,8.662572903617047E-4,5.7126905902548764E-5,S,1,1,2.21625,1.0,2.21625,2,4,Bootes,2.1,0.88,0
73,217.5398403,32.4841076,2.909E-24,0.997967,0,74690,2.2890360914210344E-14,-4.697411180547833E-15,8.958207125690588E-15,ILTJ143009.53+322902.6,217.53969560363976,32.48406575888367,0.0012070830011277484,1.3828183060246135E-4,7.67721981139909E-4,5.743663096734215E-5,Z,0,1,1.2015,0.0,,,,Bootes,1.46,1.08,1
75,217.1809041,32.4852122,4.6301E-10,0.997197,1,75089,5.460556183278186E-15,1.6654591580977093E-15,1.5736694964648732E-15,ILTJ142843.41+322907.0,217.18086201729537,32.48530241281063,0.0016470509642354607,2.4427255283176265E-4,9.105992318774915E-4,5.9363533269788605E-5,M,1,1,0.2971,0.0,,,,Bootes,1.53,-0.25,0
76,216.802383,32.4857062,6.8602E-8,0.998922,0,75330,6.336341981020577E-15,-7.0671929555893E-16,1.8352766776859313E-15,ILTJ142712.56+322908.5,216.80232634141865,32.48571876454748,7.02445536094049E-4,1.6954723401627888E-4,4.924701740244042E-4,7.602536166513911E-5,S,1,1,0.3732,0.0,,,,Bootes,0.77,0.42,0
89,216.3659994,32.4948841,1.4633E-44,0.996636,1,79111,4.3610333020617984E-14,6.153202137412896E-14,5.372732734743233E-15,ILTJ142527.81+322940.1,216.36586648315065,32.494487552475476,0.0011302624312744772,1.392428118480964E-4,9.954947015406012E-4,7.305431435952017E-5,S,1,1,0.3018,0.0,,,,Bootes,2.33,-1.27,0
101,216.2806162,32.5271868,6.5322E-176,0.998513,0,92469,1.559849036143584E-13,1.147163918105552E-13,4.9204208066958786E-14,ILTJ142507.30+323137.0,216.28042399571925,32.526955195659184,0.01905469735837407,3.861488887669446E-4,0.015651170175088786,7.737518916837871E-5,M,1,1,0.4898,0.0,,,,Bootes,2.14,0.64,0
105,217.1714512,32.5396206,2.2474E-280,0.999055,1,97708,2.721911868987501E-13,1.254141678676079E-13,1.0001956091833643E-13,ILTJ142841.15+323222.3,217.17146403019728,32.539546066151935,0.001369567266629251,1.7859312393624546E-4,9.794088073832102E-4,5.7219198191887695E-5,M,1,1,0.1273886,1.0,0.1273886,2,4,Bootes,-0.23,0.76,1
108,218.1876044,32.5449475,2.3903E-10,0.977503,1,99974,1.9150807584584505E-14,-5.750072698958265E-15,7.0652646350693416E-15,ILTJ143244.89+323243.1,218.18705238699476,32.54531582626323,7.060923076390158E-4,1.6275929158090748E-4,4.1726100091302084E-4,6.454816996042958E-5,S,1,1,2.391129,1.0,2.391129,2,4,Bootes,-99.0,-99.0,-1
110,217.5453916,32.549211,0.0,0.99943,1,101664,4.814267910404293E-13,2.2418798312833075E-13,1.805027857344002E-13,ILTJ143010.86+323257.0,217.54525530609627,32.54918438331705,0.0016083758330462277,1.3291321814304884E-4,0.00148448178082947,5.3962348392815325E-5,M,1,1,1.024424,1.0,1.024424,2,4,Bootes,1.93,0.53,0
111,217.6276675,32.5504243,6.8722E-12,0.964561,1,102136,1.449451200804265E-14,1.605888909162965E-14,1.5395660184395438E-15,ILTJ143030.67+323301.2,217.62779606319404,32.550336706806206,3.303123967221927E-4,1.0643396994789338E-4,3.0595306991876135E-4,5.8217505966203845E-5,S,1,1,1.4627,0.0,,,,Bootes,1.74,0.41,0
120,216.5666875,32.573538,1.5149E-7,0.973219,1,111625,7.272345465358823E-15,5.6752802957052394E-15,1.4853832038478739E-15,ILTJ142616.06+323424.3,216.56689753651872,32.57342514363017,7.353258732605909E-4,1.4722189321397287E-4,5.276796576716566E-4,6.746484352941649E-5,S,1,1,1.1978,0.0,,,,Bootes,1.41,0.92,1
121,217.539087,32.5832,7.8207E-8,0.953488,1,115450,1.581227635618539E-14,9.95152156843429E-15,2.923101483371323E-15,ILTJ143009.52+323457.9,217.5396801452586,32.58275330405398,4.821220744555717E-4,1.2468963870036797E-4,3.4480151720430894E-4,5.6941696202848785E-5,S,1,1,1.0507,0.0,,,,Bootes,1.69,0.29,0
127,216.5262953,32.5864276,1.6062E-14,0.996494,1,117003,1.626124206527309E-14,1.301436926171571E-14,2.9963781385866823E-15,ILTJ142606.42+323510.3,216.52673754195564,32.58620768908448,5.783768288136084E-4,1.3142508055771426E-4,4.6549480251463883E-4,6.545056695079753E-5,S,1,1,0.8137,0.0,,,,Bootes,1.39,0.44,0
129,216.6507324,32.5918264,8.4416E-17,0.992501,1,119212,2.536821375032472E-14,-5.295454145045797E-15,1.0134015715463387E-14,ILTJ142636.24+323530.1,216.65101292774958,32.5916984184629,9.065516190282983E-4,1.2756700376001826E-4,7.80054733801491E-4,6.650922544909026E-5,S,1,1,1.4314,0.0,,,,Bootes,2.03,0.51,0
132,217.8956339,32.6074962,2.5119E-8,0.993686,1,125669,8.807614283569603E-15,-5.830939697959795E-15,1.797343580935945E-15,ILTJ143134.86+323627.6,217.89523659102622,32.6076756290815,3.2796510665444276E-4,1.0039608900313158E-4,3.0316400822489947E-4,5.467669653532197E-5,S,1,1,0.3502,0.0,,,,Bootes,0.68,0.11,0
137,217.7395957,32.6225041,2.8419E-43,0.992087,1,131755,4.581747912445591E-14,3.5761532086683866E-14,1.2434378350766187E-14,ILTJ143057.47+323721.4,217.73944550006226,32.62262771321566,6.00366203058955E-4,9.22963664839274E-5,5.935962728841683E-4,5.2846547961958864E-5,S,1,1,1.3653,0.0,,,,Bootes,1.82,0.52,0
158,216.843819,32.6546887,2.2356E-9,0.988171,1,144512,4.6600402685284035E-15,4.651094534435872E-15,1.0075701970009921E-15,ILTJ142722.50+323913.8,216.8437376342608,32.65385529651912,8.301599168959212E-4,1.8768857596452348E-4,3.9228845190715435E-4,6.355087231270319E-5,S,1,1,0.3598,0.0,,,,Bootes,1.0,0.21,0
168,218.1047664,32.6717275,1.4297E-8,0.985929,1,152133,1.585171061464705E-14,-5.684428134835093E-15,6.80096838730529E-15,ILTJ143225.07+324018.9,218.10445992494743,32.67193278876756,4.914692672440941E-4,9.770047733179998E-5,4.513263718973885E-4,5.309313841560191E-5,S,1,1,0.6572,0.0,,,,Bootes,1.56,-0.03,0
175,216.876427,32.6853641,3.5135E-10,0.985227,1,157800,4.018185360129843E-15,-5.080031644226435E-16,1.2702033300644351E-15,ILTJ142730.24+324105.8,216.87598336790893,32.6849446457631,6.898566555421121E-4,1.3769489289299516E-4,4.7215954034619703E-4,6.011468043737293E-5,S,1,1,1.7807,0.0,,,,Bootes,2.2,0.43,0
176,217.9326586,32.6897535,1.5391E-8,0.015741,1,159948,9.682099459642547E-15,1.0798334100154876E-14,-1.0827980987964768E-15,ILTJ143143.77+324124.8,217.93235538864246,32.6902264267459,4.192386853697984E-4,1.1742748981348289E-4,3.3276020281517045E-4,5.7893082884896784E-5,S,1,1,2.1242,0.0,,,,Bootes,1.54,1.1,1
177,216.4324531,32.6847424,1.3958E-10,0.933996,1,157540,1.2802139860306458E-14,-5.155362056945545E-15,5.135176201545518E-15,ILTJ142543.63+324103.4,216.43180688857964,32.684280127331924,5.671582872292395E-4,1.5263391683966715E-4,3.591218610202867E-4,6.39316521468591E-5,S,1,1,1.2901,0.0,,,,Bootes,1.87,0.38,0
179,218.1767307,32.6923521,4.4855E-7,0.873224,1,161007,5.11603011825098E-15,-7.057260287379882E-16,2.222230912481423E-15,ILTJ143242.17+324132.9,218.17572907627434,32.692497920891334,0.0030408304875186357,1.2094266951619706E-4,0.0027545484598393228,6.526192192970578E-5,S,1,1,0.7131,0.0,,,,Bootes,0.93,1.53,1
187,216.4157295,32.6959718,9.0485E-21,0.990567,1,162338,3.0463817546289627E-14,4.978950058910415E-14,1.6028826511278617E-15,ILTJ142539.84+324143.8,216.41600888479093,32.69550208052665,6.605407262686425E-4,1.0948751917546814E-4,6.02833465303847E-4,5.887861055126184E-5,S,1,1,1.092569,1.0,1.092569,2,4,Bootes,1.78,0.37,0
200,218.224611,32.7220452,6.2065E-14,0.987787,1,174145,8.281853320887022E-15,3.002189956783288E-15,3.51713077619984E-15,ILTJ143253.88+324319.0,218.22451153344718,32.72194574858767,0.18011920299165685,6.448502605296499E-4,0.16723508901718037,2.2175221351790242E-4,M,1,1,0.2632,0.0,,,,Bootes,0.25,3.04,1
203,216.7172938,32.7234841,9.992E-47,0.992013,1,174541,1.2637079484789328E-14,5.1467704685206426E-15,4.910027094002213E-15,ILTJ142652.19+324323.1,216.71744960304798,32.72309775746273,0.0011615848739327285,2.738715008522053E-4,3.290585190436949E-4,6.161282183020363E-5,S,1,1,0.8554,0.0,,,,Bootes,1.7,0.46,0
204,218.0109205,32.7287286,4.8451E-20,0.85165,1,176824,9.253334192134116E-15,1.3894324887577407E-14,-1.7852498874350825E-16,ILTJ143202.52+324343.1,218.01050210635884,32.72864814583682,8.758039861801437E-4,9.963695169808983E-5,7.478287311965489E-4,5.162883839068162E-5,S,1,1,0.7236,0.0,,,,Bootes,0.77,1.17,1
211,216.7705625,32.7319895,1.4397E-19,0.976793,1,178214,4.172006889920611E-15,1.823568367855821E-15,1.3594929592456356E-15,ILTJ142704.97+324354.7,216.770711261365,32.73186708359518,7.612956225441705E-4,1.577466348085401E-4,6.902342188672279E-4,8.486492456681035E-5,S,1,1,1.0532,0.0,,,,Bootes,1.97,0.2,0
218,218.0902834,32.7410926,3.2233E-48,0.99503,1,182179,1.2253189021976316E-14,6.40515950199737E-15,4.363347160230384E-15,ILTJ143221.63+324428.0,218.09011330271392,32.74111401750881,4.762841841562856E-4,9.726545559557986E-5,4.0989366238969484E-4,5.0631901450571256E-5,S,1,1,0.8632,0.0,,,,Bootes,1.48,0.32,0
223,216.8811168,32.7431059,1.1434E-61,0.997229,1,183114,1.1872771704664303E-14,1.7298650030911186E-14,9.564221950933967E-16,ILTJ142731.42+324434.4,216.8809108470801,32.74290751555261,0.002993929827894337,9.585595498919346E-5,0.0028916616628180776,5.40659890398436E-5,S,1,1,0.9483,0.0,,,,Bootes,1.45,1.25,1
246,218.1676835,32.7722786,1.2653E-121,0.997831,1,195527,2.6357849565390914E-14,1.730409898644537E-14,8.506892913641987E-15,ILTJ143240.19+324620.3,218.16745052739205,32.772327575468644,0.0019631006447862745,1.8248109153214378E-4,0.0010092277492805297,5.628792860079557E-5,M,1,1,1.0534,0.0,,,,Bootes,1.62,0.99,1
251,216.7394856,32.7747604,1.5833E-47,0.996577,1,196564,1.376621616123032E-14,1.8674959899400725E-14,1.7669295223981184E-15,ILTJ142657.43+324628.5,216.73928919635372,32.77459967203651,8.683747151443165E-4,1.1396602000252832E-4,7.805822833277961E-4,6.120506472322283E-5,S,1,1,0.5312,0.0,,,,Bootes,1.37,0.21,0
261,216.9946853,32.7948072,0.0,0.998114,1,205034,7.137358237685408E-13,3.6349070279021415E-13,2.726717165832017E-13,ILTJ142759.69+324739.1,216.99872236759418,32.794214879359274,0.7303533368255674,0.001957760421091678,0.11048547771114223,9.955079552310053E-5,M,1,1,0.5696241,1.0,0.5696241,2,4,Bootes,1.74,2.81,1
271,217.1102804,32.8026773,3.71E-9,0.981646,1,208490,1.5509406239620376E-14,2.3612356812372114E-14,-1.3603920309256377E-16,ILTJ142826.37+324808.9,217.1098572004311,32.802497329238754,4.0483203372830085E-4,9.481605811691821E-5,3.6854235271503824E-4,5.107278814982581E-5,S,1,1,1.068784,1.0,1.068784,2,4,Bootes,1.69,0.23,0
275,216.8839866,32.802978,4.427E-34,0.996912,1,208514,7.571203570554729E-15,5.7391639033894995E-15,2.1917617593295207E-15,ILTJ142732.14+324809.5,216.88391933697048,32.8026612615366,9.769968572787193E-4,1.1701441804429651E-4,7.34817774783731E-4,5.556085132428287E-5,S,1,1,0.4197,0.0,,,,Bootes,1.06,0.36,0
277,217.297236,32.8068358,8.3593E-86,0.987905,1,210222,1.0830841207249448E-13,3.324173624789236E-14,4.406856343821392E-14,ILTJ142911.26+324824.0,217.2969119124863,32.80668920736083,7.86114868287221E-4,8.748321805427176E-5,7.564437440783065E-4,4.911888353540816E-5,S,1,1,1.257293,1.0,1.257293,3,4,Bootes,1.95,0.41,0
278,216.8456459,32.8040505,0.0,0.981277,1,209074,7.08693221057306E-14,3.611467321138791E-14,2.671669266217835E-14,ILTJ142722.85+324814.1,216.84522144879858,32.80393161088753,1.489754587868495E-4,8.240107418612554E-5,1.6993489360357417E-4,5.162897741838142E-5,M,1,1,0.7933,0.0,,,,Bootes,1.42,-0.2,0
283,218.1610436,32.812303,2.5589E-9,0.996933,1,212685,2.554777601750319E-15,-6.017075833169015E-16,1.087719634905495E-15,ILTJ143238.59+324845.1,218.16078399658278,32.8125346342128,3.8079978992448815E-4,9.41210222220451E-5,3.326579756125847E-4,4.943704410417616E-5,S,1,1,0.7303,0.0,,,,Bootes,1.51,0.03,0
286,218.1291336,32.8135921,4.8813E-110,0.997033,1,213253,1.5364697271816774E-14,2.5209435436555487E-14,5.875774145780744E-16,ILTJ143230.93+324849.4,218.12888239112428,32.813723968688166,7.181406709456413E-4,9.787301845910037E-5,6.959839225828667E-4,4.6526751149940535E-5,M,1,1,0.9279,0.0,,,,Bootes,1.28,0.79,0
287,218.1984943,32.8140113,0.0,0.997942,1,213439,8.597579095165463E-14,3.0924085234094757E-14,3.626331923439931E-14,ILTJ143247.56+324851.0,218.1981768753994,32.814166686648484,4.324599953798398E-4,8.007564448708625E-5,4.772425195516033E-4,4.8793573448889765E-5,S,1,1,0.593292,1.0,0.593292,2,4,Bootes,1.37,0.02,0
289,216.4160283,32.8132245,6.5702E-20,0.993699,1,213097,2.5589798057527568E-14,6.524443998875468E-15,8.841586197801625E-15,ILTJ142539.83+324846.7,216.41597479312765,32.81297792268567,8.483967836963316E-4,1.1642921910941481E-4,7.040097624422083E-4,5.91353125816375E-5,S,1,1,1.398,1.0,1.398,1,3,Bootes,1.66,0.86,1
290,217.8395081,32.8205971,6.2907E-157,0.996696,1,216507,1.8908103898984882E-13,1.0334257664350648E-13,6.965667140404402E-14,ILTJ143121.49+324914.3,217.83953113292054,32.82065683198657,0.0016736900568122672,8.751562608534385E-5,0.0015993772134248985,4.8880492617053574E-5,S,1,1,0.2938543,1.0,0.2938543,3,4,Bootes,0.63,0.71,0
308,217.2197237,32.8409125,2.8211E-45,0.802287,1,225172,4.1946997740738767E-14,5.856538526832937E-14,4.542389218785475E-15,ILTJ142852.68+325026.4,217.21947994081944,32.84067737224214,9.436425899890386E-4,1.025266248109194E-4,9.071041963496549E-4,4.8851893854589436E-5,M,1,1,0.4455994,1.0,0.4455994,3,4,Bootes,-0.56,2.15,1
310,218.0333416,32.8420287,1.5259E-28,0.998693,1,225728,5.810245762248094E-15,2.1114108104633682E-15,2.3451822288902837E-15,ILTJ143207.97+325030.9,218.03321610224316,32.841916810391695,4.871325419055622E-4,8.437760742993896E-5,4.8394312550666926E-4,4.823760608354686E-5,S,1,1,0.3029,0.0,,,,Bootes,0.65,0.19,0
316,217.887378,32.8457203,1.5982E-44,0.299098,1,227407,7.16056405386747E-14,2.7648120413109078E-14,2.6325622679053316E-14,ILTJ143132.91+325045.5,217.88711703050458,32.84598133022901,6.076310911224486E-4,9.302620491247704E-5,5.404204923480726E-4,4.928683860673803E-5,S,1,1,1.655,1.0,1.655,1,3,Bootes,2.17,0.33,0
318,216.7702524,32.8442336,5.2489E-15,0.984372,1,226625,3.6573258165523976E-15,4.324951835713075E-15,3.2382544585519825E-16,ILTJ142704.84+325038.4,216.77014737711403,32.844016765051315,0.001731007342968503,1.0001043487279629E-4,0.0016178859055476418,5.517277626064087E-5,S,1,1,1.751,1.0,1.751,1,3,Bootes,1.81,1.23,1
321,218.1465893,32.8481348,3.7723E-7,0.951687,1,228354,1.64311252540889E-15,8.173254272132994E-16,2.1253781036497934E-16,ILTJ143235.07+325053.3,218.14613297290393,32.848151173153354,5.851397417598682E-4,9.166260936207976E-5,5.153604987698713E-4,4.846195070954733E-5,S,1,1,1.1324,0.0,,,,Bootes,1.13,1.05,1
325,216.2230854,32.8413379,2.3688E-7,0.992955,1,225359,8.821910842983113E-15,-5.650748451536569E-15,1.80775395468587E-15,ILTJ142453.58+325028.2,216.22326395254407,32.84117966783831,4.7996019789121387E-4,9.169016148466152E-5,5.80244109122908E-4,5.965863768433311E-5,S,1,1,1.9192,0.0,,,,Bootes,2.84,-0.35,0
331,217.2415506,32.8543234,5.0084E-27,0.999101,1,231179,2.2332359334582677E-14,7.104528586172371E-15,7.340224266636165E-15,ILTJ142857.97+325115.1,217.241525774058,32.85419489142329,0.0013001965902975973,1.0355797132393296E-4,0.0010312368532412134,5.088151865361399E-5,S,1,1,1.497846,1.0,1.497846,3,4,Bootes,2.37,0.35,0
333,217.8267619,32.8588184,6.0559E-97,0.99444,1,233120,1.898713290391148E-13,1.0640364667899268E-13,6.713387652197168E-14,ILTJ143118.43+325131.5,217.82679969390483,32.858772938199905,6.983202975501056E-4,1.0755247463311955E-4,6.177496956756172E-4,5.712171538019686E-5,S,1,1,0.3343096,1.0,0.3343096,3,4,Bootes,1.2,-0.16,0
337,218.0375504,32.8597937,6.3417E-134,0.994087,1,233528,2.4761235192188903E-14,1.0840608492564268E-14,9.730079437543384E-15,ILTJ143209.03+325135.6,218.0376205323733,32.85989120125248,3.8958033076245903E-4,1.1955700010161897E-4,3.7853350928440926E-4,4.8347868141718205E-5,M,1,1,0.2243,0.0,,,,Bootes,0.31,0.16,0
338,217.9851121,32.8605209,5.9817E-166,0.996052,1,233843,3.563795798076839E-14,6.314361126113448E-14,1.2816160751964788E-15,ILTJ143156.38+325137.8,217.98491230993147,32.86050596585946,0.005642639944736815,1.144851077946244E-4,0.004809658398871762,4.9315338008455E-5,M,1,1,0.4201567,1.0,0.4201567,3,4,Bootes,1.31,0.85,1
349,217.2447158,32.8662862,5.8523E-56,0.908911,1,236400,5.189519383137361E-14,2.935536883300439E-14,1.6413615487710694E-14,ILTJ142858.74+325157.9,217.24475791890038,32.86610492840089,3.630875685371378E-4,8.704210733189245E-5,3.568905122964554E-4,4.940922632774847E-5,S,1,1,1.3337,0.0,,,,Bootes,1.66,0.44,0
352,216.7793333,32.870357,0.0,0.98713,1,239276,7.196761717028238E-14,4.361061003033777E-14,2.5340010390368037E-14,ILTJ142707.02+325212.6,216.77924894633574,32.87017044509883,4.0296503584288316E-4,1.3291528154344207E-4,2.590873001893574E-4,5.638441907990471E-5,M,1,1,1.0404,0.0,,,,Bootes,1.42,0.5,0
361,217.5352833,32.8798548,4.1442E-9,0.862994,1,245617,1.0080345530887775E-14,-3.1647503700930285E-16,4.927826546931385E-15,ILTJ143008.48+325248.2,217.53534909988016,32.88007728749426,4.2819462536299485E-4,1.0029986115409948E-4,3.269037094571193E-4,4.8038940734302086E-5,S,1,1,2.1255,0.0,,,,Bootes,1.91,0.7,0
364,216.3050908,32.8768036,2.4825E-60,0.999713,1,243065,5.27729987016357E-14,5.562587970519558E-14,1.1626602278413059E-14,ILTJ142513.16+325236.1,216.30482885640998,32.87670914483944,0.0010358508298232085,1.5617869695255525E-4,6.707936075294674E-4,5.872124712914229E-5,M,1,1,1.0653,0.0,,,,Bootes,2.58,-0.32,0
371,216.9099712,32.88902,0.0,0.998353,1,252663,2.0483893037765462E-13,1.1066994909032038E-13,7.727006638216558E-14,ILTJ142738.36+325319.8,216.90985061762336,32.88885403727669,3.692819740314885E-4,9.06949144006919E-5,3.464899073975293E-4,4.966474515078805E-5,S,1,1,3.1048,0.0,,,,Bootes,2.58,0.28,0
373,218.242388,32.8990188,0.0,0.99639,1,260650,6.888836091024548E-14,4.125423313180417E-14,2.733665074991234E-14,ILTJ143258.13+325356.3,218.24222912417216,32.89897466418269,0.0021269190005560198,2.2534469003793352E-4,9.319941035861837E-4,4.810400378482882E-5,M,1,1,0.09820534,1.0,0.09820534,3,4,Bootes,0.62,-0.21,0
394,216.4395394,32.9241834,1.9904E-30,0.986864,1,280771,3.633774144671504E-14,2.0857023727911472E-14,1.1931807548615573E-14,ILTJ142545.58+325525.2,216.43990089584793,32.92368815357775,6.211853019911659E-4,1.2009306347256073E-4,4.982641056085436E-4,5.948197275081718E-5,S,1,1,1.0253,0.0,,,,Bootes,1.64,0.44,0
405,216.3115779,32.9329402,1.5255E-32,0.996306,1,287728,3.5500444452759045E-14,1.8829363954935142E-14,1.0710693210253263E-14,ILTJ142514.85+325558.6,216.3118638375413,32.93296798344745,4.986149983313798E-4,8.400150828185302E-5,5.715668570385618E-4,5.2702595787694676E-5,S,1,1,1.8422,0.0,,,,Bootes,-99.0,-99.0,-1
407,217.5863139,32.9412034,3.4154E-69,0.999369,1,292904,8.130610265554188E-14,5.179030412022488E-14,2.5347915222203923E-14,ILTJ143020.67+325627.9,217.58611485381513,32.94109973394936,3.5359741777249567E-4,1.0743316507571849E-4,3.1304226417483416E-4,5.701631977433663E-5,S,1,1,2.9279,0.0,,,,Bootes,2.39,0.41,0
410,216.4441223,32.9380734,3.0629E-8,0.593926,1,290695,9.646316934542798E-15,-2.1391129437595297E-15,5.0495311389193596E-15,ILTJ142546.57+325614.3,216.44404346624592,32.937324086703235,0.0023130270574107654,1.4243863078206197E-4,0.0021784876639154506,5.6757375925371885E-5,M,1,1,1.8505,0.0,,,,Bootes,2.01,1.19,1
423,218.5106899,32.9571763,5.0005E-49,0.997844,1,301479,6.980479452766525E-14,8.147697446560478E-14,1.8561839181803322E-14,ILTJ143402.58+325726.0,218.51075096838682,32.957243360244725,0.0011997079302331845,9.417762789039281E-5,0.0010661142518219638,5.020045892257409E-5,S,1,1,0.5673025,1.0,0.5673025,3,4,Bootes,1.27,0.53,0
438,216.3139143,32.9711149,4.6592E-6,0.931185,1,307450,7.899633365830071E-15,1.6994031529847842E-14,-9.679418764400757E-17,ILTJ142515.37+325814.8,216.31402698312456,32.97080205059146,0.0010214077715826684,9.841974272325487E-5,9.806099453581348E-4,5.520952647937934E-5,S,1,1,0.8075,0.0,,,,Bootes,0.76,1.36,1
453,217.0279213,32.9935359,5.9914E-8,0.10709,1,317223,5.990041074139663E-15,6.705435963253046E-15,-3.347733924646363E-16,ILTJ142806.70+325935.4,217.0279150308031,32.99317322224172,0.11661144784043076,2.1821056898049923E-4,0.10246125281595908,1.004526949571741E-4,Z,1,1,1.2255,0.0,,,,Bootes,1.78,2.74,1
454,216.6255256,32.9906397,1.7348E-13,0.991214,1,316044,8.759720826603186E-15,3.2923371486130053E-15,3.3337111563752998E-15,ILTJ142630.10+325926.0,216.62539778678718,32.990572888907906,5.479029797047745E-4,1.0351695435056215E-4,4.939835243503419E-4,5.539888529541354E-5,S,1,1,0.8194,0.0,,,,Bootes,1.57,0.23,0
455,218.0695116,32.9976721,4.247E-36,0.687642,1,319288,2.938544305094385E-14,1.4831152740843635E-14,1.2049258937567311E-14,ILTJ143216.75+325952.5,218.06979618769753,32.99793379977384,2.747323954906845E-4,1.1698460871508595E-4,1.8573311789702636E-4,5.073125711371899E-5,M,1,1,1.6063,0.0,,,,Bootes,1.82,0.34,0
463,216.9790422,33.0028651,9.74E-300,0.999358,1,321353,8.706311697474113E-14,5.836204226142336E-14,3.1598199575457037E-14,ILTJ142754.97+330009.3,216.9790326453733,33.00258291888721,0.001021307732601051,1.4188782109572117E-4,8.214802610245675E-4,5.4382370341045315E-5,M,1,1,0.415,1.0,0.415,1,3,Bootes,1.2,0.22,0
474,217.9166301,33.0172972,7.378E-44,0.997317,1,327577,1.702157779491525E-14,1.0814365814613255E-14,5.976735358287631E-15,ILTJ143139.97+330102.3,217.9165519472641,33.01730739934442,5.705200451950801E-4,1.0516892083380898E-4,3.882405459909171E-4,4.6481963619846526E-5,S,1,1,1.62,1.0,1.62,1,3,Bootes,2.01,0.46,0
482,217.042762,33.0196405,9.9248E-10,0.645037,1,328542,6.595851374681456E-15,7.620812471475162E-15,-3.3239313196544566E-16,ILTJ142810.35+330110.3,217.04313409679074,33.01952895691223,7.831302848780681E-4,2.198841767970987E-4,3.022858115295351E-4,6.341001124824554E-5,S,1,1,2.149,0.0,,,,Bootes,1.59,1.32,1
489,218.2696914,33.0228796,1.798E-7,0.504985,1,330078,1.169420467874539E-15,9.276750325633373E-16,5.695914525112509E-17,ILTJ143304.77+330122.5,218.26986544688322,33.02292368773766,9.465722175482791E-4,8.446799478976099E-5,8.723127460405523E-4,4.608034058152153E-5,S,1,1,0.8343,0.0,,,,Bootes,1.27,0.81,1
496,217.9316524,33.0261084,0.0,0.998004,1,331246,4.331217927544123E-13,1.5391343248321816E-13,1.964526991300764E-13,ILTJ143143.55+330133.3,217.93144645398334,33.02592850835124,0.0010034852161259664,9.095161133082876E-5,8.075830799967393E-4,4.524586984799214E-5,S,1,1,0.141574,1.0,0.141574,3,4,Bootes,0.81,-0.41,0
497,217.4780175,33.0263283,5.8781E-85,0.997353,1,331383,3.57723647552753E-14,1.3959303794959646E-14,1.7407810193900318E-14,ILTJ142954.70+330134.3,217.47792027389946,33.026197771471914,9.767591002458665E-4,1.3720081586438788E-4,7.378761697653652E-4,4.458282384803169E-5,M,1,1,2.073648,1.0,2.073648,3,4,Bootes,2.6,0.29,0
498,218.1527653,33.0260499,7.9686E-13,0.995603,1,331266,3.741627339329891E-15,3.0576503042318323E-15,9.460812942007101E-16,ILTJ143236.59+330134.4,218.152469846212,33.02622596664561,2.919372477619254E-4,7.9906664778295E-5,3.2099469058888784E-4,4.908865135097923E-5,S,1,1,0.694,1.0,0.694,1,3,Bootes,1.52,-0.16,0
499,218.419516,33.025675,5.1145E-137,0.994085,1,331032,3.4792300995428833E-14,2.1950490226212223E-14,1.2573598341831954E-14,ILTJ143340.62+330131.7,218.41923613202292,33.02548435609129,4.299445461485027E-4,7.804084740720618E-5,4.3553764495788685E-4,4.516313338469917E-5,S,1,1,0.8104,0.0,,,,Bootes,1.09,0.63,0
503,216.3870986,33.0237489,1.6419E-55,0.992442,1,330255,5.3217079264375185E-14,2.2667587964310054E-14,2.0032349484382073E-14,ILTJ142532.87+330125.4,216.38695607500406,33.02374243087648,0.029880687195924086,3.935740106180276E-4,0.02203826432506441,6.760055849008495E-5,M,1,1,1.201542,1.0,1.201542,3,4,Bootes,1.79,2.11,1
524,218.295954,33.0463122,1.1676E-69,0.94519,1,339687,9.928511821761256E-15,5.7994902419106486E-15,3.4327288526199675E-15,ILTJ143311.01+330246.3,218.29587277174966,33.04621349280828,2.7717013963887027E-4,8.489791122275041E-5,2.507758831861107E-4,4.576049631487916E-5,S,1,1,1.6536,0.0,,,,Bootes,1.75,0.44,0
529,218.6336877,33.0485907,1.7266E-25,0.887708,1,340706,1.0439145154681397E-14,7.079751993625932E-15,2.8686512301406468E-15,ILTJ143432.11+330254.1,218.6338124902547,33.04838635654818,3.832673017428816E-4,8.851669418164624E-5,3.5729445993460806E-4,4.820624930166687E-5,S,1,1,2.8943,0.0,,,,Bootes,2.61,0.2,0
536,218.4710557,33.0515214,3.1164E-130,0.994999,1,341865,4.2972926254576315E-14,3.0183153385189715E-14,1.5438934548569195E-14,ILTJ143352.99+330305.7,218.47080248629703,33.051591645216,0.0012040945015233404,1.0397831570111597E-4,0.0011460191462026054,4.41926740022609E-5,M,1,1,2.627,1.0,2.627,1,3,Bootes,2.78,0.42,0
542,217.919675,33.054922,7.5359E-276,0.874844,1,343152,6.704143998023921E-14,8.429669514892266E-14,1.0054060576321224E-14,ILTJ143140.67+330317.2,217.91944727487382,33.054789586827646,0.0026591097167875857,2.2976282412272351E-4,9.462373182818715E-4,4.381095547068981E-5,M,1,1,0.193,1.0,0.193,1,3,Bootes,0.92,0.2,0
565,218.77409,33.065092,6.0863E-181,0.998436,1,347497,4.684951549170595E-14,1.6725122092308704E-14,2.002099935694581E-14,ILTJ143505.73+330354.0,218.773892131007,33.06502317231165,6.803385651331282E-4,1.1520373118616065E-4,6.169572947142674E-4,4.561299106717343E-5,M,1,1,0.322,1.0,0.322,1,3,Bootes,1.18,-0.19,0
573,217.2905043,33.0707038,2.143E-30,0.999302,1,349890,1.0025103083116056E-14,9.829260149784491E-15,1.9074717027800858E-15,ILTJ142909.74+330414.2,217.2905966955575,33.070632541122116,8.865956418616322E-4,1.3538515893665262E-4,7.877506673883934E-4,5.8767547481693324E-5,M,1,1,0.5117364,1.0,0.5117364,3,4,Bootes,1.01,0.57,0
574,217.6458038,33.0715341,6.9091E-13,0.921393,1,350207,5.57198696346177E-15,5.0444024869342026E-15,7.70559208590269E-16,ILTJ143034.94+330417.6,217.64557896628295,33.071580376589296,4.5212350307747564E-4,1.1073723584748457E-4,2.823012002416522E-4,4.5274203488138083E-5,S,1,1,2.2137,0.0,,,,Bootes,2.39,0.25,0
584,217.9032137,33.0766037,4.9989E-117,0.997845,1,352305,2.759696162622113E-14,2.0461461336059615E-14,8.608354498068201E-15,ILTJ143136.67+330435.5,217.90280275561116,33.076526732257896,4.8516697203151494E-4,8.34484445946825E-5,4.3217620554685194E-4,4.440311816819188E-5,S,1,1,1.3894,1.0,1.3894,3,4,Bootes,2.07,0.17,0
588,216.9887737,33.0751315,3.4447E-7,0.948941,1,351762,1.8850402612443424E-15,-3.109622662741758E-16,1.1978638230016552E-15,ILTJ142757.39+330430.6,216.989129696314,33.07519238602848,6.784639151808941E-4,1.1324764920613282E-4,4.831920487291353E-4,5.101919195704147E-5,S,1,1,3.307913,1.0,3.307913,3,4,Bootes,2.67,0.51,0
593,216.5326341,33.0741122,4.6564E-15,0.77831,1,351228,4.621545069894198E-15,2.329931749672648E-15,1.326864089140707E-15,ILTJ142607.77+330426.1,216.53238617075175,33.07392001513675,5.036646663895967E-4,9.198809551512462E-5,4.70000146702101E-4,5.027674772166674E-5,S,1,1,1.9035,0.0,,,,Bootes,1.92,0.65,0
596,218.2254442,33.0808519,8.7918E-7,0.108668,1,353997,1.6786235054888074E-15,1.300190261224054E-15,-1.3323867733265493E-16,ILTJ143254.09+330450.8,218.22535420554306,33.0807837018897,3.645589151042352E-4,7.210709616668835E-5,3.808791326496767E-4,4.283644000352208E-5,S,1,1,2.0028,0.0,,,,Bootes,2.12,0.36,0
602,218.7218138,33.0813634,1.9331E-16,0.989478,1,354216,4.9048630262392966E-15,1.180449297205088E-15,1.800565386542462E-15,ILTJ143453.24+330453.1,218.72183783854982,33.08142478282261,4.5743861324463233E-4,1.0043895996977406E-4,3.5678465115983175E-4,4.8798430001344776E-5,M,1,1,3.797,1.0,3.797,1,3,Bootes,2.77,0.35,0
615,216.9782038,33.0884117,1.9403E-91,0.996286,1,357089,2.3335994955203148E-14,1.8567762461930067E-14,6.5462627489479415E-15,ILTJ142754.79+330517.5,216.97829059838907,33.08821962527112,4.1928837239725895E-4,8.777822675789437E-5,4.20877130994429E-4,5.069059247555366E-5,S,1,1,0.368,1.0,0.368,1,3,Bootes,1.12,-0.2,0
621,217.1417866,33.0928568,3.7438E-24,0.994925,1,358888,2.1072615428380702E-14,1.9192085806326902E-14,6.224123024082673E-15,ILTJ142833.88+330527.4,217.14116547655607,33.090956845182674,0.010017164222410845,7.739801583055778E-4,2.839633547103696E-4,4.688361324224388E-5,Z,1,1,0.314,1.0,0.314,1,3,Bootes,0.24,1.97,1
630,218.1789167,33.0987476,6.623E-4,0.875813,1,361497,1.1676932139672671E-15,-2.9129438229402787E-16,6.708013997193017E-16,ILTJ143242.99+330556.6,218.17911814559102,33.0990696744743,4.8808449730852494E-4,7.42968452044976E-5,4.987157982464065E-4,4.3182891981400526E-5,S,1,1,1.588,1.0,1.588,1,3,Bootes,2.18,0.18,0
632,218.643698,33.0967603,5.8198E-242,0.480848,1,360517,3.1227884112880214E-14,1.4171627302288837E-14,1.2095622061136089E-14,ILTJ143434.52+330548.1,218.64384325527922,33.096718649261696,9.81363173157049E-4,2.1647908077312527E-4,2.734093421144912E-4,4.810372243167379E-5,S,1,1,2.066,1.0,2.066,1,3,Bootes,2.38,0.53,0
633,218.2398741,33.0991188,6.8301E-9,0.998952,1,361548,2.3120006334275643E-15,3.3692935885619777E-15,-1.0739245146223552E-16,ILTJ143257.53+330557.0,218.239714069173,33.09918892627965,3.9497394468952074E-4,9.10072894564305E-5,3.0689118426015526E-4,4.402852008622129E-5,S,1,1,0.2116,0.0,,,,Bootes,0.02,0.43,0
649,218.2204525,33.1082393,1.9769E-6,0.844613,1,365086,2.1205316153237882E-15,1.6093142568493346E-15,3.5684794500939346E-16,ILTJ143252.84+330628.4,218.22015654719516,33.10790587507375,3.686633203056226E-4,6.49538961553245E-5,4.0937085548209466E-4,4.015800811370342E-5,S,1,1,2.4778,0.0,,,,Bootes,2.26,0.42,0
654,217.682626,33.1123808,6.9167E-30,0.970213,1,367088,1.2455366600159187E-14,7.165543560765009E-15,4.473273538554156E-15,ILTJ143043.73+330644.6,217.68221342707358,33.11239378779093,4.7512861157136577E-4,6.955814584926554E-5,4.998898383700107E-4,4.139913570587375E-5,S,1,1,2.691,1.0,2.691,1,3,Bootes,2.62,0.21,0
667,217.5505036,33.1201153,1.4042E-20,0.998147,1,370382,8.95430111111793E-15,8.357990471632403E-15,1.4975398966447538E-15,ILTJ143012.07+330712.0,217.55027816652466,33.12001529347259,4.938703003219199E-4,9.580984768465698E-5,3.734812656639356E-4,4.547053649937848E-5,S,1,1,1.2481,0.0,,,,Bootes,2.03,0.11,0
673,217.6835876,33.126579,4.8332E-22,0.992491,1,373054,1.0035010932269858E-14,5.622196013626327E-15,3.582889748207323E-15,ILTJ143044.01+330735.0,217.68337449028897,33.126409770359274,4.6933637293996303E-4,7.413415195225829E-5,4.6515090317876534E-4,4.235899936972806E-5,S,1,1,0.607,1.0,0.607,1,3,Bootes,1.21,0.25,0
677,218.3046292,33.1267963,4.9078E-176,0.913361,1,373122,3.392932977679072E-14,2.155146828799578E-14,1.1590583118961394E-14,ILTJ143313.10+330735.6,218.3045794443593,33.12657719671013,2.8589187147355936E-4,1.0749360579669293E-4,1.8678434716450434E-4,4.587805898490263E-5,M,1,1,1.8107,0.0,,,,Bootes,2.0,0.28,0
686,218.1831014,33.1298266,8.7664E-46,0.995855,1,374434,1.4951485371898477E-14,8.136896267372853E-15,5.661566108581003E-15,ILTJ143243.91+330746.6,218.1829533209739,33.12962714069914,4.292893470572271E-4,7.094349951886211E-5,4.7246159259129925E-4,4.299462586979039E-5,S,1,1,2.090542,1.0,2.090542,3,4,Bootes,3.01,-0.5,0
697,216.7088378,33.1319219,6.2077E-116,0.999178,1,375414,5.192578225392675E-14,3.208904765460497E-14,1.8870514241007345E-14,ILTJ142650.11+330754.5,216.70879256901088,33.13182169041816,0.0015124344469644078,9.25865325209034E-5,0.001394397250269082,5.0573167457038076E-5,M,1,1,0.849,1.0,0.849,1,3,Bootes,2.08,0.16,0
705,218.2767566,33.1384202,6.4554E-12,0.960706,1,378071,5.048209802787896E-15,2.9317670977718786E-15,1.455236708249537E-15,ILTJ143306.40+330817.5,218.2766652765998,33.13821611877584,0.0029606519322317,1.2378809503168462E-4,0.0027318796176161236,4.2797407128091436E-5,M,1,1,1.2286,0.0,,,,Bootes,1.06,1.92,1
708,216.7747072,33.1385482,3.8657E-14,0.990675,1,378088,1.1948460110689834E-14,4.922300227277094E-15,4.742958822980624E-15,ILTJ142705.78+330817.7,216.77407697973075,33.138262531736046,7.501661857756265E-4,1.0747595165508035E-4,6.072579729332018E-4,5.371413553829666E-5,S,1,2,4.714361,1.0,4.714361,3,4,Bootes,3.79,-0.33,0
711,218.0657749,33.1435093,3.7539E-73,0.99453,1,380242,3.944120241015789E-14,1.187102018651655E-14,1.9047872504846733E-14,ILTJ143215.76+330836.4,218.06565163500423,33.14345363415161,9.619009572013308E-4,7.68956849765244E-5,9.670463958765598E-4,4.451243570868665E-5,S,1,1,1.101,1.0,1.101,1,3,Bootes,2.32,-0.04,0
714,216.507302,33.1389052,2.2867E-137,0.998986,1,378299,3.695054218889745E-14,2.6881942352017578E-14,1.153937917051695E-14,ILTJ142601.69+330819.2,216.50704267637076,33.138682612542326,4.1165096804925686E-4,8.641200237725273E-5,4.372928434014586E-4,5.115257167952467E-5,S,1,1,0.627,1.0,0.627,1,3,Bootes,1.18,0.25,0
730,216.9450665,33.1533815,1.0126E-9,0.965086,1,384422,3.1589566211498087E-15,-6.965851484293748E-16,1.1723493407334554E-15,ILTJ142746.76+330910.9,216.94481497619805,33.15303857907637,7.544266782390738E-4,1.775313876788113E-4,5.47555544875286E-4,8.158387226682842E-5,S,1,1,0.8228,0.0,,,,Bootes,1.07,0.91,1
734,218.728678,33.1546635,2.6788E-7,0.760905,1,385098,1.8147139653875275E-15,2.625314872051689E-15,-1.3378323130839975E-16,ILTJ143454.84+330916.7,218.72852072014825,33.15465599317908,7.971466062521237E-4,8.717625678141897E-5,6.889359691458825E-4,4.557760253832969E-5,S,1,1,1.8684,0.0,,,,Bootes,1.92,0.84,0
735,218.3166298,33.1574353,6.4915E-11,0.41797,1,386202,6.109982279367004E-15,5.780585752014262E-15,1.0572884845413452E-15,ILTJ143315.86+330926.5,218.31608422415107,33.1573667525471,9.831507416027485E-4,9.13550175075163E-5,8.99866936549261E-4,4.073803207211313E-5,M,1,1,2.1544,0.0,,,,Bootes,2.16,0.81,0
752,217.9552041,33.1655877,4.7308E-7,0.937024,1,389816,3.562913112215838E-15,-7.097417879801034E-16,1.6593093642456337E-15,ILTJ143149.14+330956.7,217.9547669003795,33.16575845381256,0.0049046689420775965,1.366294254254558E-4,0.0047768083226594794,4.6041100576985625E-5,M,1,1,1.982,1.0,1.982,1,3,Bootes,1.78,1.84,1
757,216.4488777,33.1611025,8.81E-16,0.992566,1,387684,1.0743434318338104E-14,3.1770595617973356E-15,4.471747753967542E-15,ILTJ142547.72+330937.3,216.44885319024343,33.160374390293526,5.458266426762167E-4,1.331918992053691E-4,3.389579876250745E-4,5.434162547625904E-5,S,1,1,0.774,1.0,0.774,1,3,Bootes,1.64,0.09,0
758,218.1268352,33.167496,3.1626E-28,0.99431,1,390548,2.3568902824212526E-14,1.6639035572090558E-14,8.07391577809222E-15,ILTJ143230.49+331003.3,218.1270466128876,33.167604793507685,2.6048900179707543E-4,7.118205018941005E-5,2.835606781050749E-4,4.2979281445669826E-5,S,1,1,0.705,1.0,0.705,1,3,Bootes,1.07,0.29,0
767,216.7253115,33.1719878,1.7933E-64,0.99327,1,392401,3.80896502254865E-14,1.8317306643198834E-14,1.56627346570151E-14,ILTJ142653.98+331018.9,216.72492800020206,33.171943038398034,7.58721033640867E-4,8.706549815873497E-5,7.448430232799469E-4,4.961972784154191E-5,S,1,1,1.406,1.0,1.406,1,3,Bootes,1.93,0.53,0
772,217.3430647,33.1768425,3.6344E-242,0.98235,1,394364,5.356524760736657E-14,2.8334234095201273E-14,2.0998090584752507E-14,ILTJ142922.39+331036.2,217.34329649807415,33.17673098371304,1.9234510838339255E-4,6.185809828758928E-5,2.369579624981208E-4,4.026927971600843E-5,S,1,1,1.339,1.0,1.339,1,3,Bootes,1.57,0.27,0
779,217.6144229,33.1820912,3.6636E-8,0.153504,1,396638,3.9401607411685385E-15,-7.997652237968853E-16,1.0072241458761258E-15,ILTJ143027.45+331055.5,217.6143850842493,33.182101681571524,0.004161027769402542,8.459924842135262E-5,0.00392688847116442,4.696644405447761E-5,S,1,1,4.2515,0.0,,,,Bootes,2.6,1.61,1
784,218.6170244,33.1840755,7.3883E-26,0.948891,1,397227,5.2585389820595035E-15,2.9679512700704317E-15,2.0494411064595014E-15,ILTJ143428.01+331102.0,218.61672179072073,33.18388773307914,0.13659437296687937,1.6408161987154627E-4,0.138824613246307,7.954303692531539E-5,M,1,1,2.2477,0.0,,,,Bootes,2.06,3.11,1
786,217.3380507,33.1875149,1.8005E-72,0.998852,1,398585,2.3593213070889606E-14,3.312936024743492E-14,5.969518206311732E-16,ILTJ142921.03+331114.5,217.33763180286564,33.18737707217277,4.2827879975778044E-4,8.323610769056922E-5,3.7975317583158696E-4,4.403343353821025E-5,S,1,1,0.467,1.0,0.467,1,3,Bootes,0.74,0.45,0
790,217.0120776,33.1893443,5.2199E-7,0.987693,1,399371,4.757194973258938E-15,-8.226570923835963E-16,1.856115283121357E-15,ILTJ142802.84+331122.4,217.01183226950388,33.189565690065805,5.036241783751992E-4,1.0484928398562955E-4,3.6594472056452384E-4,4.823257121177412E-5,S,1,1,0.363,1.0,0.363,1,3,Bootes,0.79,0.22,0
797,218.5853198,33.1927803,1.0442E-5,0.980226,1,400512,1.2368989726135534E-15,-4.320192139925871E-16,-1.2528922094885344E-16,ILTJ143420.38+331133.7,218.58493334327716,33.1927017812873,6.336937067142168E-4,1.868874397949132E-4,3.505646277685267E-4,7.050098486727066E-5,S,1,1,1.806,0.0,,,,Bootes,2.17,0.44,0
798,216.5655978,33.1902283,1.888E-30,0.996991,1,399575,1.3752603387304284E-14,8.56243245335032E-15,4.898965206536321E-15,ILTJ142615.73+331124.3,216.56552386559434,33.190084675888386,4.713737407654661E-4,8.571598255222363E-5,4.7042143220561315E-4,4.93565860536945E-5,M,1,1,1.49,1.0,1.49,1,3,Bootes,1.81,0.51,0
812,216.9152664,33.2046991,0.0,0.959434,1,405373,1.4079860473186106E-13,1.4299055768898983E-13,2.89217368176602E-14,ILTJ142739.57+331216.5,216.91487545780964,33.20459830844373,8.040486896045096E-4,9.494262801072072E-5,7.240945501497631E-4,5.09263895423731E-5,S,1,1,0.25323,1.0,0.25323,3,4,Bootes,0.88,-0.02,0
821,218.8637054,33.2113545,1.8817E-28,0.996156,1,407950,2.6656616396675277E-14,6.6235626010011325E-15,9.488303213750524E-15,ILTJ143527.32+331240.0,218.86384628986076,33.21112577880541,0.002522096481957986,2.4758352216234337E-4,0.00260484301553654,1.0591666899563278E-4,M,1,1,1.676,1.0,1.676,1,3,Bootes,2.42,0.69,0
830,216.9308034,33.2171721,9.0899E-12,0.982018,1,410343,1.216640358801538E-14,-1.44879636758857E-15,5.189307101338466E-15,ILTJ142743.46+331300.6,216.9310922886307,33.216854357321246,0.02019483083248335,3.0955420815649136E-4,0.00850146453569114,4.835082128920476E-5,M,1,1,0.4876297,1.0,0.4876297,3,4,Bootes,0.41,2.53,1
836,217.7184784,33.2230778,1.3739E-18,0.990619,1,412859,1.805794404689188E-14,2.858371519229367E-14,-5.890993104117994E-16,ILTJ143051.98+331317.6,217.716574823985,33.22157779024432,0.6122056033430486,0.0015636769507720223,0.05189371142468707,8.923737949226052E-5,M,1,1,0.5103115,1.0,0.5103115,3,4,Bootes,0.21,4.27,1
841,217.9614625,33.2276668,8.892E-13,0.984229,1,414804,1.0581825325474749E-14,6.116482867701888E-15,3.2606124061427553E-15,ILTJ143150.77+331339.3,217.96154338407985,33.227601177735,3.0401281358846216E-4,8.160623623242497E-5,2.7472818126342535E-4,4.370548102194E-5,S,1,1,1.133,1.0,1.133,1,3,Bootes,1.28,0.62,0
844,217.9324748,33.2291614,1.2262E-7,0.856576,1,415509,7.007928687773182E-15,6.814826551428134E-15,8.536362026329105E-16,ILTJ143143.46+331343.0,217.93109694123436,33.22861306274008,4.0258765962869437E-4,8.974558362733441E-5,3.130175234621679E-4,4.354563186050203E-5,S,1,1,3.159,1.0,3.159,1,3,Bootes,2.2,0.74,0
850,217.2111882,33.2339324,2.1516E-19,0.974886,1,417535,1.1839646824429125E-14,9.121401299756412E-15,2.8838009181992553E-15,ILTJ142850.60+331401.1,217.21081521097122,33.23365457068311,5.249114205759279E-4,7.865510579168448E-5,5.044853476113369E-4,4.390014277679385E-5,S,1,1,1.4583,0.0,,,,Bootes,1.58,0.78,0
853,217.5504268,33.2447169,1.2771E-87,0.995561,1,422117,5.751981823841735E-14,6.6128786602945E-14,8.273202944034198E-15,ILTJ143012.13+331438.0,217.55053873982237,33.24389592741352,0.9387642514884776,0.0014052391912724735,0.4104300368284303,1.9456108147278427E-4,M,1,1,0.778,1.0,0.778,1,3,Bootes,1.04,3.98,1
861,218.0805684,33.2528601,2.72E-9,0.914153,1,425600,6.790295628529424E-15,-4.2054469274888647E-16,1.9630850516115918E-15,ILTJ143219.29+331510.3,218.08038383675554,33.252867104743956,4.004072437250872E-4,1.0301421814951482E-4,2.602007097271024E-4,4.392195069934425E-5,M,1,1,1.7783,0.0,,,,Bootes,1.93,0.48,0
863,216.1898361,33.2438838,1.7436E-49,0.983245,1,421909,6.939760902333704E-14,1.2402347128737342E-13,3.9798415100137105E-15,ILTJ142445.43+331437.7,216.18928072171795,33.243821936646604,7.333081761358442E-4,1.311289731892816E-4,5.732791275593735E-4,6.341223177311808E-5,S,1,1,0.3196,0.0,,,,Bootes,1.47,-0.48,0
865,218.0840572,33.2533641,6.4843E-45,0.998888,1,425796,3.779292041775457E-14,7.491486466458218E-15,1.4644103144427953E-14,ILTJ143220.16+331512.4,218.08401311601506,33.253468497249145,3.604771100615086E-4,7.903593013588038E-5,3.2161710995168546E-4,4.2023381073224355E-5,M,1,1,1.201476,1.0,1.201476,3,4,Bootes,1.79,0.2,0
873,217.4780534,33.2672765,5.3863E-10,0.987452,1,431667,1.535876190493737E-14,5.2224802935280285E-15,4.0597469792324055E-15,ILTJ142954.75+331601.5,217.4781315557342,33.26709454901679,4.7922511189934575E-4,1.1483338062848671E-4,3.67418650302934E-4,5.4998235009159706E-5,S,1,1,0.421,1.0,0.421,1,3,Bootes,0.1,1.1,1
875,218.4691692,33.2664339,1.3058E-15,0.4644,1,431118,1.0845839975399065E-14,4.02735517402785E-15,4.321196920022807E-15,ILTJ143352.59+331557.5,218.46913595151767,33.26598758599285,3.0923788799277547E-4,8.277690240862757E-5,2.690994946827577E-4,4.330904867804138E-5,S,1,1,2.1748,0.0,,,,Bootes,2.02,0.47,0
878,218.1002574,33.2706639,7.9476E-17,0.995075,1,433039,1.5671859238322908E-14,7.475033210919475E-15,4.0595137000218756E-15,ILTJ143223.98+331614.5,218.0999310132259,33.27071140947194,3.153984438284251E-4,8.002357339606982E-5,2.682545921135189E-4,4.133178581978395E-5,S,1,1,0.772,1.0,0.772,1,3,Bootes,1.23,0.3,0
879,218.6667893,33.2709213,3.8716E-127,0.997824,1,433073,3.248822005822161E-14,1.6166896249629025E-14,1.2773756425585075E-14,ILTJ143439.96+331614.6,218.66648347663238,33.270743852891414,8.239495477729249E-4,1.0876158618063742E-4,7.544076196699752E-4,4.4779719097277844E-5,M,1,1,1.398,1.0,1.398,1,3,Bootes,2.1,0.37,0
880,216.4025226,33.2673134,8.6688E-6,0.986404,1,431545,3.4735660969461073E-15,-5.3050860497014275E-15,5.160306091423981E-16,ILTJ142536.63+331600.6,216.40260504405356,33.26685501461368,0.0058130447551649166,2.1376220443218973E-4,0.002667182900492591,5.0106325281376485E-5,M,1,1,0.4723,0.0,,,,Bootes,-0.06,2.46,1
882,218.7023801,33.2756878,1.1101E-13,0.795737,1,435191,6.876612319650843E-15,3.1307663312266567E-15,2.2888770689059055E-15,ILTJ143448.64+331632.6,218.7026463438384,33.27574543031347,4.111054114624339E-4,1.1119198880916725E-4,2.651007812716776E-4,4.704416952315516E-5,S,1,1,1.4278,0.0,,,,Bootes,2.04,0.16,0
883,218.6521955,33.2771641,1.2006E-17,0.986055,1,435718,7.48069323086488E-15,6.228075255684795E-15,2.1239409254004583E-15,ILTJ143436.46+331636.6,218.65192809262973,33.276848222227315,3.4423862142384247E-4,6.310980103053491E-5,4.2385708745388087E-4,4.139426485801755E-5,S,1,1,0.633,1.0,0.633,1,3,Bootes,1.62,-0.29,0
885,218.8567855,33.2766174,1.332E-12,0.991133,1,435588,9.982776009690878E-15,1.7553375286054005E-15,2.681493414092886E-15,ILTJ143525.61+331635.7,218.8567124402581,33.2766040382366,2.547400520312218E-4,6.575016921464002E-5,3.0641089489268823E-4,4.25687951033779E-5,S,1,1,0.995,1.0,0.995,1,3,Bootes,1.08,0.62,0
900,217.2084404,33.2968083,8.5617E-47,0.997688,1,444393,2.2375697150085508E-14,6.839143084295681E-15,1.032125334892158E-14,ILTJ142850.08+331746.1,217.20864633818618,33.29616510425537,4.668985267697051E-4,1.222026454864469E-4,2.5405503246567684E-4,4.510429626548224E-5,S,1,1,1.073,1.0,1.073,1,3,Bootes,1.56,0.44,0
905,216.7401965,33.3036208,2.179E-25,0.986799,1,447450,2.158366010110313E-14,2.957356036691517E-14,-4.590380469010162E-16,ILTJ142657.66+331814.1,216.74023963051994,33.30391918098769,0.0013786895899544841,9.071613773053016E-5,0.001209375663047301,4.793055844752592E-5,S,1,1,0.9356,0.0,,,,Bootes,1.53,0.8,1
925,217.513124,33.327736,4.9283E-19,0.509157,1,457745,1.4256534766028207E-14,9.153622261570835E-15,4.132001205574259E-15,ILTJ143003.08+331938.4,217.51283159159476,33.32734392910705,4.1127607568316256E-4,1.0476411370756431E-4,3.039551980196344E-4,4.82254425930475E-5,S,1,1,1.9074,0.0,,,,Bootes,1.64,0.87,0
929,218.86842,33.3255152,5.6354E-89,0.99792,1,456794,7.790181369746006E-14,1.6835379030458815E-14,3.1724501142566654E-14,ILTJ143528.27+331934.6,218.86780510415724,33.326298156471296,0.032545886175276977,1.96954012020242E-4,0.022052343579826494,5.28973340333323E-5,M,1,1,1.29,1.0,1.29,1,3,Bootes,1.93,2.07,1
935,217.9335975,33.3359677,4.7108E-5,0.952921,1,461457,2.7057726266763544E-15,5.0164875597857785E-15,-3.952670938972923E-16,ILTJ143144.01+332011.1,217.93337984251377,33.336435556231514,0.0027824548400820575,7.299853256633585E-5,0.002675166525159017,4.103815909458429E-5,S,1,1,0.793,1.0,0.793,1,3,Bootes,0.68,1.86,1
942,216.8362889,33.3395424,5.4817E-12,0.993608,0,462625,9.453705514005511E-15,3.2024331492958786E-15,3.4645318354243677E-15,ILTJ142720.52+332020.6,216.83551094562313,33.33906681986608,0.0015076081145543809,1.8832335150644356E-4,8.414274469954979E-4,4.738773736183435E-5,Z,1,1,2.6015,0.0,,,,Bootes,2.99,0.28,1
943,216.6056158,33.3380454,2.4561E-7,0.677216,1,461939,3.6811311692465066E-15,5.059603057792742E-15,-2.78453526580411E-16,ILTJ142624.94+332007.1,216.60389686856092,33.33532785516398,0.062217562649956135,7.612891421431764E-4,0.008835150518048469,5.5827281343226784E-5,Z,1,1,1.7634,0.0,,,,Bootes,1.76,2.85,1
944,217.6710129,33.3445836,2.1162E-8,0.992428,1,464632,4.207386642243246E-15,4.219172471970442E-15,-2.8634031333674814E-16,ILTJ143040.89+332039.3,217.67036552278483,33.34426045953919,4.252883701445339E-4,1.0131633775131203E-4,2.9982832238860705E-4,4.533139344818877E-5,S,1,1,1.5691,0.0,,,,Bootes,2.02,0.29,0
947,216.9571992,33.3432439,2.9017E-10,0.956905,1,464092,5.22865195274827E-15,-8.601829749045612E-16,2.4083300914276235E-15,ILTJ142749.69+332034.4,216.95704564719526,33.34289128979002,4.211163305049191E-4,1.2910097920525477E-4,2.948384081094927E-4,5.826755432902899E-5,S,1,1,3.494,1.0,3.494,1,3,Bootes,1.98,1.09,1
950,217.6860119,33.3478548,4.8746E-24,0.696766,1,465828,1.1510978688451993E-14,6.6724022967400304E-15,4.003336727072186E-15,ILTJ143044.64+332050.7,217.68597972524506,33.347435423002366,3.016596201857761E-4,8.881239127372489E-5,2.4163087930991487E-4,4.2484413254639E-5,S,1,1,2.1309,0.0,,,,Bootes,2.22,0.22,0
960,218.3606693,33.3522408,1.5219E-8,0.981655,1,467639,4.8304662167892064E-15,7.92003667523191E-15,-1.2980197802132144E-16,ILTJ143326.46+332108.0,218.36026013203087,33.35222812777358,3.780041867372943E-4,6.593480698017445E-5,4.0366347852981865E-4,3.949468511771277E-5,M,1,1,0.973,0.0,,,,Bootes,1.8,-0.01,0
961,218.0862605,33.353459,3.6806E-62,0.948624,1,467994,2.3785086115432994E-14,1.0623032873163545E-14,1.0084184955835012E-14,ILTJ143220.65+332111.2,218.08604174627808,33.3531326871772,7.272697539044766E-4,7.339738904998411E-5,7.30692085279604E-4,4.248134450473148E-5,S,1,1,2.369,1.0,2.369,1,3,Bootes,1.0,2.02,1
970,216.8213039,33.3570384,6.9686E-9,0.98419,1,469525,6.057760844036453E-15,7.23802832953698E-15,-2.967851238413392E-16,ILTJ142717.00+332124.5,216.8208512649753,33.35682642634551,0.0018438328313104024,9.137153699709974E-5,0.001595421055797344,4.783309178831547E-5,S,1,1,0.557,1.0,0.557,1,3,Bootes,1.51,0.44,0
979,216.609966,33.3637429,4.8053E-16,0.99711,1,472110,5.9560231987769906E-15,7.335656089498167E-15,-3.209046011063322E-16,ILTJ142626.43+332148.8,216.6101209706184,33.3635670635259,0.0017205785687304995,9.621474979429223E-5,0.0016053280030673789,5.298922716091487E-5,M,1,1,0.407,1.0,0.407,1,3,Bootes,1.69,-0.11,0
985,217.3066736,33.3706468,6.9974E-32,0.996266,0,475014,1.0249634131553438E-14,8.99807455630239E-15,2.444549877259199E-15,ILTJ142913.67+332215.2,217.3069789071909,33.37090639106718,4.56151767507035E-4,1.1469248090749977E-4,2.6355720100554113E-4,4.38386707782175E-5,S,1,1,0.1363993,1.0,0.1363993,3,4,Bootes,-99.0,-99.0,-1
995,217.9306793,33.3760686,5.6349E-10,0.968037,1,477143,4.970891099969417E-15,8.317522691826723E-15,-2.8637102471693163E-16,ILTJ143143.28+332233.0,217.93033868544936,33.37585547165905,9.9489344725367E-4,1.214642199392484E-4,8.886553636966813E-4,4.055728069579345E-5,M,1,1,0.688,1.0,0.688,1,3,Bootes,-0.25,2.28,1
1004,216.440254,33.3750121,3.6182E-137,0.980598,1,476618,6.072066585163803E-14,3.753573977409588E-14,2.3417123638633545E-14,ILTJ142545.70+332229.3,216.4404266706918,33.37480604141211,5.999478419143658E-4,1.2052729347500624E-4,3.9492014001437124E-4,5.202811897257394E-5,S,1,1,1.23,1.0,1.23,1,3,Bootes,1.58,0.67,0
1006,216.8536269,33.3803935,3.4178E-40,0.883156,1,478950,1.660362622838384E-14,4.3868990314548825E-15,7.918175050740925E-15,ILTJ142724.95+332247.8,216.85397308213567,33.37996522439957,0.001757429997893234,2.8588163908638693E-4,2.8217024925841175E-4,3.988010131195645E-5,S,0,1,2.593848,1.0,2.593848,3,4,Bootes,1.94,1.47,1
1011,218.5654633,33.3835309,3.3321E-12,0.600874,1,480287,4.8620229811976584E-15,6.0017576953168234E-15,6.912342726026068E-16,ILTJ143415.77+332259.9,218.56569172242075,33.38331452347214,5.230641621220222E-4,7.578378159350029E-5,4.875075864827749E-4,4.171344262299184E-5,S,1,1,2.384,0.0,,,,Bootes,2.24,0.54,0
1014,216.7066128,33.383819,4.8156E-6,0.883175,0,480432,3.6428603006127975E-15,-9.265955444009916E-16,1.9109999965917853E-15,ILTJ142649.62+332300.5,216.7067427661975,33.38347737209996,0.0010791622577185462,1.8117870497051536E-4,4.074302451914532E-4,5.1628359008406934E-5,S,1,1,1.8124,0.0,,,,Bootes,2.62,0.19,0
1030,217.1628878,33.396042,2.0284E-10,0.995693,1,485488,6.1326016330015905E-15,5.862397338828562E-15,1.3641139185462539E-15,ILTJ142839.10+332344.7,217.1628962734715,33.395765399178934,0.0022537911241307233,8.586266615673832E-5,0.0019003394999483857,4.4139159258820946E-5,S,1,1,0.1542354,1.0,0.1542354,3,4,Bootes,1.1,-0.29,0
1031,218.3319322,33.3965399,5.4406E-12,0.990165,1,485643,5.601161418138937E-15,5.2725055242444E-15,9.347742808578557E-16,ILTJ143319.43+332347.9,218.33095273886423,33.396654360623145,3.809012180857549E-4,9.849694771513255E-5,2.595080194530034E-4,4.327678460263677E-5,S,1,1,1.0719,0.0,,,,Bootes,1.85,0.04,0
1038,218.0475937,33.3988365,7.2617E-50,0.862472,1,486767,1.4682830709099803E-14,4.3164587282974624E-15,6.563237156610223E-15,ILTJ143211.55+332355.0,218.04811639754257,33.39862571712531,4.539651925406524E-4,1.0046200407475268E-4,2.8130265229885223E-4,4.098141570680398E-5,S,1,1,1.7456,0.0,,,,Bootes,1.78,0.68,0
1041,218.2044072,33.4008807,2.2155E-6,0.915413,1,487391,2.699484273598068E-15,3.3842031188301223E-15,-2.945823776553184E-16,ILTJ143248.90+332402.1,218.20376944759857,33.400606286371726,5.576037547840627E-4,7.163624612975392E-5,5.32888253711342E-4,3.997839972890227E-5,S,1,1,0.9928,0.0,,,,Bootes,1.58,0.42,0
1045,218.1466004,33.4030974,3.8771E-7,0.962423,1,488426,3.2978267600445686E-15,4.508119847910201E-15,-1.3786741006615603E-16,ILTJ143235.17+332411.1,218.14655787567904,33.403090517344715,0.0014368333174451544,1.0736408197533873E-4,0.0012886081495764288,4.135058986139484E-5,M,1,1,1.7729,0.0,,,,Bootes,2.45,0.48,0
1050,217.3771942,33.4053312,2.7569E-288,0.999667,1,489373,7.375591619876766E-14,3.7033114722805046E-14,2.9549635049520605E-14,ILTJ142930.51+332418.4,217.3771046719067,33.40511759439301,3.4243153269214227E-4,8.610029884926939E-5,2.690288065284818E-4,4.209254904096272E-5,S,1,1,0.944,1.0,0.944,1,3,Bootes,1.59,0.15,0
1061,217.2686784,33.4098744,4.1158E-8,0.997648,1,491317,2.651597663634496E-15,2.203338398170915E-15,4.044660035603041E-16,ILTJ142904.54+332434.9,217.26890624449612,33.40971849392032,3.7883994297664616E-4,7.842736930564626E-5,3.726911007877311E-4,4.473640308417348E-5,S,1,1,0.838,1.0,0.838,1,3,Bootes,1.58,0.08,0
1062,218.10518,33.4104837,1.5698E-35,0.825922,1,491602,1.2635459224394893E-14,6.344639387866571E-15,4.730264703596683E-15,ILTJ143224.60+332435.6,218.10249306765218,33.40989410681906,0.00539342840072191,1.943526923344329E-4,0.0024351309956776967,4.182826115839604E-5,Z,1,1,1.4912,0.0,,,,Bootes,1.77,1.61,1
1072,217.696928,33.417709,2.7192E-11,0.989103,1,494552,5.1592054563129364E-15,8.078368021942358E-15,-9.577434094392179E-17,ILTJ143047.23+332502.7,217.6968064709522,33.41743358951064,7.641400676612723E-4,6.384540046771996E-5,8.280282246310507E-4,3.885710240270431E-5,S,1,1,1.0506,0.0,,,,Bootes,1.16,1.07,1
1081,217.9511867,33.4229156,1.4261E-5,0.963136,1,496482,1.9115631827193527E-15,1.9719032941692495E-15,-2.989208507036373E-16,ILTJ143148.15+332520.1,217.95064031065462,33.42227321980075,3.596005484621471E-4,8.030899741551265E-5,2.9262983542564737E-4,3.894666678658816E-5,S,1,1,0.98,1.0,0.98,1,3,Bootes,1.42,0.39,0
1093,218.4605014,33.4265914,6.1767E-28,0.487257,1,498118,6.640035294420266E-15,9.185027790210352E-15,5.511584118392487E-16,ILTJ143350.48+332534.4,218.4603337630332,33.42623943560567,2.1068768713344076E-4,6.636593072714173E-5,2.3130054660444512E-4,4.060792775659511E-5,S,1,1,1.43,0.0,,,,Bootes,1.53,0.42,0
1096,216.553944,33.4231606,5.008E-20,0.993284,1,496731,4.92448925165261E-15,8.226347055105646E-15,-1.4461471105823336E-17,ILTJ142612.89+332523.1,216.5536944083271,33.42308689441944,4.258146542631528E-4,1.0396830933017632E-4,3.1668219576240107E-4,4.820699409893312E-5,S,1,1,0.247,1.0,0.247,1,3,Bootes,-0.55,1.22,1
1099,218.245367,33.4304543,3.5522E-126,0.999164,1,499859,4.146713910734663E-14,1.866203330602201E-14,1.801567873406471E-14,ILTJ143258.86+332549.3,218.2452343443271,33.43036554659581,6.355032560827449E-4,1.0063725383550962E-4,5.18279713953169E-4,3.876323891017819E-5,M,1,1,0.9257,0.0,,,,Bootes,2.09,-0.15,0
1109,217.9311405,33.4367438,1.5006E-9,0.922289,1,502520,3.2529093142859144E-15,1.9330098182365644E-15,6.324823598872801E-16,ILTJ143143.42+332612.5,217.93089840589846,33.43681266492711,0.0016827728866545134,1.1224208087585228E-4,0.0014539434441009792,3.857863125449512E-5,M,1,1,1.123,1.0,1.123,1,3,Bootes,1.75,0.84,1
1118,218.7561261,33.4362426,4.0161E-94,0.998899,1,502285,5.951453150287577E-14,3.3813915633582413E-14,2.077655350211892E-14,ILTJ143501.42+332611.8,218.7559213282857,33.436618804572625,2.4136364829354794E-4,7.652528694796478E-5,2.4197647372252424E-4,4.4048216420186496E-5,S,1,1,0.76,1.0,0.76,1,3,Bootes,1.29,0.1,0
1120,217.3226318,33.4406835,6.4806E-25,0.97173,1,504043,8.300142534374549E-15,1.1354678172034395E-14,-2.7590394506691713E-16,ILTJ142917.41+332626.0,217.32253733558213,33.44056611584115,0.011053184742809538,7.109529018854416E-5,0.01096305281320428,4.082193067745452E-5,S,1,1,1.7807,0.0,,,,Bootes,1.7,2.17,1
1123,216.7725216,33.4385095,1.2193E-5,0.986743,1,503297,6.162816602716312E-15,6.920827686585862E-15,-4.178019352615212E-16,ILTJ142705.38+332619.0,216.77241135753493,33.43861067149852,0.002187054652398614,1.375690858738625E-4,0.0016362721293473785,4.618321103407652E-5,M,1,1,0.414,1.0,0.414,1,3,Bootes,1.78,-0.08,0
1124,216.989583,33.4417188,1.0712E-21,0.992328,1,504510,5.399693828857928E-15,1.8684916543076616E-15,1.9385321957827606E-15,ILTJ142757.49+332629.3,216.98953461256542,33.44149512884392,2.9078866622424097E-4,8.920025598698913E-5,2.4107186004341475E-4,4.502112597694106E-5,S,1,1,2.487,1.0,2.487,1,3,Bootes,2.66,-0.12,0
1128,218.5446358,33.4448676,9.2632E-161,0.992896,1,505858,2.313327936918514E-14,1.2703627048594869E-14,8.60768550480283E-15,ILTJ143410.74+332641.5,218.54474335345026,33.44488329967214,3.4595647187871375E-4,1.0256890600555813E-4,2.9110981749008496E-4,4.085356732684886E-5,M,1,1,2.2497,0.0,,,,Bootes,0.63,2.05,1
1136,216.5824689,33.4465732,7.5217E-14,0.996025,1,506624,4.611211221197575E-15,4.662629511071435E-15,7.014436244321329E-16,ILTJ142619.78+332647.7,216.58242754169083,33.446584160396405,5.724544770839855E-4,7.509176594011837E-5,6.025415308047627E-4,4.479393082443594E-5,S,1,1,0.9617,0.0,,,,Bootes,1.89,0.06,0
1155,216.8960192,33.4628086,2.9053E-13,0.987562,1,516231,4.346510881527366E-15,2.8564999664017808E-15,9.578426307378874E-16,ILTJ142735.01+332745.8,216.8958799439615,33.462747250226556,9.278295148082119E-4,8.401678401061472E-5,9.077653150298933E-4,4.773863385437824E-5,S,1,1,0.8303,0.0,,,,Bootes,1.42,0.63,0
1162,218.0873214,33.4679293,1.0158E-10,0.26403,1,520783,3.58573702661108E-15,1.55905961036014E-15,1.2867972993974688E-15,ILTJ143220.99+332805.4,218.08744805611377,33.46817712845233,3.981333606689068E-4,1.025729012540709E-4,4.1598410937741673E-4,6.060644378543627E-5,S,1,1,3.2831,0.0,,,,Bootes,3.04,-0.13,0
1173,218.6890333,33.4724774,0.0,0.999231,1,524480,6.449877403210031E-13,4.834182274756516E-13,2.112142184273571E-13,ILTJ143445.82+332818.1,218.69093195847606,33.47171351129672,0.034328836501565506,2.893992554468017E-4,0.012619629136966824,7.042323623318225E-5,M,1,1,0.1975613,1.0,0.1975613,3,4,Bootes,0.14,2.17,1
1176,219.5405963,33.4631413,1.5529E-15,0.967245,1,516277,1.0802262713318168E-14,1.741408795160211E-14,-1.270132265875999E-17,ILTJ143809.68+332747.0,219.54032236347155,33.46307705045047,6.562830062343753E-4,9.433744361039979E-5,5.443402749846864E-4,4.779373511008962E-5,S,1,1,1.7217,0.0,,,,Bootes,2.64,-0.1,0
1186,217.8775741,33.4784033,5.9565E-8,0.936797,1,530292,3.2975488784657814E-15,3.410678002925264E-15,-2.955261199050746E-16,ILTJ143130.53+332840.9,217.87720504769598,33.47804056553197,3.8175924809031046E-4,1.1176659765387007E-4,2.1492616392874492E-4,4.282307799810895E-5,S,1,1,1.3341,0.0,,,,Bootes,1.8,0.31,0
1188,218.3156845,33.4831206,3.3236E-139,0.99462,1,535072,4.291786163177387E-14,3.4019555643119283E-14,1.3116067152563757E-14,ILTJ143315.62+332858.8,218.31509472909815,33.48300489872063,0.029142592266896056,3.524495092275094E-4,0.006941486592416256,4.0957586868898944E-5,M,1,1,1.609,1.0,1.609,1,3,Bootes,2.09,2.07,1
1190,218.7595158,33.4768984,2.577E-8,0.998398,1,528875,5.5296751751014984E-15,-2.513985988791604E-15,1.5749517051059613E-15,ILTJ143502.25+332837.0,218.75938274257254,33.476962730934964,7.314508052955585E-4,7.785969125739136E-5,6.712451989716843E-4,4.238844890427024E-5,S,1,1,0.4106,0.0,,,,Bootes,1.12,0.15,0
1195,217.722828,33.484779,4.3019E-7,0.986731,0,536992,5.305339292104501E-15,3.401386869688314E-15,8.436242098825582E-16,ILTJ143053.47+332905.0,217.7228045107417,33.48474147537833,2.59689553338558E-4,7.217383299073694E-5,2.5697986048275645E-4,4.0351874486031365E-5,S,1,1,1.148,1.0,1.148,1,3,Bootes,2.1,-0.33,0
1201,218.524124,33.4845255,2.0452E-14,0.99729,1,536557,4.475394376728905E-15,7.491554361343164E-15,-2.1585621589230422E-16,ILTJ143405.71+332903.6,218.52378870559266,33.48434203098675,3.2481826053593196E-4,7.22788127950611E-5,3.1860159065688474E-4,4.113434720224358E-5,S,1,1,0.419,1.0,0.419,1,3,Bootes,0.32,0.68,0
1206,218.429346,33.491397,2.9554E-22,0.749417,1,543451,5.827870738365253E-15,7.533498248012699E-15,7.576131759739197E-16,ILTJ143343.03+332928.0,218.4293094638581,33.49111791801938,6.272439152903736E-4,8.662766015355276E-5,6.683873446184699E-4,4.106235641665989E-5,M,1,1,1.3451,0.0,,,,Bootes,1.58,0.78,0
1207,216.4385251,33.4871742,1.6516E-93,0.998337,1,539373,5.3045751543349147E-14,5.374056177415332E-14,1.1560935599291002E-14,ILTJ142545.25+332913.1,216.43852649546903,33.48698159322308,8.106035520967377E-4,9.004371565506416E-5,7.180019711978186E-4,4.7726663494177037E-5,S,1,1,0.829,1.0,0.829,1,3,Bootes,0.89,1.14,1
1215,216.9219495,33.4937666,6.2693E-26,0.997155,0,545862,1.3618632985648736E-14,-1.427820318403267E-15,7.025849428376588E-15,ILTJ142741.15+332937.2,216.92144736864398,33.493670722927405,6.128996295914407E-4,1.0464523584696384E-4,4.3507218783604516E-4,4.774701564527479E-5,S,1,1,1.716118,1.0,1.716118,3,4,Bootes,2.27,0.27,0
1218,219.3962332,33.4867557,9.4279E-41,0.991045,1,539127,6.819787095649826E-14,9.455180628768377E-14,9.632063688568356E-15,ILTJ143735.06+332912.8,219.39610330091315,33.48690533990405,3.684703989519945E-4,8.268080181963196E-5,3.575777076954148E-4,4.673930705291189E-5,S,1,1,0.244,1.0,0.244,1,3,Bootes,-0.23,0.8,1
1226,216.615263,33.4970858,4.9683E-7,0.995334,1,549183,3.5022341734949443E-15,3.903277779532721E-15,-2.739725675918109E-16,ILTJ142627.52+332950.3,216.61468067939492,33.49732430367877,4.1082544766782433E-4,9.311344356840296E-5,3.51090910920327E-4,4.832647481287203E-5,S,1,1,0.206,1.0,0.206,1,3,Bootes,0.24,0.18,0
1234,218.4750204,33.5049138,1.4502E-7,0.820054,0,556909,1.482263680268117E-15,1.0160789078817203E-15,2.960114900216218E-16,ILTJ143354.10+333016.4,218.4754166344236,33.50455434344286,0.0011932916119330517,7.771936175084382E-5,0.0010645595647797185,4.153251167421144E-5,S,1,1,0.425,1.0,0.425,1,3,Bootes,1.2,0.31,0
1235,218.4049078,33.5056933,2.2055E-14,0.996969,0,557837,4.199949298916309E-15,-4.391494624330842E-16,2.026161287740513E-15,ILTJ143337.08+333019.5,218.40450651032467,33.50542298403916,0.0020008480595902108,1.183578512311369E-4,0.0015332711092052172,4.042707032931503E-5,M,1,1,0.423,1.0,0.423,1,3,Bootes,-0.87,2.76,1
1236,219.110665,33.5004844,2.697E-21,0.997689,1,552520,1.6854164499684614E-14,6.862644721286976E-15,4.855525137498774E-15,ILTJ143626.50+333000.3,219.11040756553632,33.50010546428722,3.077298827234199E-4,8.50767979869195E-5,2.555228726168615E-4,4.2416638011864994E-5,S,1,1,1.816,1.0,1.816,1,3,Bootes,1.65,0.69,0
1240,219.3839703,33.4969319,7.1089E-8,0.940685,1,549854,1.6098355180622615E-14,-5.872825733066335E-15,7.0379989186186775E-15,ILTJ143732.11+332952.1,219.38380341765452,33.497811042189916,2.2771184811975153E-4,6.614347382657104E-5,2.670920216412538E-4,4.207032875201155E-5,S,1,1,0.331,1.0,0.331,1,3,Bootes,0.77,-0.2,0
1256,216.6847077,33.5147176,9.9646E-15,0.663075,1,566487,7.934634687644019E-15,5.564962156555515E-15,2.2917647981127023E-15,ILTJ142644.30+333050.8,216.68456826333647,33.51413177538369,5.743901870146488E-4,1.312544210790848E-4,4.622259389815114E-4,4.9690712741721654E-5,M,1,1,2.8843,0.0,,,,Bootes,2.89,0.07,0
1263,218.3745457,33.5216209,2.1674E-24,0.993095,1,572320,9.394531759331964E-15,6.194928235863129E-15,2.7155843862560273E-15,ILTJ143329.88+333117.4,218.37448801310993,33.52150913320061,3.8900547302447034E-4,7.68109938674932E-5,3.4574745889716043E-4,4.048742692630319E-5,S,1,1,1.2395,0.0,,,,Bootes,2.16,-0.14,0
1266,219.3710044,33.5139332,3.789E-17,0.932766,1,565941,2.44816973962718E-14,3.0749537730191726E-14,3.745709893936679E-15,ILTJ143728.96+333049.4,219.3706617501277,33.513736971758235,3.024600122602742E-4,8.519866575845106E-5,2.6875166223560534E-4,4.5415032126304944E-5,S,1,1,1.3776,0.0,,,,Bootes,1.45,0.62,0
1269,216.7399185,33.5217149,1.6675E-23,0.954521,1,572692,1.614014765508116E-14,1.9033869646361983E-14,1.9821739814249716E-15,ILTJ142657.48+333118.8,216.73947968921468,33.52190116877474,3.208072917187588E-4,1.008960177955198E-4,2.590345137811815E-4,5.023877855847365E-5,S,1,1,0.263,1.0,0.263,1,3,Bootes,-0.51,1.11,1
1270,218.8055537,33.5216237,3.2959E-199,0.921102,1,572553,1.4897161691842694E-13,7.383693963662296E-14,5.532919052618074E-14,ILTJ143513.30+333118.5,218.80541511578917,33.5218310883642,0.007177953554148032,7.012628832372495E-5,0.007316707784475583,4.100440434461994E-5,S,1,1,0.851,1.0,0.851,1,3,Bootes,0.81,2.21,1
1289,216.6400995,33.5368767,1.3352E-237,0.998595,1,582355,5.177428032651277E-14,2.91355858388812E-14,2.0551069756096522E-14,ILTJ142633.57+333212.3,216.63988405238192,33.536768969068405,0.027077216696831576,5.273006502536057E-4,0.012335643858348492,5.112795594347147E-5,Z,1,1,1.351,1.0,1.351,1,3,Bootes,1.93,2.04,1
1292,218.2780971,33.5442326,1.2983E-18,0.954023,1,587062,9.799732274136076E-15,6.34267179200162E-15,3.158630866900564E-15,ILTJ143306.78+333238.1,218.27826331811548,33.543920381565364,7.482660610861595E-4,1.2726466523100305E-4,3.793075390366386E-4,4.522382347686022E-5,S,1,1,2.014,1.0,2.014,1,3,Bootes,2.44,0.32,0
1295,218.1141936,33.5480825,1.7436E-17,0.948485,1,590210,3.9237634738863736E-15,4.450616729835587E-15,6.512274949141566E-16,ILTJ143227.24+333253.8,218.1135143904976,33.548282725345366,0.0013255657584042041,1.301413268388075E-4,7.971527228760662E-4,4.2489451658184403E-5,M,1,1,0.9997,0.0,,,,Bootes,1.33,1.07,1
1296,217.5450013,33.5487804,2.9817E-261,0.998689,1,590486,1.4860047974636866E-13,6.830188373709963E-14,6.938713270227705E-14,ILTJ143010.74+333254.7,217.544732816127,33.548552349435866,5.160263165975823E-4,8.220398041866484E-5,4.4017041643563395E-4,4.238881925658991E-5,S,1,1,0.912,1.0,0.912,1,3,Bootes,1.15,0.77,0
1299,217.2224685,33.5485811,8.7967E-10,0.974192,1,590336,1.3452361678301634E-14,6.4490827763355705E-15,4.440186409008523E-15,ILTJ142853.39+333254.1,217.22246259890184,33.54836291088123,9.554112397609389E-4,1.0554290602032967E-4,7.79859654884111E-4,5.304013624419357E-5,S,1,1,1.89,1.0,1.89,1,3,Bootes,2.19,0.64,0
1307,218.3398361,33.5550366,5.7204E-15,0.883602,1,594461,8.21559579336846E-15,-4.687921931062852E-16,3.151505769841889E-15,ILTJ143321.49+333316.6,218.3395357908561,33.55461920753193,3.6614846454816193E-4,6.598961303229354E-5,3.9953870815159E-4,4.028093179741271E-5,S,1,1,0.984,1.0,0.984,1,3,Bootes,1.52,0.29,0
1321,218.4820961,33.5593357,1.4681E-35,0.991361,1,597559,9.573837766674657E-15,3.7195648655350985E-15,3.91508768990028E-15,ILTJ143355.67+333333.2,218.48197879794446,33.55922261332175,5.87772353415363E-4,6.449532131828682E-5,6.265634913797296E-4,3.872745160503673E-5,S,1,1,0.8215,0.0,,,,Bootes,1.12,0.75,0
1327,218.9593229,33.5607778,2.0814E-10,0.980062,1,598486,1.7240436906318954E-14,1.5781698858875877E-14,2.733527075899093E-15,ILTJ143550.33+333338.0,218.95969997969806,33.56056727471331,3.256010757902727E-4,8.87436213348875E-5,2.8133739342493764E-4,4.560660384991676E-5,S,1,1,3.103659,1.0,3.103659,2,4,Bootes,2.74,0.05,0
1334,217.0875246,33.5698284,1.0258E-63,0.992887,1,604475,4.6139270092859454E-14,1.5759947300079786E-14,2.2977344455838606E-14,ILTJ142821.03+333410.8,217.08763329059497,33.569668245555086,9.047574588213597E-4,8.311419421110699E-5,7.641081778373014E-4,4.2703998939158505E-5,S,1,1,1.974,1.0,1.974,1,3,Bootes,1.88,0.99,1
1338,218.365529,33.5709742,1.6099E-20,0.97012,1,605171,9.32825240375324E-15,2.8874509267578715E-15,4.210444128927503E-15,ILTJ143326.55+333455.4,218.36060826742028,33.58206194949609,0.011019811675422516,4.973412519045369E-4,0.0011484156327689248,4.231070029709372E-5,Z,1,1,0.9959,0.0,,,,Bootes,0.77,2.6,1
1348,219.4311119,33.5643176,7.5915E-17,0.99068,1,600979,2.1937802187180026E-14,-3.181448455279741E-15,8.280398488877843E-15,ILTJ143743.43+333352.3,219.4309518904203,33.564547755864645,4.0981349255441146E-4,8.994819418073997E-5,3.6867484762221535E-4,4.820401417294823E-5,S,1,1,0.429,1.0,0.429,1,3,Bootes,1.24,-0.18,0
1351,218.3303602,33.5758019,3.5825E-21,0.989001,1,608309,1.248175699637401E-14,-4.815085711565456E-16,5.876795341973107E-15,ILTJ143319.16+333429.8,218.3298230406672,33.574943516475244,4.409700996165361E-4,9.815398961725002E-5,2.4071490158721675E-4,4.0738975829299305E-5,M,1,1,2.221611,1.0,2.221611,3,4,Bootes,2.17,0.48,0
1356,218.6306015,33.5800307,9.3132E-57,0.956068,1,611201,1.7275603103323423E-14,1.231007876847267E-14,5.452706865360854E-15,ILTJ143431.28+333447.1,218.63033593131297,33.57976393014305,4.4956709961751346E-4,9.08872453727341E-5,4.034764030790199E-4,3.9345818346191664E-5,M,1,1,1.6046,0.0,,,,Bootes,1.56,0.83,0
1370,217.4684095,33.5901297,4.9885E-42,0.988811,1,617703,2.131928665639573E-14,9.554107999653439E-15,8.997995241111178E-15,ILTJ142952.46+333522.7,217.46859602222338,33.58965433807638,0.0019397407858537184,7.415582909083708E-5,0.0018218905247894177,4.104688463232806E-5,S,1,1,1.82991,1.0,1.82991,3,4,Bootes,2.25,0.85,0
1371,217.4922114,33.5907179,4.1208E-17,0.991508,1,618341,1.1450401125451207E-14,-8.330577917501985E-16,5.816269416511239E-15,ILTJ142958.23+333525.6,217.49262276554308,33.59044385458521,1.643113423394602E-4,5.2273782103800606E-5,2.2088544432550804E-4,3.6254495103447364E-5,S,1,1,0.895,1.0,0.895,1,3,Bootes,1.61,-0.24,0
1372,218.0708435,33.590902,1.2326E-13,0.995649,0,618356,6.033622760301825E-15,4.263400539685071E-15,1.818031714891958E-15,ILTJ143216.96+333527.6,218.07066964733033,33.590998654883464,0.007139785229973927,3.730104367156436E-4,0.0022469795038812454,3.958849831906264E-5,M,1,2,0.08473897,1.0,0.08473897,3,4,Bootes,-1.71,2.7,1
1375,216.6550128,33.5903048,6.618E-177,0.997869,1,617929,3.9136322403533116E-14,2.4179281763629136E-14,1.3495929885813444E-14,ILTJ142637.15+333524.9,216.65479028872056,33.59026088226169,6.311155510852106E-4,9.929542008837505E-5,5.033777486185829E-4,4.8924654972168164E-5,S,1,1,0.322,1.0,0.322,1,3,Bootes,1.0,-0.02,0
1376,218.8697212,33.5896013,3.0138E-7,0.523284,1,617569,8.381208113989374E-15,-5.4376278415531555E-15,2.963570557683148E-15,ILTJ143528.74+333521.6,218.8697550693635,33.58935803556268,3.467211372505035E-4,1.1047324543782993E-4,2.167834611993069E-4,4.60105002579136E-5,S,1,1,2.2064,0.0,,,,Bootes,1.96,0.59,0
1393,216.6946317,33.5998222,8.6282E-8,0.994388,1,624155,2.7882082694999102E-15,2.9684969605558813E-15,-1.691364758349768E-16,ILTJ142646.74+333559.9,216.69475487571307,33.59999095407625,4.05547321251805E-4,8.934945066798907E-5,3.643407234745092E-4,4.7929417733579E-5,S,1,1,0.832,1.0,0.832,1,3,Bootes,1.56,0.12,0
1397,217.9974808,33.6065617,3.0424E-8,0.983857,1,628481,4.281858707894482E-15,-4.251467530421155E-16,1.4515849721026236E-15,ILTJ143159.33+333622.4,217.99718934659754,33.60623410999636,2.312388882839319E-4,5.7804811562543626E-5,2.7743314902956023E-4,3.748536716394573E-5,S,1,1,1.029,0.0,,,,Bootes,1.35,0.33,0
1401,216.212991,33.5991213,3.5857E-39,0.986274,1,623661,6.462533191052398E-14,1.1479040908696855E-14,2.6602468832470236E-14,ILTJ142451.22+333556.9,216.2134087900136,33.59916468754515,5.144525883774538E-4,1.104281786845285E-4,4.0293396047382104E-4,5.332321335071611E-5,S,1,1,1.3305,0.0,,,,Bootes,1.8,0.45,0
1403,218.1455733,33.6104406,3.0296E-41,0.992685,1,631142,9.312517958485272E-15,1.470757124288911E-14,2.0708195235975865E-16,ILTJ143234.94+333637.5,218.14559733750357,33.61043821329003,8.385023680209703E-4,9.766315253346583E-5,7.663948768540326E-4,5.300916451612712E-5,S,1,2,0.6728,0.0,,,,Bootes,1.18,0.64,0
1408,218.2108216,33.6111399,1.4396E-5,0.959494,1,631593,2.307871710179403E-15,2.9388855398991567E-15,-1.3728043153127184E-16,ILTJ143250.70+333640.2,218.21126107904794,33.61117738478607,3.899797191845362E-4,7.826609089625351E-5,4.1401346676532395E-4,3.803114583570277E-5,M,1,1,1.0474,0.0,,,,Bootes,1.76,0.12,0
1411,216.5030927,33.6063011,5.1888E-62,0.761009,1,628366,2.0053624119411574E-14,8.45876647100113E-15,7.89805272414588E-15,ILTJ142600.65+333621.7,216.50272783441167,33.60603642139339,2.3204228076982743E-4,6.968949763653977E-5,2.789209569004351E-4,4.452779942097791E-5,S,1,1,1.8198,0.0,,,,Bootes,1.82,0.39,0
1412,217.1606495,33.6122479,8.5658E-9,0.834416,1,632236,5.1828973456941735E-15,-9.620827360703572E-16,1.5457162756365239E-15,ILTJ142838.39+333643.2,217.15994759737805,33.61200543889937,5.45035999360702E-4,8.818119313895377E-5,4.298083748774699E-4,4.3312621435452415E-5,S,1,1,2.0057,0.0,,,,Bootes,2.55,0.06,0
1416,217.2265064,33.6145077,3.9196E-30,0.982472,1,633723,1.2470480141319507E-14,7.130961561554906E-15,4.384760534756572E-15,ILTJ142854.30+333651.6,217.22627005085687,33.614337936394634,7.29911333598764E-4,7.171217056077314E-5,7.142785590701591E-4,4.05786643724492E-5,S,1,1,1.753,1.0,1.753,1,3,Bootes,1.86,0.8,0
1420,217.8203925,33.6179915,2.2267E-9,0.989643,1,635941,6.082434644093308E-15,3.777844387292659E-15,1.338836765348806E-15,ILTJ143116.87+333702.6,217.82028765858772,33.61739140383951,3.75555192691045E-4,1.0681880205960048E-4,2.1315756472278327E-4,4.024346336592716E-5,S,1,1,1.011,0.0,,,,Bootes,1.57,0.27,0
1428,218.4978378,33.6231852,9.3505E-43,0.986185,1,639396,1.2403882691366024E-14,9.612375117803855E-15,3.8933757285490814E-15,ILTJ143359.35+333723.6,218.49727242303112,33.62323077894828,3.7895358671069366E-4,7.873086783715702E-5,3.1290889889089426E-4,3.988435732975908E-5,S,1,1,0.8605,0.0,,,,Bootes,0.8,0.95,1
1431,218.4262752,33.6278999,2.0761E-11,0.813924,1,642298,6.279654544765605E-15,5.92728254873031E-15,7.482884693812165E-16,ILTJ143342.19+333739.9,218.42580123904278,33.6277670235834,4.182628842087559E-4,1.2238157361456914E-4,2.0081965558145054E-4,4.119875002842237E-5,S,1,1,0.9708,0.0,,,,Bootes,1.26,0.62,0
1438,217.8280995,33.6356182,1.3344E-5,0.984951,1,647394,3.5087860944352607E-15,3.648106925603758E-15,-3.604606179361464E-16,ILTJ143118.62+333807.2,217.82760224568966,33.635333842375275,0.0010339173280264466,6.865750966057487E-5,0.001018500214109588,3.919453691772255E-5,S,1,1,0.441,1.0,0.441,1,3,Bootes,1.36,0.11,0
1440,218.5256938,33.6344442,1.4754E-7,0.995207,1,646677,2.590042927229026E-15,-9.206879514013325E-16,1.2973868163670298E-15,ILTJ143406.11+333804.4,218.5254595118186,33.634570241340306,5.361895543594847E-4,6.928761484295493E-5,5.16030427411077E-4,3.896372995141328E-5,S,1,1,0.5760234,1.0,0.5760234,3,4,Bootes,-99.0,-99.0,-1
1447,216.2896584,33.6337307,2.7828E-24,0.973344,1,646193,2.16427788829342E-14,1.6700094818276045E-14,4.9300680880288705E-15,ILTJ142509.40+333800.8,216.28915266617318,33.63357487823939,6.000004162688686E-4,1.4141853049536422E-4,2.7477117052474606E-4,4.942685135756619E-5,M,1,1,1.78,1.0,1.78,1,3,Bootes,1.62,1.0,1
1453,216.9351848,33.6413306,0.0,0.999629,1,651309,1.5186103628803065E-13,7.665877494165455E-14,6.114698306120621E-14,ILTJ142744.45+333827.8,216.93522140768505,33.64108117910823,0.022156030547806835,2.0913792109717355E-4,0.020354508021327496,6.337093878391897E-5,M,1,1,1.241259,1.0,1.241259,3,4,Bootes,1.87,1.93,1
1457,217.8440809,33.6472874,1.4485E-87,0.99934,1,655337,3.346341611210109E-14,1.8100630329807737E-14,1.2325367161144745E-14,ILTJ143122.55+333849.2,217.8439396696121,33.64700507440568,1.9386700027601605E-4,4.931597118920525E-5,2.667463103078119E-4,3.483192125086343E-5,S,1,1,0.914,1.0,0.914,1,3,Bootes,1.81,-0.37,0
1458,216.4820759,33.6412159,4.6694E-21,0.994805,1,651406,1.1647382061566795E-14,1.1629474818818133E-14,2.8175622746038612E-15,ILTJ142555.71+333829.1,216.48212730159645,33.64143890904717,0.0015803203478481143,1.0472689136902582E-4,0.0013186912278546745,5.34714003094519E-5,M,1,1,0.21,1.0,0.21,1,3,Bootes,1.01,-0.05,0
1461,217.710103,33.6492037,4.8003E-14,0.976084,1,656576,9.02491278301348E-15,5.920756480309136E-15,2.393179761695537E-15,ILTJ143050.36+333856.5,217.7098193744818,33.64905196402486,7.774161582453905E-4,6.130418057437951E-5,8.681645851846056E-4,3.7892545990336705E-5,S,1,1,2.67,1.0,2.67,1,3,Bootes,2.8,0.23,0
1464,217.5318096,33.6499368,4.0102E-10,0.995813,1,657018,3.545815409044462E-15,1.7186958218376807E-15,1.1534863227137645E-15,ILTJ143007.59+333858.7,217.5316070460454,33.64964466075242,0.0010749124675458657,6.711156598382924E-5,0.0011243091748304335,3.9887415797259395E-5,S,1,1,0.9037,0.0,,,,Bootes,0.9,1.34,1
1470,217.5387617,33.6539817,1.1636E-34,0.997083,1,659823,1.0175996592516205E-14,9.144786914838452E-15,2.0118208402300554E-15,ILTJ143009.21+333913.7,217.53838643852416,33.65383086833154,3.444165231807632E-4,7.19122699846301E-5,3.354263820353805E-4,4.0686422718482E-5,S,1,1,1.0308,0.0,,,,Bootes,1.37,0.47,0
1472,217.3048869,33.6540662,1.596E-148,0.997792,1,659932,4.9564019328182464E-14,3.398382834965258E-14,1.6960601665006083E-14,ILTJ142913.09+333914.0,217.30455399993446,33.653913320761156,3.159772529933355E-4,6.328598190070396E-5,3.4970458182509727E-4,3.8777279492121814E-5,S,1,2,4.5111,0.0,,,,Bootes,2.29,0.88,0
1475,217.9159999,33.6558544,4.2104E-23,0.946054,1,661085,1.0721498777383199E-14,3.273242743929556E-15,4.447533186517666E-15,ILTJ143139.75+333920.5,217.91563331096222,33.65572057733431,2.4290519295899608E-4,6.611444325841989E-5,2.553656331890279E-4,3.922655872467559E-5,S,1,1,2.5984,0.0,,,,Bootes,-99.0,-99.0,-1
1483,218.5414234,33.6564866,4.3959E-60,0.994917,1,661361,1.677399632124534E-14,5.421642992260305E-15,7.425707782699556E-15,ILTJ143409.92+333923.1,218.54135140172966,33.656432715223204,2.6707228532673065E-4,5.953222943877299E-5,3.1188946367048263E-4,3.931782438303344E-5,M,1,2,3.374143,1.0,3.374143,2,4,Bootes,2.22,0.6,0
1488,219.328464,33.6495756,1.2351E-29,0.997469,1,656788,2.3732424443094896E-14,4.562672713650765E-14,5.137933491671373E-16,ILTJ143718.79+333857.9,219.32830273472564,33.64942183941644,0.001629478930447122,7.892414231999947E-5,0.00153521510280313,4.377917186371716E-5,S,1,1,0.192,1.0,0.192,1,3,Bootes,0.75,0.16,0
1489,218.2346323,33.6593167,1.1064E-4,0.980053,1,663317,2.9006520345990866E-15,-1.2404093438836966E-15,2.417942419113131E-15,ILTJ143256.28+333933.9,218.23451760859933,33.65943851842066,0.0010680865565311833,6.597129385570951E-5,0.0011082589588317885,3.900809944297272E-5,S,1,1,4.5724,0.0,,,,Bootes,2.67,1.01,0
1496,219.2137888,33.6530508,2.4311E-8,0.982269,1,659062,1.228626238817194E-14,-6.271704981552907E-15,3.343099513076568E-15,ILTJ143651.29+333909.9,219.2136888067323,33.65277156570035,0.003152328600469359,1.2547318841275588E-4,0.002452815711835601,4.506232640006774E-5,Z,1,1,2.648,1.0,2.648,1,3,Bootes,1.83,1.87,1
1503,216.546211,33.6592615,0.0,0.999439,1,663208,8.522436162234493E-14,8.720810186156413E-14,1.9664986667710528E-14,ILTJ142610.85+333937.4,216.54522233696352,33.660414853429906,0.16646527508114428,9.469343210997716E-4,0.05789167474538847,1.130237731122179E-4,M,1,1,1.1158,0.0,,,,Bootes,1.4,3.21,1
1506,218.2904619,33.6650412,1.7796E-14,0.945549,0,667133,1.1683973289137374E-14,1.495044800685005E-14,-3.989260278444325E-16,ILTJ143309.71+333955.1,218.29044054281673,33.66533144606323,2.7036737132900556E-4,7.225887807978401E-5,2.5956139506587027E-4,4.029823068041091E-5,M,1,1,1.1824,0.0,,,,Bootes,1.41,0.46,0
1524,219.0011999,33.6694932,2.5221E-5,0.904914,1,669729,6.102256586054696E-15,-9.565873704443098E-16,2.456291919160306E-15,ILTJ143600.47+334008.9,219.00195033638417,33.66914887529742,2.921162249133639E-4,6.472611336934264E-5,3.3406840905830137E-4,4.073038700159672E-5,S,1,1,1.7242,0.0,,,,Bootes,2.15,0.08,0
1532,216.9516656,33.6772728,1.5806E-26,0.994876,1,674927,9.692319546574217E-15,3.1219496953838726E-15,3.971406174152765E-15,ILTJ142748.40+334037.7,216.95168044936315,33.677143719449035,2.810116366460102E-4,8.439234739221711E-5,2.519653858545412E-4,4.462996490553827E-5,S,1,1,2.5,1.0,2.5,1,3,Bootes,2.54,0.0,0
1536,216.1920317,33.6703441,1.2392E-9,0.966466,1,670507,1.5036784866692528E-14,-5.279929463502633E-15,6.345422236466263E-15,ILTJ142446.25+334013.0,216.19271846455987,33.67029501800204,4.889299507142563E-4,1.3140686190791126E-4,3.8463372470676877E-4,4.8132460251508745E-5,M,1,1,3.4473,0.0,,,,Bootes,2.54,0.54,0
1537,217.6239942,33.6803372,1.1294E-12,0.868597,1,677405,5.3610628825365884E-15,5.558600585658849E-15,7.324707561242107E-16,ILTJ143029.73+334048.9,217.6238702935535,33.680259530175135,4.268537079141199E-4,8.301973776975639E-5,3.806467913741555E-4,4.4333585490144706E-5,S,1,1,0.427,1.0,0.427,1,3,Bootes,0.94,0.15,0
1538,217.7643769,33.6819136,8.4462E-11,0.977915,1,677983,5.127104742824992E-15,1.4058446003733489E-15,1.6458761515672334E-15,ILTJ143103.41+334054.4,217.76421443944395,33.68179557557493,2.3477848971193633E-4,7.527563960418052E-5,2.0302099321182067E-4,3.927307603229369E-5,S,1,1,1.0025,0.0,,,,Bootes,1.24,0.43,0
1539,217.1190475,33.680813,3.4177E-57,0.998629,1,677332,2.2894507310662642E-14,1.0607640633178012E-14,8.893267000751482E-15,ILTJ142828.50+334050.2,217.11874061325878,33.68062898864773,4.452927900586899E-4,9.266863354842435E-5,3.1383019378649604E-4,4.126581729029652E-5,S,1,1,0.354,1.0,0.354,1,3,Bootes,1.08,-0.17,0
1542,216.9936996,33.6810156,1.3844E-14,0.994958,1,677576,6.435870079660131E-15,3.743401851262187E-15,1.7174158916221928E-15,ILTJ142758.42+334051.6,216.9934281508232,33.681022182339625,4.203393166008009E-4,7.594407059872351E-5,3.9604516214894665E-4,4.203524533107285E-5,S,1,1,0.9503,0.0,,,,Bootes,1.67,0.16,0
1545,217.1420413,33.682345,1.5053E-19,0.994356,1,678396,7.602057773785995E-15,2.4283325933538777E-15,3.014408863791399E-15,ILTJ142834.08+334056.8,217.141998606443,33.68246944249133,4.0372850466256283E-4,8.554821237750133E-5,3.217781021442431E-4,4.2143361515495226E-5,S,1,1,1.8065,0.0,,,,Bootes,2.25,0.15,0
1547,217.9771138,33.6843479,4.2712E-15,0.987892,1,679628,9.749580173442249E-15,5.890898831572403E-15,2.9233363334875964E-15,ILTJ143154.40+334103.2,217.9766472169323,33.68422636597877,2.891773235575314E-4,9.321897949016262E-5,1.896554773325549E-4,4.015025998337092E-5,S,1,1,0.678,1.0,0.678,1,3,Bootes,0.77,0.63,0
1552,216.6063106,33.6811136,4.3284E-29,0.998297,1,677529,5.8618336983560874E-15,8.243857384505484E-15,3.7354590557588673E-16,ILTJ142625.54+334052.1,216.60641412511944,33.68114623875656,0.0010084438379003358,9.14439194256776E-5,9.422676286618877E-4,5.04407721568012E-5,S,1,1,1.1104,0.0,,,,Bootes,1.61,0.76,0
1569,217.7691566,33.6908451,4.9874E-34,0.995358,1,683964,1.243820530289902E-14,5.031896926171632E-15,4.831873916258131E-15,ILTJ143104.60+334126.2,217.76914736590967,33.69063557498141,8.921498699481504E-4,9.768386620869259E-5,4.8201007248997886E-4,3.852467501881388E-5,Z,1,1,2.391,1.0,2.391,1,3,Bootes,2.3,0.72,0
1578,218.5431516,33.6941796,1.2894E-10,0.661826,1,686078,5.113987305713002E-15,-1.8905623054869683E-15,2.3651565775842004E-15,ILTJ143410.24+334138.9,218.54264606058214,33.694150828353855,2.6870872330106367E-4,7.100317751467131E-5,2.9057451093962317E-4,4.28544385165303E-5,S,1,1,1.8989,0.0,,,,Bootes,1.49,0.85,0
1582,217.1341479,33.6981319,3.3075E-12,0.988968,1,688945,5.10627853181504E-15,5.150886162253606E-15,4.0674726707294887E-16,ILTJ142832.10+334153.1,217.13375777156165,33.698092100682835,3.0921971360567825E-4,7.634249154192035E-5,2.79692413285825E-4,4.1103056188396955E-5,S,1,1,0.8965,0.0,,,,Bootes,-0.18,1.96,1
1588,217.6318691,33.7021877,1.3825E-5,0.956633,1,691705,3.6073066371385645E-15,5.2149932317361876E-15,-5.751516390229152E-17,ILTJ143031.56+334208.4,217.6315137072531,33.70234176974989,2.516315137999486E-4,6.879051879068712E-5,2.723463516815531E-4,4.1811508615558094E-5,S,1,1,0.9719,0.0,,,,Bootes,1.23,0.43,0
1595,216.5944774,33.7007635,0.0,0.998912,1,690489,6.12700852663941E-14,2.9537544347074224E-14,2.3481163748271336E-14,ILTJ142622.65+334202.2,216.5943634473763,33.70063098445174,4.43756483774917E-4,8.514948856821467E-5,4.309576779388598E-4,4.8161047897983053E-5,S,1,1,1.351093,1.0,1.351093,3,4,Bootes,1.92,0.26,0
1602,217.5509217,33.7090794,5.0005E-313,0.999122,1,696237,6.403622581803841E-14,3.153759060545664E-14,2.612731502150227E-14,ILTJ143012.23+334231.9,217.55095805795733,33.70887908574551,1.8769051290174933E-4,5.100038153914516E-5,2.535122433630101E-4,3.57233278861489E-5,S,1,1,0.865,1.0,0.865,1,3,Bootes,1.26,0.16,0
1607,216.4945146,33.7060584,3.8556E-55,0.998396,1,694218,2.025199134373264E-14,1.915054031361803E-14,4.993186977878951E-15,ILTJ142558.63+334221.6,216.49428544763825,33.70600751418351,3.149778072226095E-4,1.0274276937307098E-4,2.650714724057259E-4,5.2665729712463257E-5,S,1,1,0.656,1.0,0.656,1,3,Bootes,1.45,-0.11,0
1608,217.2399474,33.7121563,4.9192E-21,0.991072,1,698261,4.76037799432089E-15,8.285982687407518E-16,1.9376263877097346E-15,ILTJ142857.59+334243.1,217.2399763284341,33.711986496115486,4.47339772337209E-4,6.525624288290609E-5,4.8377366595107966E-4,3.966279241296938E-5,S,1,1,2.097,1.0,2.097,1,3,Bootes,2.18,0.43,0
1609,218.9216814,33.7077575,2.7201E-14,0.997028,1,695459,7.917751848493443E-15,7.32985507718883E-15,1.1233078806286163E-15,ILTJ143541.19+334227.9,218.92160507936998,33.70776163510769,0.003027554255815675,1.0338963718737583E-4,0.0030363151882301484,4.109622229952947E-5,M,1,1,1.387,1.0,1.387,1,3,Bootes,2.41,0.6,0
1611,217.358438,33.7139568,6.9716E-12,0.973509,1,699456,6.7477706102353364E-15,9.047768874479656E-15,-2.335426029144121E-16,ILTJ142925.86+334248.9,217.35776135650195,33.71360224411516,3.9446065917204265E-4,6.832752850404577E-5,3.8295856306618995E-4,3.8644983910444795E-5,S,1,1,0.8798,0.0,,,,Bootes,0.93,0.85,1
1619,216.6765611,33.7133733,7.27E-9,0.656568,1,699022,2.833964494410141E-15,2.6161676419478405E-15,3.5651275130524994E-16,ILTJ142642.26+334247.4,216.6760998598042,33.7131748781846,2.0066457024259262E-4,6.648986888994706E-5,2.3906490886120877E-4,4.046347425553649E-5,S,1,1,1.6165,0.0,,,,Bootes,1.98,0.04,0
1620,216.6239252,33.7128553,4.4434E-8,0.984818,1,698755,2.3766102215317562E-15,3.09537242247108E-15,-1.6964015419552155E-16,ILTJ142629.70+334245.9,216.62374287776927,33.71277031562627,5.819833564652056E-4,9.696605586696618E-5,4.771479850227749E-4,4.840913966027023E-5,S,1,1,1.4346,0.0,,,,Bootes,1.76,0.62,0
1622,219.0209238,33.7117966,2.9751E-41,0.995255,1,698091,3.04067484009747E-14,1.982278311493807E-14,1.028918865539798E-14,ILTJ143604.97+334242.2,219.02069050217753,33.711740656461764,2.598634124827657E-4,8.596436281791278E-5,2.6124009777765217E-4,4.8224579209711536E-5,S,1,1,1.991427,1.0,1.991427,3,4,Bootes,2.3,0.01,0
1636,217.8572881,33.7273812,1.4632E-14,0.992685,1,708244,5.842323927796065E-15,-8.963823012229833E-16,2.8833398162734598E-15,ILTJ143125.65+334338.1,217.8568857093566,33.72726324343095,2.029562298011512E-4,6.491560785240744E-5,2.0226064731463996E-4,3.6667777046631487E-5,S,1,1,4.3379,0.0,,,,Bootes,2.69,0.21,0
1643,219.3480973,33.7190742,4.2303E-131,0.856974,0,702767,1.0563508143363114E-13,8.62725490163884E-14,2.9497688512970025E-14,ILTJ143723.53+334307.6,219.34803442353848,33.718782987877695,3.388949629634501E-4,7.822983283258622E-5,3.448400504161988E-4,4.542320626867334E-5,S,1,1,2.8577,0.0,,,,Bootes,2.62,0.12,0
1661,216.7125288,33.7314105,5.867E-9,0.971013,1,710621,4.969272096027418E-15,2.217384190102371E-15,1.442857547535016E-15,ILTJ142651.00+334353.1,216.71249771532493,33.73142922095428,3.113186188068585E-4,6.868674152731644E-5,3.29167665447016E-4,4.105978045237604E-5,S,1,1,0.156,1.0,0.156,1,3,Bootes,-0.37,0.46,0
1664,217.7029048,33.7361742,1.8649E-55,0.99788,1,714101,2.8348792404171885E-14,1.508660334037466E-14,1.0512272169909258E-14,ILTJ143048.69+334410.2,217.70287563351462,33.73618412333256,4.931211133701791E-4,9.606431738751146E-5,3.808648106919727E-4,4.578616537083012E-5,S,1,1,0.716,1.0,0.716,1,3,Bootes,1.17,0.48,0
1666,217.8370226,33.7372662,1.3965E-89,0.998882,1,714748,2.7174648300001804E-14,1.255586573364216E-14,1.1093289090116615E-14,ILTJ143120.88+334413.6,217.8369866231483,33.73712405444267,5.1223448184855E-4,6.978739913733564E-5,4.776151924073109E-4,3.843507737437443E-5,M,1,1,1.453,1.0,1.453,1,3,Bootes,1.99,0.33,0
1675,218.9020689,33.7382647,4.3543E-14,0.962234,1,715621,5.208267193476727E-15,-8.648117653411475E-16,2.5377961654488065E-15,ILTJ143536.45+334419.0,218.90185875134412,33.738614871563925,2.889149959922877E-4,7.623397692905675E-5,2.576576499148179E-4,4.0511278485433504E-5,S,1,1,2.01,1.0,2.01,1,3,Bootes,1.59,0.83,0
1677,217.2215199,33.7428784,4.0456E-7,0.995384,1,718540,2.5910867570093576E-15,3.2502652635529813E-15,-2.6904349701605256E-16,ILTJ142853.19+334434.3,217.22164308064023,33.74287348775082,7.494564060865354E-4,8.566179628500289E-5,6.211457064443533E-4,4.3184177940185154E-5,S,1,1,0.831,1.0,0.831,1,3,Bootes,1.8,0.13,0
1683,217.4135539,33.7461991,4.8081E-242,0.997135,1,720462,7.905154266101625E-14,3.330551011786587E-14,3.448871397776725E-14,ILTJ142939.19+334445.4,217.41331129658772,33.74594656802771,7.285697126649627E-4,9.202977332781729E-5,4.4622541451359225E-4,3.816680743896438E-5,Z,1,1,0.352,1.0,0.352,1,3,Bootes,1.3,-0.2,0
1706,217.072261,33.7581369,6.7946E-15,0.991164,1,728764,8.46669847306307E-15,7.35341500842204E-15,1.8641898312294978E-15,ILTJ142817.31+334529.0,217.07212506295963,33.758078967131624,4.720024774513815E-4,8.279258404887014E-5,3.9531155733903194E-4,4.2357006336745E-5,S,1,1,1.1887,0.0,,,,Bootes,2.24,-0.18,0
1710,217.7647168,33.7615702,1.0154E-15,0.993692,1,730877,8.062648370904781E-15,7.462251448098961E-15,1.2499811093891253E-15,ILTJ143104.28+334548.1,217.76782259928268,33.7633652381932,0.12930067829495176,0.001308111637384133,0.009083192566635492,5.114582694659475E-5,M,1,1,0.2383623,1.0,0.2383623,3,4,Bootes,-0.57,3.69,1
1711,216.9509538,33.7597665,2.645E-151,0.961919,1,729642,3.869797041983481E-14,2.215983199132975E-14,1.3954805160858869E-14,ILTJ142748.17+334534.3,216.95071223890272,33.75953875204442,5.63490134838093E-4,1.0602393832193365E-4,4.2583931122297893E-4,3.945045039290562E-5,M,1,1,0.453,1.0,0.453,1,3,Bootes,1.18,0.06,0
1720,218.2930903,33.768216,0.0,0.658982,0,735038,1.0641799169598228E-13,7.10860163191683E-14,3.827110422322067E-14,ILTJ143310.31+334604.8,218.29295986493378,33.76801360144547,0.004909547178439093,1.2750962551601397E-4,0.004370427144993642,4.182015281185158E-5,M,1,1,2.409,1.0,2.409,1,3,Bootes,3.0,0.7,0
1721,218.4151542,33.7693725,4.3336E-17,0.983739,1,736020,1.175125160944314E-14,4.0577510712222366E-15,4.543761251245061E-15,ILTJ143339.65+334610.1,218.41519827050408,33.76947557918446,2.568771372332033E-4,6.915236486463489E-5,2.793251995149713E-4,4.2082901287212914E-5,S,1,1,2.154,1.0,2.154,1,3,Bootes,1.98,0.42,0
1724,218.5086656,33.769501,1.7256E-46,0.998263,1,736021,2.856180429803542E-14,4.4746601488469304E-14,-4.282293032395206E-16,ILTJ143402.09+334609.7,218.50871343480947,33.76936958376149,8.129530845496591E-4,7.241465389416816E-5,8.188933784087267E-4,4.1957460884441144E-5,S,1,1,0.4940374,1.0,0.4940374,3,4,Bootes,0.88,0.64,0
1729,216.6359974,33.772738,4.0069E-18,0.464643,1,738115,8.974881672192268E-15,1.1717344794775019E-14,1.3925977140193126E-15,ILTJ142632.43+334621.4,216.63514569316757,33.7726307780353,0.0035798597568704764,7.763325508169328E-5,0.0036999212046065584,4.579300833296829E-5,S,1,1,0.832,1.0,0.832,1,3,Bootes,1.54,1.09,1
1735,216.6008615,33.7758625,1.1777E-55,0.984178,1,740015,1.847717589832173E-14,1.2679983727216041E-14,5.980833136095626E-15,ILTJ142624.22+334633.0,216.60089662588993,33.775839722409074,0.0010320715264370427,7.81678607623068E-5,0.0010239378637373847,4.488831445382458E-5,S,1,1,1.6999,0.0,,,,Bootes,1.92,0.86,0
1737,217.8563161,33.7827379,5.1083E-37,0.996696,1,744227,1.4223284720371326E-14,9.707000037159625E-15,4.451396381615207E-15,ILTJ143125.58+334657.8,217.85656583617953,33.782747897900826,6.915076230711069E-4,7.731392266421654E-5,5.548713848366357E-4,3.755540227411625E-5,S,1,1,0.124,1.0,0.124,1,3,Bootes,-1.41,1.71,1
1741,219.1225401,33.7765329,2.0246E-16,0.978418,1,740379,1.691463704021822E-14,1.0688896887999901E-14,5.9530516105891155E-15,ILTJ143629.26+334634.5,219.12190084803174,33.776256536900725,8.825027530923252E-4,1.3655890690373584E-4,7.548577946172724E-4,4.459444268650259E-5,M,1,1,0.552,1.0,0.552,1,3,Bootes,0.2,1.52,1
1744,217.4917048,33.7845615,7.7263E-43,0.994873,1,745332,1.6497050333139264E-14,2.652607191379879E-14,-2.336609765298355E-16,ILTJ142958.00+334702.9,217.49167283434804,33.784159159247885,4.979523805757234E-4,5.45632418317056E-5,6.120733370572445E-4,3.600646371571158E-5,S,1,1,0.42,1.0,0.42,1,3,Bootes,1.44,-0.34,0
1753,217.7325746,33.7894245,2.6365E-16,0.995337,1,748665,1.0765908609857992E-14,1.433674016503651E-14,-2.937657607976323E-16,ILTJ143055.75+334721.7,217.7322747922483,33.78936468422936,3.894794443307827E-4,7.511858512345898E-5,3.758743674607443E-4,4.205755833165241E-5,S,1,1,0.677,1.0,0.677,1,3,Bootes,0.96,0.55,0
1771,217.2782547,33.8049647,3.9368E-10,0.53224,1,758844,4.6053023220451295E-15,6.026610629434281E-15,-1.3870323797978858E-16,ILTJ142906.74+334819.7,217.27809779338457,33.80549382680781,0.07240319246258066,3.0642230511283624E-4,0.05687643953381754,1.243898096581688E-4,M,1,1,1.83,0.0,,,,Bootes,2.18,2.49,1
1780,218.6340934,33.8086692,1.4146E-91,0.989328,1,760985,4.8354749828187824E-14,4.875197946966222E-14,9.897303250710448E-15,ILTJ143432.09+334830.4,218.63371858045235,33.80846852703354,2.2523333167454346E-4,7.198904119494045E-5,2.183950885776372E-4,4.001194271062951E-5,S,1,1,0.793,1.0,0.793,1,3,Bootes,0.98,0.45,0
1800,217.8622108,33.8218558,1.678E-5,0.970604,1,769959,2.5079668404396647E-15,2.6418236047786083E-15,-2.1230473149089453E-16,ILTJ143126.76+334917.9,217.8615097308891,33.8216510652141,0.0016330593419592316,7.292380844130215E-5,0.0014633671086435314,3.907198113418553E-5,S,1,1,1.194594,1.0,1.194594,3,4,Bootes,1.56,1.09,1
1806,218.3680458,33.8220351,3.9344E-11,0.988805,1,770239,1.2305162027592272E-14,7.682511241063822E-15,3.934946021656459E-15,ILTJ143328.36+334920.6,218.36817240668887,33.82240649578065,6.766231376507159E-4,8.527604494545948E-5,5.223291118777548E-4,4.088630458390497E-5,S,1,1,0.127,1.0,0.127,1,3,Bootes,-99.0,-99.0,-1
1808,217.4924853,33.8246867,1.5511E-133,0.954457,1,771699,3.637834353087437E-14,2.4766775468839797E-14,1.2639571416320565E-14,ILTJ142958.15+334928.1,217.49230232800105,33.82448017261174,2.6561089183917814E-4,5.7095389702301666E-5,3.185550141931747E-4,3.691451726250644E-5,S,1,1,1.7878,0.0,,,,Bootes,1.93,0.31,0
1835,218.3454658,33.8386184,9.3652E-39,0.992738,1,780938,3.950393368340624E-14,4.1304400078755217E-14,7.21147467549377E-15,ILTJ143322.75+335018.3,218.344773422603,33.83843764194336,3.016978142562393E-4,8.24731938499623E-5,2.2440612127506114E-4,3.820256124108215E-5,S,1,1,0.41,1.0,0.41,1,3,Bootes,0.86,0.05,0
1840,218.9242369,33.8363325,1.3298E-8,0.981743,1,779551,4.2832564360380305E-15,3.0851029394991915E-15,6.263316895043141E-16,ILTJ143541.72+335011.4,218.92384257139753,33.83650331800727,7.767421000476611E-4,8.477001874413368E-5,6.321046486078191E-4,4.240603959366333E-5,S,1,2,0.9212,0.0,,,,Bootes,2.05,-0.02,0
1847,217.1873681,33.844427,5.1713E-6,0.950251,1,784465,3.629565510721723E-15,1.829987158132549E-15,1.6521082016830817E-15,ILTJ142844.95+335039.6,217.18727400239752,33.844355255221174,1.7723952219205844E-4,6.236702692008005E-5,2.141346494914696E-4,4.075724308114694E-5,S,1,1,2.442842,1.0,2.442842,2,4,Bootes,2.1,0.26,0
1854,218.2466793,33.8496363,5.4675E-9,0.854608,0,787775,3.841227550507082E-15,5.092797864674481E-15,-2.9539462397057227E-16,ILTJ143259.14+335058.7,218.2464350759712,33.84964320801619,0.0021509760553221845,6.234037100677403E-5,0.0021787806568227277,3.629740207446322E-5,S,1,1,2.1374,0.0,,,,Bootes,2.36,0.93,1
1864,218.7201556,33.8528193,1.743E-5,0.959793,1,789930,4.158754475350678E-15,-8.469699169860789E-16,1.2799850574117294E-15,ILTJ143452.79+335110.5,218.71995032343287,33.85292644772772,7.435286419456768E-5,4.701131271659787E-5,1.0557951747514672E-4,3.349969861944945E-5,M,1,1,1.56633,1.0,1.56633,3,4,Bootes,1.93,-0.38,0
1872,217.2341432,33.8605166,1.7823E-15,0.99101,1,794793,6.139312500170499E-15,-6.357567059972776E-16,2.5631583340309115E-15,ILTJ142856.05+335137.5,217.2335398802782,33.86043995617798,3.2376417773861835E-4,7.880077263296767E-5,3.1450043351612545E-4,4.4457232650744425E-5,S,1,1,1.222,1.0,1.222,1,3,Bootes,2.08,-0.14,0
1874,218.5993767,33.8597159,2.8162E-40,0.987664,1,794199,2.6296792387108257E-14,1.1292234313525312E-14,1.0253258755808642E-14,ILTJ143423.85+335133.9,218.5993666386149,33.859433023293064,2.592126952941881E-4,6.834172174905672E-5,2.678660415318827E-4,3.968024961166833E-5,S,1,1,2.495458,1.0,2.495458,3,4,Bootes,2.13,0.4,0
1876,218.8464453,33.8591484,2.6678E-15,0.984715,1,793890,7.994617628292074E-15,1.0056501767059859E-14,-3.84149711443563E-16,ILTJ143523.08+335132.8,218.84618720212947,33.859129081049765,6.904299604406123E-4,9.069710567098284E-5,6.442811488441786E-4,4.001976722793188E-5,M,1,1,1.5456,0.0,,,,Bootes,1.83,0.68,0
1877,218.2773241,33.8628114,1.1971E-19,0.996115,0,796255,9.63200433608225E-15,2.9092369958873128E-15,4.197774330262067E-15,ILTJ143306.53+335146.2,218.27721859622403,33.86284075671439,4.316979537793127E-4,7.169001543677507E-5,4.558599003927177E-4,3.777777515642811E-5,M,1,1,1.067,1.0,1.067,1,3,Bootes,1.5,0.47,0
1881,219.2457675,33.8573516,6.2821E-11,0.939969,1,792460,1.3200377247947325E-14,-2.663096990127743E-15,5.041022738154307E-15,ILTJ143659.03+335124.8,219.24595412374364,33.8569060150294,4.0750402028736434E-4,1.0308979081408437E-4,2.9399891044716337E-4,4.754597598931981E-5,S,1,1,1.0324,0.0,,,,Bootes,1.17,0.76,0
1889,218.7933074,33.8661392,1.4894E-7,0.975697,1,798514,4.0167088483860694E-15,5.448735791963143E-15,-2.8193418865196146E-16,ILTJ143510.40+335158.5,218.79333850198051,33.866255216985344,3.605165353902932E-4,6.369915585178132E-5,4.252372295728676E-4,4.093539128679687E-5,S,1,1,1.1892,0.0,,,,Bootes,1.57,0.42,0
1890,217.1908234,33.8698717,1.4609E-7,0.991822,1,800844,4.181144891120656E-15,-5.653284157219323E-16,1.4726477742978662E-15,ILTJ142845.77+335210.7,217.19069572908748,33.869651385620244,3.0969809256456085E-4,6.22732821169109E-5,3.621702114858936E-4,3.97110888012374E-5,S,1,1,1.0095,0.0,,,,Bootes,1.93,-0.2,0
1897,217.6838297,33.873146,6.9616E-43,0.949167,1,803323,2.3641443385837573E-14,1.5361861623292128E-14,8.304041284495847E-15,ILTJ143044.04+335223.8,217.6835205801692,33.873276992682676,8.031100335875795E-4,6.948106552988739E-5,7.584976494016582E-4,3.860028965700475E-5,S,1,1,0.229,1.0,0.229,1,3,Bootes,0.88,-0.12,0
1904,218.1488172,33.8770828,5.1689E-10,0.965753,1,805900,2.5405692263660676E-15,4.636765732308065E-15,-1.3452378186831964E-17,ILTJ143235.67+335238.2,218.14863468289084,33.8772794337401,3.754451790680136E-4,6.301264315285164E-5,3.6373203392023876E-4,3.5560686430471686E-5,S,1,1,1.4085,0.0,,,,Bootes,1.59,0.59,0
1905,218.4800401,33.8760101,5.1105E-8,0.940157,1,805108,6.055609756820359E-15,7.980375111379187E-15,-3.9670963550720557E-16,ILTJ143355.20+335233.7,218.48001780099716,33.87604011914561,4.296695066821503E-4,7.702283797174666E-5,3.6655299296062683E-4,3.9167293307462736E-5,S,1,1,1.047,0.0,,,,Bootes,0.84,1.16,1
1907,216.375417,33.8716583,1.8417E-16,0.99503,1,802033,1.44726584745966E-14,1.8513966290977656E-14,1.6009830051083383E-15,ILTJ142530.13+335217.0,216.37556084722237,33.8714137349061,5.891635023623559E-4,1.2136894930282291E-4,5.004928951089657E-4,6.24859200345457E-5,S,1,1,1.184724,1.0,1.184724,3,4,Bootes,1.88,0.29,0
1913,218.1177338,33.8808021,1.9972E-39,0.992595,1,808318,1.1054395373519542E-14,1.156402198998039E-14,1.7058929343384867E-15,ILTJ143228.25+335250.7,218.11769325867814,33.880774066231,2.8791888155393816E-4,5.5171995179740465E-5,3.181480955778018E-4,3.38809203797266E-5,S,1,1,1.226,0.0,,,,Bootes,1.84,0.07,0
1915,217.4093038,33.8818356,2.7422E-12,0.995324,1,809077,4.493663370159429E-15,1.9440539659861303E-15,1.7537193129504957E-15,ILTJ142938.15+335254.1,217.40896462270283,33.881709606001,7.037175250835071E-4,6.414767393697343E-5,7.536138564948899E-4,3.8736729736215746E-5,S,1,1,0.5808,0.0,,,,Bootes,1.42,0.15,0
1921,217.5268741,33.8852561,4.7042E-210,0.998421,1,811304,6.913647816762625E-14,3.228343758911321E-14,2.7785124166347678E-14,ILTJ143006.43+335306.3,217.52677176231776,33.88509240700842,0.0010431815383339078,5.951915542319177E-5,0.0010917385550710467,3.541244388947119E-5,S,1,1,1.044,1.0,1.044,1,3,Bootes,1.39,0.94,1
1923,219.5917513,33.8732941,2.6319E-15,0.998677,1,803233,1.027892295360601E-14,2.21004371927082E-14,-4.1810282602775565E-18,ILTJ143821.89+335224.2,219.5912204851017,33.87338843722676,8.906930978020666E-4,1.3485657783915317E-4,6.132421001156782E-4,5.940157281691037E-5,S,1,1,0.2894,0.0,,,,Bootes,0.31,0.77,1
1925,218.3558536,33.8873182,1.7926E-6,0.961978,1,812487,5.733914388000476E-15,-6.775041646464924E-16,1.961902939859388E-15,ILTJ143325.39+335312.9,218.35577312173325,33.88693277683285,2.721446165975387E-4,6.007448065952403E-5,2.9001728704923356E-4,3.5836082333476985E-5,S,1,1,1.226,1.0,1.226,1,3,Bootes,1.8,0.08,0
1931,219.1834192,33.8823764,6.4044E-8,0.990464,1,809309,4.438370181356695E-15,5.667188868165949E-15,-7.349076881681548E-17,ILTJ143643.94+335255.5,219.1830845543707,33.88210956618215,9.807060794662745E-4,8.9047628634284E-5,7.855770279548731E-4,4.421709236054512E-5,S,1,1,0.861,1.0,0.861,1,3,Bootes,2.37,-0.33,0
1936,218.9485588,33.8859984,6.7965E-27,0.998564,0,811865,1.6491051154362744E-14,6.0959505502167804E-15,6.941944974651914E-15,ILTJ143547.59+335309.2,218.94830411482724,33.88589937219422,0.009316414138267752,1.0483028388044748E-4,0.008169944040245344,4.04902770605986E-5,M,1,1,2.11024,1.0,2.11024,3,4,Bootes,2.38,1.53,1
1938,218.0740691,33.8916651,1.3456E-46,0.997364,1,815768,1.8767979675211106E-14,1.0957994504665509E-14,6.399276613621115E-15,ILTJ143217.76+335329.4,218.07399481963643,33.891500355212784,2.608565119922721E-4,6.0124543218168034E-5,2.7196643868152243E-4,3.5528421600911107E-5,S,1,1,1.116,1.0,1.116,1,3,Bootes,1.47,0.33,0
1940,217.4154149,33.8935215,0.0,0.999465,1,817061,1.9546107314418568E-13,2.460114292429666E-13,3.170075131803577E-14,ILTJ142939.65+335336.1,217.41521164566967,33.89336891494616,0.002685687209047791,7.208362879621748E-5,0.002603912045222273,4.074476053508675E-5,S,1,1,0.1305763,1.0,0.1305763,3,4,Bootes,-0.47,1.33,1
1942,216.7973165,33.8901355,1.2284E-39,0.962496,1,814590,1.4996012362015477E-14,7.180091936983544E-15,5.527269693616656E-15,ILTJ142711.37+335324.0,216.797386550743,33.89002045399592,5.259570394632573E-4,7.30823552165885E-5,5.245115160851725E-4,4.1967200459898816E-5,S,1,1,1.2109,0.0,,,,Bootes,1.76,0.4,0
1946,216.8239982,33.8925926,6.9528E-36,0.960594,1,816399,1.2968919263188569E-14,7.57202465070981E-15,4.5093289482655335E-15,ILTJ142717.80+335332.8,216.82416835387224,33.89245311598601,3.908422977390443E-4,9.908970070105664E-5,2.671097571496133E-4,4.324569658107627E-5,S,1,1,2.5651,0.0,,,,Bootes,1.97,0.78,0
1947,216.5691663,33.89066,0.0,0.999719,1,815068,2.6394227007359413E-13,1.4613584612751372E-13,9.595274832145521E-14,ILTJ142616.62+335326.6,216.56924747250716,33.89072345120709,4.7368657232512606E-4,8.455077738587413E-5,4.654522306007427E-4,4.824564710406935E-5,S,1,1,0.1693705,1.0,0.1693705,3,4,Bootes,0.29,0.0,0
1961,219.0586958,33.8937891,4.1748E-12,0.991921,1,817224,6.28979302609837E-15,-1.668395958986092E-16,3.2265054303818987E-15,ILTJ143614.02+335336.9,219.05841657817857,33.89359835356838,2.8235795094911774E-4,8.790529135479529E-5,2.520131694803918E-4,4.01157304586377E-5,M,1,1,0.708,1.0,0.708,1,3,Bootes,1.54,-0.17,0
1963,216.3502542,33.8945218,2.6371E-13,0.952842,1,817447,3.163844492540069E-14,2.4891242539847212E-14,8.910159737914419E-15,ILTJ142524.28+335337.9,216.3511577129602,33.89386516722813,4.668252075500372E-4,1.397571771741247E-4,3.0236661811881024E-4,5.830805500080538E-5,S,1,1,0.6623018,1.0,0.6623018,3,4,Bootes,1.67,-0.16,0
1964,216.7844711,33.8987302,4.9177E-85,0.999212,1,820513,3.2170862527832984E-14,2.6037874407115875E-14,9.528497647052942E-15,ILTJ142708.29+335355.1,216.78452405968648,33.89865417464953,0.00116851533366422,8.108669085603146E-5,0.0010321496830310794,4.300835589007997E-5,S,1,1,0.655,1.0,0.655,1,3,Bootes,1.09,0.85,1
1966,219.1141054,33.8963903,3.2895E-157,0.965645,1,818986,6.852121089857529E-14,6.54479148717739E-14,1.6404069537033224E-14,ILTJ143627.32+335346.2,219.11384963412982,33.89617753087827,4.4624802848618596E-4,7.366692732712211E-5,4.444367719649095E-4,4.2408409875570094E-5,S,1,1,0.546,1.0,0.546,1,3,Bootes,0.39,1.01,1
1968,219.4620887,33.8920864,2.0418E-25,0.98137,1,816102,2.911095387861182E-14,1.319837142726919E-14,9.174325152672689E-15,ILTJ143750.89+335331.2,219.4620618483562,33.89200491518449,2.415459334302099E-4,7.2202554270212E-5,2.8052526131016903E-4,4.517155646891075E-5,M,1,1,1.914,1.0,1.914,1,3,Bootes,2.2,0.04,0
1969,217.9642761,33.9049998,1.2865E-46,0.996933,1,824572,2.4891339493438697E-14,1.7795065018671078E-14,7.480086235743982E-15,ILTJ143151.39+335417.5,217.96413715695758,33.90488105069502,5.389909539785531E-4,1.0564950171454368E-4,4.351999681254511E-4,3.6746167301316745E-5,M,1,1,2.7,1.0,2.7,1,3,Bootes,2.51,0.39,0
1980,218.9153523,33.9025884,7.95E-28,0.997427,1,823071,1.9493211397931465E-14,1.3787169727877397E-14,5.867347565232663E-15,ILTJ143539.62+335409.2,218.91508312516925,33.90255561675585,5.389866829869068E-4,7.04407143478547E-5,5.800623104967419E-4,4.2595259007276504E-5,S,1,1,1.098,1.0,1.098,1,3,Bootes,1.9,0.16,0
1986,217.2478288,33.9119774,3.8002E-6,0.755084,1,828847,1.9169223807362545E-15,1.373197188876306E-15,-1.8702112247555436E-16,ILTJ142859.44+335441.7,217.2476611602592,33.911582457835024,7.547725218259902E-4,2.2880810683310356E-4,2.493288654423532E-4,4.384495322895129E-5,Z,1,1,1.0802,0.0,,,,Bootes,1.52,0.7,1
1997,218.3682006,33.9179512,9.8288E-10,0.957967,1,833030,5.9790005381313355E-15,-4.363370908203363E-16,2.1927310841693656E-15,ILTJ143328.54+335504.6,218.36891428827286,33.917962980305475,6.549602839832814E-4,6.788217508198839E-5,6.355424190262942E-4,3.8354896218700854E-5,S,1,1,1.0759,0.0,,,,Bootes,1.24,0.94,1
2000,219.5924991,33.9079922,8.1494E-35,0.883977,1,826640,2.902570912403163E-14,6.974868514591599E-15,1.0600181331035494E-14,ILTJ143822.11+335430.1,219.59212361898076,33.90837776185515,8.541445590491946E-4,1.337465336939336E-4,6.048037981517499E-4,6.01396543107686E-5,S,1,1,1.6977,0.0,,,,Bootes,1.7,1.01,1
2002,217.5895103,33.9219872,2.2521E-138,0.998965,1,835695,4.895820359583364E-14,3.089378733064472E-14,1.7123290067086118E-14,ILTJ143021.43+335518.5,217.58930452081665,33.92181895871993,3.997473132685646E-4,6.238799410973246E-5,4.221516436713134E-4,3.72306600233087E-5,S,1,1,0.8320777,1.0,0.8320777,3,4,Bootes,1.8,-0.14,0
2004,216.6282391,33.9191895,8.3271E-23,0.997339,1,833792,9.920953149448233E-15,1.4857559863058906E-15,4.268523506161042E-15,ILTJ142630.77+335508.6,216.62819187628918,33.91905828225029,0.0021162204992388758,8.660382274320426E-5,0.0018807880328575105,4.6169465550971246E-5,S,1,1,2.634538,1.0,2.634538,3,4,Bootes,2.16,1.34,1
2008,219.0798702,33.9183463,1.0207E-24,0.976919,1,833415,1.2551240862204003E-14,1.021748548770777E-14,3.323142127020522E-15,ILTJ143619.08+335505.2,219.07948705766316,33.918129499217535,1.958416472397709E-4,6.461264213924432E-5,2.1211192865881035E-4,3.8976866333892036E-5,S,1,1,1.627,1.0,1.627,1,3,Bootes,1.95,0.07,0
2015,218.5961118,33.9273364,6.7208E-9,0.990454,1,839139,3.971003747449795E-15,1.3747336664332923E-15,1.1826931379286236E-15,ILTJ143423.03+335537.4,218.59596125013047,33.92707291459819,4.984532311233599E-4,6.888868596903472E-5,4.4670877082063863E-4,3.6910128913366856E-5,M,1,2,0.424,1.0,0.424,1,3,Bootes,0.89,0.26,0
2020,219.1171822,33.923457,7.964E-162,0.996761,1,836612,7.039403415274895E-14,3.098009522186925E-14,2.663466960063286E-14,ILTJ143628.07+335524.1,219.11696361511375,33.923378472269334,0.0012529538458432266,7.071380880842529E-5,0.001268225601100928,4.107040848179829E-5,S,1,1,0.9027485,1.0,0.9027485,3,4,Bootes,1.73,0.51,0
2023,216.4329939,33.9260329,1.5712E-51,0.982044,1,838365,2.1541933542330044E-14,3.785483783109536E-14,1.1003674054039872E-15,ILTJ142543.91+335533.4,216.43296197374778,33.92595997246595,1.7348829915952164,0.001454636172594687,1.6533153967790177,2.6816354191396387E-4,M,1,1,1.255,1.0,1.255,1,3,Bootes,1.49,4.24,1
2026,217.3225949,33.9329972,2.0628E-125,0.995665,1,842949,3.209945169438206E-14,2.8243938565201476E-14,9.74206126250804E-15,ILTJ142917.34+335557.8,217.32225680775815,33.932732206171266,4.970849022550266E-4,1.2093670510756718E-4,5.08114127265653E-4,7.067006477676862E-5,S,1,1,1.4243,0.0,,,,Bootes,1.55,0.76,0
2028,218.4547735,33.9332741,8.9736E-156,0.974046,1,843143,4.887629934332796E-14,2.7347837013955807E-14,1.84716255704284E-14,ILTJ143349.12+335559.4,218.45465144938103,33.93318826270647,3.3090357751105375E-4,5.527599502644877E-5,4.094109060052456E-4,3.644653358463671E-5,S,1,1,1.367,1.0,1.367,1,3,Bootes,2.28,-0.24,0
2030,218.2270794,33.934575,8.0814E-131,0.999061,1,844045,2.4464946127210558E-14,2.8271131586932343E-14,4.222385384101531E-15,ILTJ143254.46+335604.6,218.22690581398294,33.93461106770236,2.456670899869585E-4,4.5552578152283224E-5,3.391580618649845E-4,3.2226406099432686E-5,S,1,1,1.195,1.0,1.195,1,3,Bootes,1.82,-0.01,0
2035,218.4955386,33.9360602,3.8214E-302,0.996109,1,845083,8.89410203713266E-14,6.106997149655406E-14,2.967463215282568E-14,ILTJ143358.92+335608.9,218.49549012530588,33.93581467586965,0.0019256079977110299,1.0404183992319598E-4,0.0017066671284725766,3.9734711932396746E-5,M,1,1,0.643,1.0,0.643,1,3,Bootes,0.81,1.35,1
2036,217.7629013,33.9383752,2.0092E-5,0.695957,1,846493,1.9929339049857077E-15,2.040719215827284E-15,-3.6522366847758644E-16,ILTJ143103.05+335617.1,217.76270862112597,33.93809915721108,2.8594455022345377E-4,7.035766933808294E-5,3.1716626186269046E-4,4.341038032657681E-5,S,1,1,2.2544,0.0,,,,Bootes,2.28,0.19,0
2037,216.5145311,33.9333659,5.0837E-7,0.972402,1,843338,2.5784777284506974E-15,-7.42003886008738E-16,8.714449488977702E-16,ILTJ142603.34+335601.3,216.51389756146307,33.93370663588506,8.498428694813361E-4,1.650098621776488E-4,6.984438280876906E-4,5.9330964271794075E-5,M,1,1,0.634,1.0,0.634,1,3,Bootes,-0.21,2.09,1
2041,217.8375876,33.9420452,9.5956E-42,0.951647,1,849086,1.3886005630080509E-14,1.615817860009852E-14,1.784638659042792E-15,ILTJ143121.00+335630.9,217.83751951543087,33.94194192097521,2.9777003983495986E-4,6.282728666179199E-5,3.21703837346958E-4,3.7925115763051E-5,S,1,1,0.975,0.0,,,,Bootes,1.1,0.64,0
2044,217.057403,33.9406681,7.0086E-40,0.998401,1,848152,1.4949373411099987E-14,1.52833537264046E-14,2.848609160675231E-15,ILTJ142813.72+335625.8,217.05715451014325,33.940512395679484,9.955764077926705E-4,8.958015631859249E-5,7.243352167643229E-4,3.986816754759666E-5,Z,1,1,0.1318583,1.0,0.1318583,3,4,Bootes,0.19,0.2,0
2045,216.9949785,33.9400278,1.2911E-9,0.922703,1,847649,4.025453249623031E-15,6.854329579545295E-15,-2.890292106621016E-16,ILTJ142758.75+335623.4,216.9948033380979,33.939848013302,0.0011376592798238744,1.1644465880986777E-4,6.033884397446327E-4,4.291337214570167E-5,S,1,1,1.746,0.0,,,,Bootes,1.68,1.18,1
2046,218.3126628,33.9415695,8.1703E-6,0.232193,1,848401,2.7702375407053153E-15,-4.3248960389099604E-16,6.872636282467921E-16,ILTJ143315.13+335627.7,218.31304876038413,33.94104371585418,1.8574906169785703E-4,5.311507860627599E-5,2.403988938564793E-4,3.5772662196483414E-5,S,1,1,1.8985,0.0,,,,Bootes,1.77,0.39,0
2047,217.921665,33.9426382,7.2704E-8,0.995323,1,849411,4.068240738471709E-15,7.854835360479719E-15,-5.836830021820548E-17,ILTJ143141.19+335632.9,217.92162603875647,33.94249120745723,6.634202161286734E-4,8.025289396711914E-5,4.68174034571499E-4,3.646895934513987E-5,S,1,1,0.5912444,1.0,0.5912444,3,4,Bootes,0.53,1.11,1
2056,217.4277616,33.9486128,0.0,0.994754,1,853416,2.2826421626697686E-13,1.3075413792776212E-13,8.52085775176781E-14,ILTJ142941.01+335707.0,217.4208683770754,33.9519471549702,0.09837039477027075,0.0011486735576090672,0.01828815471006399,5.340071911632549E-5,Z,1,1,1.12392,1.0,1.12392,3,4,Bootes,1.37,3.01,1
2061,216.9655963,33.9487049,8.5252E-43,0.994901,1,853424,1.4882028054725392E-14,8.639668201875427E-15,5.236036518763791E-15,ILTJ142751.71+335654.5,216.96544399627467,33.94847247956658,0.0015518234568743865,7.111685908427387E-5,0.0014851974241403636,3.9826595442885985E-5,S,1,1,2.822,1.0,2.822,1,3,Bootes,2.64,0.75,0
2064,218.1251726,33.9519206,2.7104E-23,0.731175,1,855722,7.919380971508466E-15,6.484329256570075E-15,2.032075675759051E-15,ILTJ143230.12+335707.4,218.1255174393597,33.9520627805171,1.7326824469420126E-4,5.833869436209011E-5,1.8236941072510187E-4,3.476780257449756E-5,S,1,1,1.6531,0.0,,,,Bootes,1.32,0.71,0
2065,216.41343,33.9458883,5.0919E-10,0.991837,1,851527,6.523712886200084E-15,-1.3002725882309682E-15,3.2928955780026136E-15,ILTJ142539.24+335644.3,216.41351291608208,33.94564344030738,0.0010920836781657232,2.812923711420555E-4,0.0011512867535849536,1.6500853507890741E-4,S,1,1,0.308,1.0,0.308,1,3,Bootes,1.68,-0.57,0
2070,218.1877338,33.954016,3.4112E-217,0.999428,1,857161,3.483800836206726E-14,2.1330396543766754E-14,1.2574281003380467E-14,ILTJ143245.01+335715.0,218.18755214020464,33.954180304461524,4.0201185198842634E-4,7.723842979246054E-5,3.085481419662941E-4,3.721692709598205E-5,S,1,1,2.31637,1.0,2.31637,3,4,Bootes,2.18,0.47,0
2074,218.5016506,33.9539161,1.2709E-147,0.953816,1,857047,4.5803502436420425E-14,2.8008547640894832E-14,1.639959616548964E-14,ILTJ143400.36+335714.0,218.50151759209922,33.953907849761286,0.0017618580610178766,6.48291579240591E-5,0.001882938927308194,3.9110752164049154E-5,S,1,1,1.7918,0.0,,,,Bootes,-99.0,-99.0,-1
2076,217.2391047,33.9560399,3.5868E-6,0.548513,1,858636,1.8045597232798615E-15,2.2319598791213298E-15,-1.5733640099511132E-16,ILTJ142857.31+335721.5,217.23880659492048,33.955997154845484,0.0016072318327866857,8.127984129528599E-5,0.0016820003764383173,4.835918974914122E-5,S,1,1,2.2657,0.0,,,,Bootes,-99.0,-99.0,-1
2081,217.1266751,33.957495,2.7871E-7,0.995119,1,859630,3.650319855166022E-15,4.1396596682490396E-15,5.501993295115273E-16,ILTJ142830.44+335726.6,217.12681487767802,33.95739886846831,4.689406080652961E-4,7.699555397663264E-5,4.241604231312617E-4,4.140671089105247E-5,S,1,1,0.2166038,1.0,0.2166038,3,4,Bootes,0.47,0.04,0
2085,218.6842076,33.9572326,4.8482E-26,0.993986,1,859601,1.65055996480732E-14,-7.669869591483423E-16,8.656491036701042E-15,ILTJ143444.13+335726.9,218.68387455299992,33.95748785212776,2.937301762903105E-4,9.811957842101118E-5,1.7946775294977772E-4,3.911416898471038E-5,M,1,1,0.35,1.0,0.35,1,3,Bootes,0.87,-0.14,0
2094,216.8926976,33.9657304,8.3561E-8,0.989478,0,865530,3.924429305810737E-15,5.851290721602598E-15,-2.301349723761542E-16,ILTJ142734.35+335757.5,216.89310422074269,33.96598962245545,0.0056392248668635705,1.4830308494107194E-4,0.0048167791829771866,4.168468928037327E-5,M,1,1,0.318,1.0,0.318,1,3,Bootes,1.24,0.66,0
2101,219.6404238,33.9565058,6.9406E-96,0.997755,1,858901,1.1845838173669533E-13,7.078254145117442E-14,3.952241503299144E-14,ILTJ143833.63+335723.5,219.6401249888848,33.95655238259512,0.0020368343107757844,1.5157394709722606E-4,0.00158341173883019,7.321500357713529E-5,M,1,1,0.336,1.0,0.336,1,3,Bootes,1.12,0.39,0
2110,217.193308,33.9742056,7.3827E-89,0.992845,1,871051,2.6713666948525835E-14,1.425368121776511E-14,1.0072020808301924E-14,ILTJ142846.34+335826.4,217.19308940472385,33.97402060883603,3.1734988193543156E-4,1.0015291760747149E-4,3.199004841832524E-4,3.8656869350234044E-5,M,1,1,1.48,0.0,,,,Bootes,1.44,0.73,0
2111,218.2960998,33.9745547,2.3561E-186,0.999456,1,871361,3.792871951950171E-14,1.0431940926638153E-14,1.751677956725998E-14,ILTJ143310.98+335828.5,218.29576997562114,33.9745923943849,0.06416838415916763,3.0796148824208754E-4,0.04705472483753957,6.514753981173271E-5,M,1,1,0.497,1.0,0.497,1,3,Bootes,0.48,2.97,1
2118,217.9613633,33.9797032,3.3817E-56,0.987318,1,874864,3.154337027447546E-14,2.4113887123935518E-14,9.553189782812538E-15,ILTJ143150.63+335846.3,217.96096876118702,33.979551932991086,2.1117039766062364E-4,5.6416256393585206E-5,2.2720840446509115E-4,3.2702973700864606E-5,S,1,1,1.21,1.0,1.21,1,3,Bootes,1.12,0.69,0
2125,218.1401824,33.9831331,9.3302E-15,0.991785,1,877117,5.029061254666745E-15,4.323333899079204E-15,1.134800493765493E-15,ILTJ143233.66+335858.9,218.14023547604256,33.983043612069515,4.1726649496959587E-4,8.535511008605892E-5,3.9146854829325283E-4,3.6220441423211015E-5,M,1,1,2.242,1.0,2.242,1,3,Bootes,2.67,-0.08,0
2128,218.1358695,33.9842926,0.0,0.996724,1,877952,6.102289429913121E-14,4.852239754592046E-14,1.8113962340107595E-14,ILTJ143232.60+335903.5,218.13581494162491,33.98430457813237,0.003409219456087031,8.714450581817072E-5,0.0033777619109871867,3.63470267620869E-5,M,1,1,2.244,1.0,2.244,1,3,Bootes,2.54,0.98,1
2139,217.2106886,33.9905036,1.7065E-10,0.984822,1,882072,4.492821351380144E-15,-5.399189289487007E-16,1.6267118056707576E-15,ILTJ142850.55+335925.3,217.21062857218598,33.99036972974637,4.580799935245306E-4,1.0364064955169821E-4,2.8164143890748984E-4,4.212494565753623E-5,S,1,1,1.686,1.0,1.686,1,3,Bootes,2.0,0.41,0
2145,217.2164645,33.9934673,2.8102E-19,0.993795,1,883929,7.28522557895156E-15,1.3409470593558296E-14,-1.5160892912183985E-16,ILTJ142851.97+335935.6,217.21652422924512,33.99322546206127,9.171303906437488E-4,7.278259834988744E-5,8.846257996326026E-4,4.099611499879115E-5,S,1,1,0.543,1.0,0.543,1,3,Bootes,0.83,0.84,1
2158,217.3079406,34.0033353,0.0,0.998302,0,890578,6.420175132020069E-14,3.4623641900683254E-14,2.3836341059101972E-14,ILTJ142913.80+340010.6,217.307514826447,34.00296095628282,5.953806479092228E-4,8.997213198075128E-5,4.690454703304179E-4,4.412858675240525E-5,M,1,1,0.49,1.0,0.49,1,3,Bootes,1.21,0.14,0
2160,219.0920581,33.9979345,2.596E-12,0.834427,1,886821,1.3801361445664374E-14,1.1459555825630452E-14,3.4361096166587755E-15,ILTJ143621.99+335950.1,219.0916230973961,33.99727099779436,0.7722780980261575,6.839207572066947E-4,0.15886910279847957,9.88952405314194E-5,M,1,1,1.2569,0.0,,,,Bootes,1.48,3.9,1
2174,216.3039473,34.0084468,4.3411E-206,0.995581,1,894093,1.8567126258018338E-13,1.0663510089380067E-13,6.341854358433657E-14,ILTJ142512.93+340030.3,216.3038732906417,34.008419348460095,8.47914528526509E-4,1.1219757766448085E-4,7.852617230799109E-4,4.958154003543313E-5,M,1,1,0.9469701,1.0,0.9469701,3,4,Bootes,1.75,0.37,0
2179,216.295578,34.0100021,2.1886E-17,0.995275,1,895078,2.0229637700478124E-14,1.731125123910253E-14,4.005243409362254E-15,ILTJ142510.91+340035.5,216.2954772130807,34.00988493786026,3.519261089704533E-4,1.0341539951209075E-4,2.859443957339141E-4,5.05122038314489E-5,S,1,1,1.525,1.0,1.525,1,3,Bootes,1.85,0.35,0
2186,218.9082498,34.0164409,2.1043E-18,0.930291,1,899065,9.501096573284757E-15,1.051946217816205E-14,1.4417254954532924E-15,ILTJ143537.88+340058.1,218.90781801535735,34.01614444561476,3.8734171654717736E-4,7.155314674716428E-5,3.5216131980419645E-4,3.851152557003111E-5,S,1,1,0.736,1.0,0.736,1,3,Bootes,0.94,0.65,0
2189,218.5182923,34.0220665,2.4454E-9,0.921698,1,902929,3.25033206661991E-15,4.012893405689922E-15,-3.2199636552602884E-16,ILTJ143404.41+340119.1,218.5183628927096,34.02199180970172,2.9648846392865496E-4,5.5259645836762305E-5,3.573339464329192E-4,3.583925234303983E-5,S,1,1,1.5714,0.0,,,,Bootes,1.75,0.42,0
2191,218.5227192,34.0234734,5.907E-11,0.849871,1,904095,3.9715411813876115E-15,4.176568701622304E-15,4.403532911214532E-16,ILTJ143405.49+340124.6,218.52288403642436,34.02351768934324,1.91139114541635E-4,6.0414469239063974E-5,2.0857229695086396E-4,3.667634266944532E-5,S,1,1,0.3949,0.0,,,,Bootes,0.16,0.56,0
2195,218.3010639,34.024223,5.9907E-7,0.008695,1,905444,3.933773038832642E-15,-2.898718617569346E-16,1.39263554572606E-15,ILTJ143312.02+340132.5,218.30007821918477,34.02570208186668,0.017034990203157324,7.946380373158439E-5,0.01810218113031608,4.06509001586528E-5,M,1,1,1.761,0.0,,,,Bootes,1.97,2.05,1
2198,218.4990817,34.0257025,4.8511E-58,0.998189,1,905375,1.6972254515880502E-14,1.4012321323491483E-14,4.069417566288506E-15,ILTJ143359.74+340130.2,218.4989327316396,34.0250762954194,3.20659096774684E-4,7.987515046786166E-5,2.588771813018116E-4,3.91815596596044E-5,S,1,1,1.519,1.0,1.519,1,3,Bootes,2.37,-0.24,0
2208,218.4196494,34.0349628,5.8541E-33,0.981904,1,911999,1.357149680551558E-14,6.2285278383687175E-15,5.2662797652558695E-15,ILTJ143340.83+340206.5,218.4201213741925,34.03515024909394,7.585199528091436E-4,1.0345337420154108E-4,4.772128340929109E-4,4.32402491877342E-5,M,1,1,0.274,1.0,0.274,1,3,Bootes,0.91,-0.0,0
2212,218.1475745,34.0384296,2.245E-19,0.983859,1,914077,6.4649200361586735E-15,8.171508524420364E-15,-1.2790763903562762E-16,ILTJ143235.43+340217.5,218.14762145346094,34.03819619534654,0.0010585222772031362,9.643273876735214E-5,9.719003224462681E-4,3.723144912146381E-5,M,1,1,0.9567,0.0,,,,Bootes,1.11,1.17,1
2215,217.0448591,34.0382897,2.9109E-36,0.990475,1,914342,2.599123483941844E-14,4.316327601580289E-14,-3.7557278391071586E-16,ILTJ142810.77+340219.1,217.0448887938577,34.038646013293686,6.04710841814714E-4,9.321344663236658E-5,4.7704214613286856E-4,3.8381736005248966E-5,M,1,1,0.237,1.0,0.237,1,3,Bootes,0.9,-0.23,0
2220,216.6709166,34.0393262,3.9643E-19,0.990881,1,914797,1.2180253311185675E-14,7.327098287540536E-15,3.8316165047488625E-15,ILTJ142640.94+340220.7,216.67059786265764,34.039108834429285,0.0013975932951355203,7.901069227966188E-5,0.0013128082266244967,4.373622003621757E-5,S,1,1,1.349,1.0,1.349,1,3,Bootes,2.25,0.41,0
2230,217.6123319,34.0478124,3.824E-9,0.758456,1,920383,7.415616352486667E-15,1.1817769978701429E-14,3.807521647654822E-16,ILTJ143026.90+340247.6,217.61209033599155,34.04657478950156,2.6299901823759734E-4,7.194278186340248E-5,2.3006171652373896E-4,3.792638920979552E-5,S,1,1,0.8971,0.0,,,,Bootes,0.97,0.65,0
2233,216.4694832,34.0445291,5.312E-47,0.997007,1,918521,1.9873651146782425E-14,7.015933460373242E-15,8.402716386441047E-15,ILTJ142552.70+340240.0,216.46958736660164,34.04446883612911,0.004222447767669051,1.7190431428489402E-4,0.0034173165488290518,5.191625781299081E-5,M,1,1,0.562,1.0,0.562,9,3,Bootes,2.41,-0.17,0
2236,219.3974045,34.042413,1.8577E-9,0.990214,1,917072,8.341422526186303E-15,-5.193492263125954E-15,2.882312178246316E-15,ILTJ143735.36+340232.2,219.39731434497364,34.042299731528104,5.198858559196071E-4,1.0083826234594056E-4,4.1158587366628104E-4,4.964399759175465E-5,S,1,1,1.4112,0.0,,,,Bootes,1.8,0.51,0
2238,217.8693635,34.054941,2.6881E-12,0.994779,0,928979,9.247800816198828E-15,8.900737269532149E-15,1.4659213864716793E-15,ILTJ143128.70+340317.6,217.86959653841853,34.05489153289587,6.50717260655374E-4,6.45443382597819E-5,6.173175074236348E-4,3.5915085905993295E-5,S,1,1,0.3300907,1.0,0.3300907,3,4,Bootes,-0.35,1.47,1
2242,218.6666436,34.0527498,5.3855E-19,0.324023,0,926798,1.5780284020646502E-14,1.1843730145678196E-14,4.854286844608525E-15,ILTJ143439.98+340311.6,218.66657367889567,34.0532216591916,3.073181345344558E-4,6.496906827757476E-5,3.097052840118293E-4,3.761711033982235E-5,S,1,1,1.824,0.0,,,,Bootes,1.58,0.77,0
2248,218.7206116,34.0569367,1.4149E-7,0.945548,0,930847,4.9162698910887674E-15,-6.578625493429429E-16,2.1913882954027614E-15,ILTJ143452.92+340324.2,218.72049106458292,34.056721639187124,0.003090641039217236,1.87674314658035E-4,0.0012329323973217484,3.9352809024421734E-5,M,1,1,1.2169,0.0,,,,Bootes,0.63,2.39,1
2253,218.612348,34.0609293,2.4617E-19,0.991211,1,935023,1.3355068111982004E-14,1.2372513326266095E-14,2.44176896013941E-15,ILTJ143426.87+340338.4,218.6119761354482,34.06068342215265,9.465621163675602E-4,7.728569182928019E-5,8.541080733606334E-4,4.1622705365686706E-5,S,1,1,0.9844,0.0,,,,Bootes,1.32,0.92,1
2262,216.7875482,34.0648995,3.8597E-7,0.145633,1,939487,7.44037786925359E-15,2.315823629426075E-15,2.281695052229854E-15,ILTJ142708.91+340352.2,216.78713978499135,34.06452582877186,3.57417780354694E-4,9.056365984020685E-5,3.552671700939774E-4,3.9876588012703E-5,M,1,1,2.2368,0.0,,,,Bootes,1.8,0.8,0
2264,218.0079712,34.0686947,9.9303E-23,0.842037,0,944013,1.7414915097946258E-14,7.51079992257771E-15,7.120498645854057E-15,ILTJ143203.65+340405.7,218.01521077215824,34.068273365666826,0.002897867447715465,3.8265353067345326E-4,1.7292120610834126E-4,2.1581563506735593E-5,S,0,1,1.9402,0.0,,,,Bootes,1.81,1.56,1
2273,217.1576321,34.0716349,2.3803E-9,0.982084,0,947047,7.387104484056972E-15,4.6117585901462186E-15,2.332239570841681E-15,ILTJ142837.83+340416.9,217.15760477377236,34.0713853588588,3.352338403634266E-4,8.561537743838298E-5,2.593852800773214E-4,4.141502690359659E-5,S,1,1,1.805,1.0,1.805,1,3,Bootes,1.2,1.21,1
2274,218.9774215,34.0681943,3.7498E-10,0.997391,1,943407,4.709708442996242E-15,1.7339812988851735E-15,1.3842116398528368E-15,ILTJ143554.23+340405.5,218.97597583664822,34.068194201632785,9.863094249804095E-4,1.4675735078221175E-4,5.33150305808172E-4,3.734310934669338E-5,M,1,1,1.607,1.0,1.607,1,3,Bootes,2.07,0.62,0
2282,216.5322874,34.0741068,0.0,0.997552,1,949780,1.2873273523914233E-13,3.9140010623876607E-14,5.802353025445141E-14,ILTJ142607.71+340426.6,216.53212546181652,34.074063617916664,0.052316124795123965,1.4772944325874054E-4,0.04472807874107221,5.855903964402387E-5,M,1,1,2.1147,0.0,,,,Bootes,3.25,1.35,1
2302,218.2047945,34.0877321,1.1709E-204,0.997302,0,965012,3.369347106103476E-14,2.6640649044830035E-14,1.0196020150583194E-14,ILTJ143249.14+340515.6,218.2047360439975,34.08768115615584,2.2244012080325167E-4,5.231538252126725E-5,2.7565464201685864E-4,3.44105974086047E-5,M,1,1,1.0796,0.0,,,,Bootes,1.65,0.03,0
2311,218.8359873,34.0874796,0.0,0.958062,1,964660,4.574113970171991E-14,2.8165766385656723E-14,1.60985988393477E-14,ILTJ143520.57+340514.3,218.8357226510222,34.087312057996144,3.826403526229328E-4,6.103803397486636E-5,4.3523385902062057E-4,3.8350216220817195E-5,S,1,1,0.797,1.0,0.797,1,3,Bootes,1.51,0.11,0
2315,217.2796858,34.0933436,4.834E-94,0.996862,1,971371,3.2294428520885144E-14,2.2279628094370965E-14,1.0743270156425682E-14,ILTJ142907.14+340535.2,217.2797340119482,34.09312818595405,3.836134725833941E-4,7.309749924054494E-5,3.5313363367419726E-4,3.982301702759418E-5,S,1,1,0.616,1.0,0.616,1,3,Bootes,0.83,0.59,0
2323,217.4633486,34.0977663,1.8164E-18,0.829621,1,975690,1.138720348104038E-14,-8.968298597572642E-16,5.623539273620909E-15,ILTJ142951.08+340553.0,217.46283653225225,34.098073993129866,4.7587930396462936E-4,1.074606611934272E-4,3.667450594034504E-4,5.047155418407432E-5,S,1,1,1.809835,1.0,1.809835,2,4,Bootes,1.59,0.94,1
2329,219.4203057,34.0924423,1.0676E-17,0.996059,0,970540,2.216017887236171E-14,2.1726599940246856E-14,3.53169143409493E-15,ILTJ143740.82+340532.1,219.42007651389406,34.09225598480658,3.906144424407513E-4,1.0503399681688828E-4,3.7233237936145855E-4,4.950818635188625E-5,M,1,1,1.2275,0.0,,,,Bootes,2.08,-0.06,0
2338,218.1355305,34.1070665,1.1049E-133,0.998115,1,983181,2.9548582631652685E-14,9.266492790928243E-15,1.3786042781806516E-14,ILTJ143232.52+340625.2,218.13551354683636,34.1070147669521,0.0012872877569101886,6.852407589087844E-5,0.0011256039501512315,3.6080712611256584E-5,S,1,1,0.04235411,1.0,0.04235411,11,4,Bootes,-0.24,-0.26,0
2339,217.821023,34.1078944,0.0,0.99257,1,983766,1.3174180110369848E-13,6.967014795299499E-14,5.067079445490549E-14,ILTJ143117.00+340628.5,217.82084456772236,34.10793065114402,0.001181993093198188,5.837284680794834E-5,0.0012580809458689237,3.510917231684315E-5,S,1,1,0.693,1.0,0.693,1,3,Bootes,1.86,0.08,0
2345,218.7365239,34.1074874,3.4657E-4,0.992131,0,983563,1.5535345484222857E-15,-4.492880193908829E-16,9.020767106238616E-16,ILTJ143456.78+340627.5,218.73657419898763,34.10764861446728,0.0035978106704538026,8.920724868529199E-5,0.0027341431876440098,4.253621692875328E-5,S,1,1,0.0,1.0,0.0,1,3,Bootes,-99.0,-99.0,-1
2347,216.6053973,34.1081856,1.3816E-6,0.944902,1,983953,1.77804818270897E-15,1.921504144920822E-15,-1.1629072781299566E-16,ILTJ142625.21+340628.4,216.60505025006054,34.10790073946712,5.763250232028597E-4,1.067351921920915E-4,4.1343383836752373E-4,4.9047622239313934E-5,S,1,1,1.8987,0.0,,,,Bootes,2.1,0.52,0
2348,218.808393,34.108406,1.455E-8,0.8982,1,983862,1.8374277750452593E-15,-4.462951980545468E-16,6.687132639527754E-16,ILTJ143514.01+340629.0,218.80837292132964,34.10807884870258,1.957120104989036E-4,5.340266952117766E-5,2.4527610891589117E-4,3.53765075281357E-5,M,1,1,2.0303,0.0,,,,Bootes,2.28,-0.08,0
2350,218.0513754,34.1139457,2.7274E-40,0.972552,1,987771,1.899017751761554E-14,1.8175540600612525E-14,4.046427089445589E-15,ILTJ143212.32+340650.2,218.05131834307352,34.11394730733955,4.245116977405941E-4,6.120683347551359E-5,4.260074926177466E-4,3.532072166338503E-5,S,1,1,0.9335,0.0,,,,Bootes,0.75,1.14,1
2351,217.5132449,34.1143299,1.5921E-39,0.994823,1,987945,1.6578362592933102E-14,2.5266318598436704E-14,9.7573174419817E-16,ILTJ143003.13+340650.9,217.51303686272024,34.11415077552608,0.005451306289819285,8.003330615936802E-5,0.005646872275192746,3.7800050326040946E-5,M,1,1,0.1261261,1.0,0.1261261,3,4,Bootes,-0.55,1.69,1
2354,217.4120017,34.1160008,1.2474E-69,0.997365,1,989019,3.8432017611000864E-14,1.8959873870277298E-14,1.5376668278494854E-14,ILTJ142938.85+340657.1,217.4118551451052,34.11586724309237,4.720173796129463E-4,7.929947051135613E-5,4.1103883336339925E-4,4.153853863439755E-5,S,1,1,0.39,1.0,0.39,1,3,Bootes,0.96,0.08,0
2364,218.2107321,34.1222128,0.0,0.999524,1,993246,7.468111662941191E-14,7.754314509374544E-14,1.570843629820319E-14,ILTJ143250.56+340720.1,218.21068737570366,34.122258790026585,0.0010108641003741738,7.117526634143042E-5,9.447109405871869E-4,3.925582554323285E-5,S,1,1,0.4930428,1.0,0.4930428,3,4,Bootes,-99.0,-99.0,-1
2365,217.9790786,34.1232315,1.5264E-20,0.982489,1,993959,1.617199921509882E-14,-1.116719360934259E-15,7.314758638032705E-15,ILTJ143154.85+340724.0,217.97855302594365,34.12335116342671,1.9034736242650607E-4,5.7466175156487684E-5,2.1435737562289824E-4,3.451254172618536E-5,S,1,1,1.583,1.0,1.583,1,3,Bootes,1.48,0.53,0
2376,218.6149983,34.1282293,5.462E-93,0.905558,1,997114,5.472081377525718E-14,5.277646704221505E-14,1.2816698751104529E-14,ILTJ143427.57+340741.4,218.61488508126536,34.12816931662488,0.0025509589164936877,1.2920228035623806E-4,0.0020610324104661827,3.927695532183861E-5,M,1,1,0.1903888,1.0,0.1903888,3,4,Bootes,-0.13,1.3,1
2378,217.505862,34.1336686,1.171E-11,0.989316,1,1000836,5.491006110687092E-15,2.3764090644223283E-15,1.685536298047208E-15,ILTJ143001.30+340800.3,217.50540036699826,34.133437234289715,3.326790718209829E-4,7.131673103551106E-5,2.9159898065454304E-4,3.722302765526759E-5,S,1,1,0.367,1.0,0.367,1,3,Bootes,0.97,-0.14,0
2380,217.7239281,34.1344755,9.2768E-54,0.973936,1,1001601,2.603832595691011E-14,1.5060098573987336E-14,9.416466611850587E-15,ILTJ143053.68+340805.3,217.7236603509201,34.13482414069289,7.34139285583975E-4,1.5583962471915814E-4,2.2306445284843652E-4,3.708872374123808E-5,S,1,1,1.122,1.0,1.122,1,3,Bootes,1.63,0.61,0
2387,218.6017915,34.136165,1.6639E-36,0.99356,1,1002466,2.2291408940033303E-14,1.5163025924760614E-14,7.187906292085657E-15,ILTJ143424.33+340810.1,218.60136564541583,34.136147675928484,2.2152675973615918E-4,6.830997135382749E-5,2.177537975465977E-4,3.685276639131697E-5,M,1,1,2.721823,1.0,2.721823,2,4,Bootes,2.38,0.15,0
2389,218.2607827,34.1381028,3.0515E-7,0.992992,0,1004054,2.594317328334287E-15,-4.148913142948838E-16,1.3879591659004006E-15,ILTJ143302.56+340817.9,218.26068587126056,34.13832620686517,6.515636639369575E-4,1.0659837972492204E-4,4.8421234925624706E-4,3.679074576575658E-5,M,1,1,0.443,1.0,0.443,1,3,Bootes,1.3,-0.02,0
2392,217.8935875,34.1414571,2.6878E-59,0.998215,1,1006100,2.2792544799141504E-14,1.3046020612115561E-14,8.207711418681011E-15,ILTJ143134.49+340829.2,217.8936969684549,34.14145584603,2.5515967842016073E-4,6.863584219542628E-5,2.2259405306022692E-4,3.575027239912109E-5,S,1,1,1.628,1.0,1.628,1,3,Bootes,1.78,0.36,0
2397,219.0059282,34.1361462,1.6879E-13,0.993296,1,1002460,9.200286951475378E-15,2.9609804224887774E-15,3.565941996489919E-15,ILTJ143601.33+340810.0,219.00554278831848,34.13613525756472,5.881360258897933E-4,6.514484574245834E-5,6.08425855524496E-4,3.8298949757421775E-5,S,1,1,0.9786,0.0,,,,Bootes,1.93,0.05,0
2401,219.5346626,34.1314064,4.0125E-24,0.867071,1,999422,5.214233906101373E-14,2.0521393871769785E-14,1.8397244291422908E-14,ILTJ143808.10+340753.2,219.53375055416214,34.13146062468441,0.002515871390027694,1.28013343118943E-4,0.0025516419147555043,7.454142383438393E-5,S,1,1,1.871,1.0,1.871,1,3,Bootes,2.22,1.01,1
2410,218.7430814,34.1437423,3.5976E-98,0.995209,1,1007567,2.1014606390291414E-14,1.4009193750434006E-14,6.9664719811143025E-15,ILTJ143458.33+340836.8,218.7430244924154,34.143571996473135,6.123572808065147E-4,7.000805701918302E-5,6.229659551323789E-4,4.0743984970468834E-5,S,1,1,1.162,1.0,1.162,1,3,Bootes,2.01,0.15,0
2416,216.8111071,34.1463143,1.8124E-35,0.99631,0,1009371,1.5288939033681835E-14,8.420596872106472E-15,6.150295431123431E-15,ILTJ142714.57+340846.8,216.810725413666,34.14633941149678,1.6981981204562463E-4,5.7528724945418076E-5,2.114432228022092E-4,3.55792527661698E-5,S,1,1,2.4878,0.0,,,,Bootes,2.0,0.36,0
2417,217.7424589,34.1518834,3.3307E-10,0.991602,1,1013224,5.3163453459951186E-15,1.4912572518337936E-15,1.6202178230568184E-15,ILTJ143058.23+340905.9,217.74260794681538,34.15166004495352,4.832295905291373E-4,6.913317458649431E-5,4.344719701723246E-4,3.693693247950959E-5,S,1,1,0.959,1.0,0.959,1,3,Bootes,2.0,-0.13,0
2425,216.8098152,34.1505313,2.2633E-62,0.991743,0,1012236,2.1032555590502472E-14,1.706539399883076E-14,5.693721691390374E-15,ILTJ142714.29+340901.1,216.8095482061504,34.15030791871837,0.0011559013468652774,8.188577382304651E-5,9.87656952390209E-4,4.24634869717621E-5,S,1,1,1.2107,0.0,,,,Bootes,1.49,1.04,1
2433,218.7706255,34.1541589,1.2709E-8,0.8802,1,1014958,2.4983343508888953E-15,4.144014559778384E-15,-1.3964972965310597E-16,ILTJ143504.90+340915.0,218.77040247005203,34.15416971957179,2.047110733936482E-4,6.355099383786591E-5,2.181128057322128E-4,3.777011723004705E-5,S,1,1,1.6738,0.0,,,,Bootes,1.3,0.81,0
2435,217.6607626,34.1579294,4.1899E-16,0.930087,1,1017283,9.441905411628994E-15,1.2133129211093274E-14,1.213710249298109E-15,ILTJ143038.48+340928.8,217.66034103572358,34.158000788017915,0.0019778279205176336,5.9915871547962934E-5,0.0020431068735358936,3.5335894744236946E-5,S,1,1,1.1361,0.0,,,,Bootes,1.74,0.93,1
2441,218.4801676,34.1594321,1.0571E-41,0.889834,1,1018195,2.0745501668976204E-14,1.103162815904883E-14,7.921670428177857E-15,ILTJ143355.09+340933.3,218.47953587398106,34.159271142950686,0.01134147427750816,1.7123828722736718E-4,0.008197701710937236,4.3642722939694064E-5,M,1,1,1.674,1.0,1.674,1,3,Bootes,1.9,1.9,1
2447,216.7978659,34.1598296,1.356E-7,0.988264,0,1018510,3.040194207728573E-15,4.885226780214802E-15,-6.491478688588747E-17,ILTJ142711.36+340935.0,216.79733845013442,34.15973906358475,3.205019461682704E-4,7.881591279916771E-5,3.155960253894828E-4,4.4926629332315214E-5,S,1,1,1.2694,0.0,,,,Bootes,2.06,-0.09,0
2463,216.3512961,34.1596278,1.4821E-10,0.988653,0,1018608,1.2258745880682944E-14,1.0143107473836039E-14,2.26681971598554E-15,ILTJ142524.23+340935.9,216.3509719280429,34.15997426628002,0.015048442062765115,9.894942607745807E-5,0.014754963597429166,5.6356407556123785E-5,S,1,1,1.2061,0.0,,,,Bootes,1.57,2.06,1
2468,217.5102617,34.1701404,1.8405E-72,0.989187,1,1025417,2.0628429142024982E-14,9.536865703354354E-15,7.955098555399054E-15,ILTJ143002.41+341012.4,217.51004663043702,34.17013146062185,0.0015638423072046382,5.990592096993805E-5,0.0016482017070275203,3.580957011046139E-5,S,1,1,0.328,1.0,0.328,1,3,Bootes,1.47,-0.12,0
2470,218.2713499,34.1700097,5.5701E-32,0.990559,0,1025313,1.0257906272764153E-14,9.261630589991859E-15,2.2255153196303413E-15,ILTJ143305.13+341012.7,218.27138154252953,34.17021449465299,9.654898477596948E-5,4.289410054832451E-5,1.449893891840378E-4,3.201286837161475E-5,M,1,1,1.2009,0.0,,,,Bootes,1.35,0.1,0
2471,216.2055869,34.1626304,1.6584E-29,0.996541,1,1020219,5.5336510205353265E-14,3.1459535670881936E-14,1.875484980280383E-14,ILTJ142449.33+340944.5,216.20553042313674,34.16238373526763,0.005300603701281076,1.023485846987827E-4,0.004563333423725195,5.3393323011012904E-5,S,1,1,0.874,1.0,0.874,1,3,Bootes,1.96,0.86,1
2473,217.2562208,34.1719241,7.8959E-62,0.998591,1,1026514,1.7701755617234426E-14,1.6816269176080044E-14,3.676730242993317E-15,ILTJ142901.50+341018.3,217.2562526519231,34.17175378818765,5.406140897293362E-4,8.060213557587815E-5,5.022425864567465E-4,3.85210308159003E-5,M,1,1,2.115,1.0,2.115,1,3,Bootes,2.88,-0.25,0
2475,216.6461121,34.1687141,3.6958E-21,0.969307,0,1024231,5.134502593223521E-15,6.557621929393419E-15,8.333256305868533E-16,ILTJ142635.07+341006.4,216.6461280454548,34.16845564728105,7.301220079091646E-4,1.0040671460271164E-4,5.653509109282175E-4,4.867375726532219E-5,S,1,1,0.8289,0.0,,,,Bootes,1.28,0.68,0
2478,217.1464029,34.1732253,1.5074E-25,0.992538,1,1027405,7.881652671862142E-15,6.699756208793849E-15,1.590462311634592E-15,ILTJ142835.07+341023.1,217.14613077930673,34.17310835958702,0.0010941394126547735,7.772038130193978E-5,9.552284282375109E-4,4.089719260549864E-5,S,1,1,1.281,0.0,,,,Bootes,1.43,1.14,1
2486,218.9286666,34.1749658,3.0151E-8,0.602219,1,1028587,3.2109010891729712E-15,2.72487381423641E-15,7.26465383314425E-16,ILTJ143542.93+341029.8,218.9288600541872,34.17495418338532,4.579671412801989E-4,6.656639589200315E-5,4.3312980252395986E-4,3.6586816763066345E-5,S,1,1,2.7202,0.0,,,,Bootes,2.13,0.73,0
2489,218.1708823,34.1807235,5.4634E-46,0.967969,1,1032346,1.7862205178222018E-14,1.323939853588712E-14,5.75284493626209E-15,ILTJ143240.94+341050.5,218.17057506528042,34.18070050677069,6.695553126240644E-4,1.1553364749736548E-4,3.2036767909789815E-4,3.891620744175383E-5,S,1,1,0.5325,0.0,,,,Bootes,-0.26,1.86,1
2490,216.5977971,34.1759465,2.9177E-24,0.999067,0,1029260,4.284733966595712E-15,5.454107975052446E-15,6.475549178519449E-16,ILTJ142623.49+341032.2,216.59788164946107,34.17562980475105,3.1449766849115377E-4,1.0210323145000344E-4,2.552680263204591E-4,5.109977885379299E-5,S,1,1,1.2231,0.0,,,,Bootes,2.18,-0.26,0
2493,217.7534139,34.1834414,1.7064E-9,0.93909,1,1034166,3.9931637797254296E-15,3.0169311167597677E-15,6.115924114423943E-16,ILTJ143100.88+341059.4,217.7536470151259,34.183175246647664,2.8977371579197594E-4,5.702625197883815E-5,3.150283978242883E-4,3.451052073717773E-5,S,1,1,1.2235,0.0,,,,Bootes,1.22,0.74,0
2495,217.5245918,34.1848086,1.0658E-6,0.993148,1,1035186,2.257383604454738E-15,5.271123271734312E-15,-4.120654619514598E-17,ILTJ143005.93+341104.2,217.524702267961,34.184524719093034,4.28038360659098E-4,6.374060946295022E-5,4.317933448009863E-4,3.6987730581525415E-5,S,1,1,0.914,1.0,0.914,1,3,Bootes,1.78,0.01,0
2496,219.1010252,34.1784662,4.3247E-13,0.920755,1,1031056,1.1640613517204176E-14,4.680845450840763E-15,3.4692503741370154E-15,ILTJ143624.39+341042.0,219.10161180493455,34.17834308261245,2.6229180388227954E-4,6.32722915554157E-5,2.944123307181386E-4,3.82912478162325E-5,M,1,1,1.7866,0.0,,,,Bootes,1.8,0.44,0
2500,218.363204,34.1848286,3.7501E-9,0.946232,1,1035395,8.427811720056215E-15,-6.905549404017492E-16,3.680290053170405E-15,ILTJ143327.17+341105.9,218.36319988087368,34.18499307498089,2.259017777866218E-4,7.024519782936686E-5,2.481279792629235E-4,4.297831376159643E-5,S,1,1,1.2516,0.0,,,,Bootes,1.52,0.33,0
2505,216.5587878,34.1821757,2.782E-9,0.985675,1,1033360,2.7769610206550455E-15,2.394024531363923E-15,3.5301459804585033E-16,ILTJ142614.10+341055.3,216.55877053258314,34.18203628066335,3.5743587817185275E-4,7.018096317403869E-5,3.8285520703351943E-4,4.2200971344732156E-5,S,1,1,0.4353,0.0,,,,Bootes,0.68,0.37,0
2516,216.8076642,34.1881965,4.4712E-8,0.995663,0,1037529,3.158472871481397E-15,9.58044316243546E-16,8.490921677907859E-16,ILTJ142713.80+341117.2,216.80750859501924,34.188112306895114,8.204258075328335E-4,1.3088937380979247E-4,5.902940652689894E-4,4.838432466931408E-5,M,1,1,0.3613,0.0,,,,Bootes,-0.67,2.01,1
2530,218.3549893,34.1967767,7.2097E-32,0.990131,1,1043624,2.3035674391098325E-14,3.40045851948904E-14,-3.207931737736951E-16,ILTJ143325.19+341149.1,218.3549520192884,34.196980446113876,2.651583352303367E-4,6.633735984135501E-5,2.950967162300404E-4,3.9917672478733185E-5,S,1,1,0.45,1.0,0.45,1,3,Bootes,-0.01,1.02,1
2536,217.4949985,34.2024847,1.1482E-31,0.993554,1,1047189,9.618207837059297E-15,3.9123474315161735E-15,4.14531376277956E-15,ILTJ142958.74+341209.2,217.49475256224122,34.202576025124856,0.001190105788003951,7.401274359625892E-5,0.0010302385407181143,3.874076104018512E-5,M,1,1,0.33,1.0,0.33,1,3,Bootes,1.52,-0.29,0
2543,216.748994,34.1998197,2.1077E-49,0.969068,0,1045379,2.659002330113251E-14,8.963102938185813E-15,1.2321570348036536E-14,ILTJ142700.17+341200.7,216.7507162625302,34.200206233252004,1.5490099268015032,0.0022213790890005807,0.08665070570079154,9.839990550972289E-5,M,1,1,0.128,1.0,0.128,1,3,Bootes,-99.0,-99.0,1
2544,217.1607494,34.2033237,8.3483E-7,0.803557,1,1047576,2.5018853899320646E-15,1.0647378860895402E-15,-4.299168051678322E-16,ILTJ142838.54+341210.9,217.1605733895225,34.203053657197046,2.0228870816078133E-4,6.44876294612731E-5,2.116497801109515E-4,3.7742707051156405E-5,S,1,1,1.8107,0.0,,,,Bootes,1.78,0.37,0
2546,218.55962,34.2026965,3.5556E-41,0.920955,1,1047156,1.4111480302046122E-14,1.3407019238230932E-14,2.7325490735033107E-15,ILTJ143414.27+341209.1,218.55943998771585,34.20252837805497,4.66103028611947E-4,8.696364622338999E-5,4.46757298364818E-4,3.752390759836999E-5,M,1,1,2.1512,0.0,,,,Bootes,2.95,-0.37,0
2549,218.5173321,34.2045948,6.962E-32,0.964339,1,1048376,1.7361785495893974E-14,1.1868856712547617E-14,5.924287885511087E-15,ILTJ143404.02+341216.2,218.51673032078784,34.204507540443494,5.385890211411188E-4,9.70880812351602E-5,3.7640008547199156E-4,4.353162052473085E-5,S,1,1,1.0575,0.0,,,,Bootes,1.08,1.01,1
2551,217.4795043,34.2097691,7.3961E-16,0.067708,1,1051930,5.86538178765274E-15,8.751973834661996E-15,4.210826663699862E-16,ILTJ142955.00+341233.8,217.47917385242994,34.209392780361526,5.678417184240414E-4,7.481653312713833E-5,4.873574617284262E-4,3.867839561170923E-5,S,1,1,1.6642,0.0,,,,Bootes,1.41,1.12,1
2556,216.8627493,34.2120969,6.0189E-6,0.984252,0,1053292,1.347360808449863E-15,1.3396561268747357E-15,-2.4253863030712474E-16,ILTJ142726.92+341241.0,216.862187427889,34.211414612044294,6.918507335512707E-4,1.0817346188429255E-4,4.916111285279736E-4,4.218422120902687E-5,M,1,1,0.5755,0.0,,,,Bootes,-99.0,-99.0,-1
2559,216.9278497,34.2143949,4.4444E-21,0.434702,1,1054871,6.465940179080671E-15,1.5762881414673524E-15,2.6232226406182145E-15,ILTJ142742.52+341250.7,216.92715379012316,34.21409098542627,2.1552333738840632E-4,6.52574828386992E-5,2.3300908177689754E-4,3.8890576001944934E-5,S,1,1,1.6961,0.0,,,,Bootes,1.86,0.24,0
2572,216.9869926,34.2225506,8.4224E-11,0.790683,1,1060155,5.046391611718731E-15,-8.150323749363978E-16,2.515409027072298E-15,ILTJ142756.81+341319.6,216.98668848945422,34.22212485320932,2.760837467921427E-4,8.331430392547633E-5,2.3234026538355586E-4,4.238164374636558E-5,S,1,1,1.6096,0.0,,,,Bootes,2.04,0.1,0
2574,216.5859418,34.2203298,9.2655E-8,0.993074,0,1058663,1.583175592117595E-15,-3.5439441843807416E-16,4.1820421070940107E-16,ILTJ142620.58+341311.5,216.58575200459632,34.21986978158471,3.700786237036421E-4,9.34198329970135E-5,2.935803702225866E-4,4.587160066806863E-5,S,1,1,0.1161,0.0,,,,Bootes,-0.18,0.05,0
2576,218.9644916,34.2215906,1.4599E-58,0.997265,0,1059688,2.278357218842577E-14,1.102808078243242E-14,9.034699592447242E-15,ILTJ143551.47+341317.6,218.96446502028738,34.221578928266055,1.589891192719744E-4,4.670636021842374E-5,2.28453527016029E-4,3.383916851918167E-5,S,1,1,1.721,1.0,1.721,1,3,Bootes,1.62,0.38,0
2579,217.2376426,34.2287188,1.5934E-5,0.99342,1,1064035,1.7587277996637564E-15,9.55063262268913E-16,-2.6417005680789333E-16,ILTJ142857.06+341341.9,217.23775484465034,34.2283113206781,2.815526840707411E-4,7.216223100542612E-5,2.7020527557333133E-4,3.9592868146086055E-5,S,1,1,0.7175044,1.0,0.7175044,2,4,Bootes,1.25,0.15,0
2584,218.1308508,34.2302649,3.3569E-153,0.962181,1,1065294,4.286361825043182E-14,3.2951507631782437E-14,1.3006631057751589E-14,ILTJ143231.38+341349.6,218.13076826379725,34.23045040789848,4.825518067403706E-4,6.134101340366359E-5,4.7170304383420435E-4,3.482271825893136E-5,S,1,1,1.9903,0.0,,,,Bootes,1.68,0.94,1
2585,216.9767674,34.2288679,1.2553E-241,0.977232,1,1064235,6.199420397672158E-14,6.555607766720271E-14,1.2986564937062725E-14,ILTJ142754.38+341343.1,216.9765925019132,34.22865995934829,3.55832090837803E-4,6.626001703161596E-5,3.930452328710268E-4,4.071104203786792E-5,S,1,1,0.571,1.0,0.571,1,3,Bootes,0.65,0.67,0
2593,218.9926324,34.2277597,6.5639E-8,0.26686,1,1063309,5.9818940296817174E-15,4.067429109425408E-15,1.365406703599696E-15,ILTJ143558.35+341338.6,218.9931072712226,34.227391634794465,3.772255943288103E-4,6.097417175512046E-5,4.148728778944214E-4,3.7487642606527664E-5,S,1,1,1.4373,0.0,,,,Bootes,1.37,0.85,1
2599,218.2753246,34.2349731,2.893E-23,0.996443,1,1068409,1.3891354934921954E-14,4.98471039761098E-15,5.867418431742305E-15,ILTJ143306.02+341405.9,218.2751028652601,34.23499443042792,3.009132909888386E-4,5.094586730419705E-5,3.870026680168774E-4,3.4598978385857394E-5,S,1,1,0.882,0.0,,,,Bootes,1.42,0.21,0
2602,218.4767111,34.2346475,1.0183E-9,0.875891,1,1068191,4.5617316752825074E-15,1.1812696471204043E-15,1.5250960213282406E-15,ILTJ143354.40+341404.5,218.47664979735382,34.23458904313732,2.3529556550116613E-4,6.140147570797014E-5,2.961447401288889E-4,4.111468069549777E-5,S,1,1,1.7155,0.0,,,,Bootes,1.7,0.46,0
2603,217.8840047,34.2380769,0.0,0.997939,1,1070533,1.507212270557093E-13,7.562486963118304E-14,6.096820935956763E-14,ILTJ143132.13+341417.0,217.88386294100127,34.23805579597817,4.6895902869753905E-4,5.3158818481048773E-5,5.677694939489379E-4,3.2965950406182424E-5,Z,1,2,1.036635,1.0,1.036635,3,4,Bootes,1.94,0.0,0
2607,219.1553903,34.2322987,1.9818E-8,0.984632,1,1066513,5.53056074780863E-15,1.0950131330603452E-14,-3.4258407596873775E-17,ILTJ143637.30+341355.3,219.15541388251015,34.23205132820574,3.98411015147194E-4,7.066420281303064E-5,3.756080592037406E-4,3.918956512511213E-5,S,1,1,0.971,1.0,0.971,1,3,Bootes,1.58,0.26,0
2617,218.345603,34.2428405,2.0176E-18,0.994572,1,1073698,1.559214660461972E-14,1.3706272313412057E-14,3.6989319012757E-15,ILTJ143322.86+341433.7,218.34525345167242,34.24271589237577,3.2725627765381205E-4,1.0020576767108934E-4,1.9602127375182665E-4,3.9524842140913E-5,S,1,1,0.192,1.0,0.192,1,3,Bootes,-0.2,0.49,0
2637,218.7469837,34.2459654,1.0397E-27,0.992605,1,1075902,1.0622997420539795E-14,3.372679769365298E-15,4.161421844594429E-15,ILTJ143459.27+341445.6,218.74695361869283,34.24600270443469,9.992921835585823E-4,6.606157957478448E-5,0.0010366226625423219,3.900821883472386E-5,S,1,1,3.163569,1.0,3.163569,3,4,Bootes,2.77,0.53,0
2641,219.1637499,34.243858,2.2372E-10,0.996908,1,1074427,7.89202809734222E-15,9.389021941768236E-15,-7.5692991847681665E-16,ILTJ143639.25+341437.6,219.16353993246628,34.243779334963314,0.0033398188377388146,7.940645156808827E-5,0.0029012656720567294,4.167983080873635E-5,S,1,1,0.1284498,1.0,0.1284498,3,4,Bootes,0.91,-0.08,0
2651,216.9820638,34.2552909,3.5025E-6,0.347171,1,1081789,2.6293355955296265E-15,3.743451849475967E-15,-2.4662025233152535E-16,ILTJ142755.61+341517.5,216.9817286440603,34.254885911826634,3.9175894513335865E-4,1.1605924433038063E-4,2.2534783591431632E-4,4.542108506448579E-5,S,1,1,2.0292,0.0,,,,Bootes,1.94,0.59,0
2657,217.0335254,34.2583763,3.2927E-27,0.987959,1,1083715,1.5396570233964944E-14,2.1576502887216332E-14,1.1970607800526078E-15,ILTJ142808.01+341529.8,217.033389299659,34.2582833809948,0.0029937121823180564,1.2381533017074775E-4,0.0026630542867775737,4.1711673860845624E-5,M,1,1,1.203,1.0,1.203,1,3,Bootes,1.66,1.26,1
2658,218.4638107,34.258604,1.1925E-114,0.997439,0,1083863,4.257974344489599E-14,4.1297183448046804E-14,9.234889578535709E-15,ILTJ143351.30+341531.0,218.4637342416735,34.25862419890055,0.0014508686625400698,6.81630501425368E-5,0.0014111664788854041,3.8615280593377725E-5,S,1,1,0.191,1.0,0.191,1,3,Bootes,-99.0,-99.0,-1
2659,218.3828215,34.2590882,6.0237E-6,0.985341,1,1084179,4.615391594678884E-15,5.517967187435356E-15,-3.22839108829371E-16,ILTJ143331.79+341532.7,218.3824391152276,34.25909682266775,6.723864683254687E-4,7.773195676209425E-5,6.131772764507976E-4,4.2094500577145185E-5,S,1,1,0.9543933,1.0,0.9543933,3,4,Bootes,1.49,0.56,0
2670,217.8920414,34.26815,1.6307E-90,0.995356,1,1090119,2.8147939768585344E-14,2.3913372965841036E-14,8.174613713820307E-15,ILTJ143134.13+341604.5,217.89219351564444,34.26793352900533,3.239143148978405E-4,6.590156236911473E-5,3.0064614449736514E-4,3.613597013930815E-5,S,1,1,1.2475,0.0,,,,Bootes,1.57,0.43,0
2680,218.4778003,34.2708757,1.9429E-7,0.193111,1,1091821,3.1050141305638793E-15,5.239143795960291E-15,-3.273326620670312E-16,ILTJ143354.59+341615.6,218.47747503573845,34.271010854458616,5.845054909886721E-4,5.829470989818791E-5,6.456916765637803E-4,3.593894917298266E-5,S,1,1,3.2301,0.0,,,,Bootes,2.23,0.9,0
2688,217.9915103,34.2805601,0.0,0.99922,0,1097997,5.460600083260066E-13,3.0174541568829217E-13,2.3262892429559904E-13,ILTJ143157.95+341650.0,217.9914452886171,34.28057623817375,0.006706828222878241,6.281294802633923E-5,0.007012798864825527,3.735033313272992E-5,S,1,1,0.7154354,1.0,0.7154354,11,4,Bootes,2.41,0.28,0
2691,216.864923,34.2782529,1.3646E-59,0.558992,1,1096537,1.951767248363257E-14,1.4585929895785777E-14,6.013461121659149E-15,ILTJ142727.50+341640.9,216.8645954691734,34.27803919190438,6.514921619972487E-4,9.352027750110076E-5,4.1091746411152396E-4,4.126104647415944E-5,Z,1,1,3.9139,0.0,,,,Bootes,2.89,0.41,0
2697,218.2671213,34.2834762,2.1547E-7,0.666428,1,1099673,5.107457859962821E-15,2.943853271654904E-15,1.1137410489570244E-15,ILTJ143304.06+341659.4,218.2669235268284,34.283182166824,3.162793967351221E-4,8.708819150974725E-5,2.2710683900002836E-4,3.938375759544065E-5,S,1,1,1.6063,0.0,,,,Bootes,1.63,0.6,0
2709,219.5711958,34.2743488,4.7696E-19,0.794251,1,1093892,1.6077440093473315E-14,7.734058657373576E-15,5.356984911515532E-15,ILTJ143817.05+341627.1,219.57102890337745,34.27419989459001,6.789384423013055E-4,8.90335542950337E-5,6.535643152361454E-4,5.0092937304481765E-5,S,1,1,1.4715,0.0,,,,Bootes,1.43,1.06,1
2713,218.2607735,34.2897135,5.2843E-27,0.72719,0,1103563,1.4031752580681138E-14,7.932353668126412E-15,5.2178979925865986E-15,ILTJ143302.64+341722.0,218.2609922527606,34.28945692445682,3.252216148758717E-4,8.02964805771565E-5,2.563855886054668E-4,3.930027150079167E-5,S,1,1,0.363,1.0,0.363,1,3,Bootes,0.54,0.31,0
2716,218.081444,34.2913859,0.0,0.999337,1,1104780,2.0022586275846699E-13,1.0292174576243443E-13,8.775414418220369E-14,ILTJ143219.53+341728.8,218.081370473623,34.29134136768503,4.1992176695945446E-4,5.1540993408353026E-5,5.006769415540151E-4,3.3387062667786E-5,S,1,1,0.6289501,1.0,0.6289501,3,4,Bootes,1.34,0.1,0
2726,218.1323563,34.2987932,1.709E-151,0.992007,1,1109123,4.1692820845940016E-14,2.5594849309943594E-14,1.585590122213188E-14,ILTJ143231.71+341756.0,218.1321376887659,34.29891194485904,6.397472028259096E-4,7.75621871692863E-5,6.746706208717594E-4,3.5183289775886803E-5,M,1,1,1.0465,0.0,,,,Bootes,1.21,0.93,1
2727,219.5027138,34.2865595,6.2164E-23,0.977102,1,1102051,2.243041178084596E-14,2.171324727017368E-15,8.298844906341968E-15,ILTJ143800.61+341711.2,219.50253847021082,34.286444558543515,3.4374973916932657E-4,8.567662659568538E-5,3.4149516562687564E-4,4.9149537265216426E-5,S,1,1,1.3596,0.0,,,,Bootes,1.45,0.67,0
2729,217.6629871,34.3008527,1.9362E-81,0.994811,1,1110194,3.036955608382965E-14,2.296786216590713E-14,9.768248350401302E-15,ILTJ143039.02+341802.4,217.66258488825926,34.30068879328709,4.5402658711214607E-4,7.809802725586192E-5,3.6947272457663884E-4,3.915164968530991E-5,S,1,1,0.19,1.0,0.19,1,3,Bootes,0.44,-0.06,0
2734,218.847391,34.299097,1.631E-16,0.996442,1,1109268,7.117865317802238E-15,2.871286259594543E-15,2.8121110900288783E-15,ILTJ143523.35+341756.9,218.8472973237414,34.299157289928736,3.504415566161239E-4,5.9212733901676425E-5,3.93997686578043E-4,3.6488433927519696E-5,S,1,1,0.9938,0.0,,,,Bootes,1.73,0.05,0
2749,217.3635808,34.3104613,6.2565E-96,0.993666,1,1115803,1.892831277299707E-14,1.473249851594562E-14,6.078003384925814E-15,ILTJ142927.20+341837.4,217.36335161732381,34.31039105442413,4.193943101956201E-4,9.569512708742866E-5,3.9450775591520244E-4,4.099729029621812E-5,M,1,1,2.01,1.0,2.01,1,3,Bootes,2.13,0.4,0
2753,216.385778,34.3048498,2.3216E-16,0.986782,1,1112584,1.1494957666219274E-14,4.970268667719213E-15,4.2772597410718565E-15,ILTJ142532.51+341816.0,216.3854737365892,34.30445126478647,6.234187435749692E-4,1.7206194502091319E-4,2.843363691733455E-4,5.6730251527247775E-5,S,1,1,0.359,1.0,0.359,1,3,Bootes,0.95,0.13,0
2759,216.5833955,34.3107637,1.4538E-16,0.94893,1,1116240,5.617580965462507E-15,2.897830260041348E-15,2.0092629702660987E-15,ILTJ142620.09+341837.7,216.5837131617328,34.31049460387592,0.0011039763322350296,1.065461407714462E-4,7.460574471835301E-4,4.6557008188035714E-5,M,1,1,0.794,1.0,0.794,1,3,Bootes,1.98,0.06,0
2766,219.4101072,34.3074604,2.7172E-8,0.676595,1,1114478,1.2747027479131101E-14,-5.339608151100725E-15,5.237530596383754E-15,ILTJ143738.38+341828.6,219.40990295940105,34.30794810863308,5.933895218875042E-4,1.4909992587121537E-4,4.99026834921994E-4,7.653415938487487E-5,S,1,1,1.584,0.0,,,,Bootes,1.49,1.02,1
2767,219.1781741,34.3104827,8.3873E-39,0.991113,0,1115817,2.8802661861715834E-14,3.680857574190753E-14,4.595737653437475E-15,ILTJ143642.71+341837.3,219.17794559220962,34.310386296442935,0.0018037447281358204,7.397337380727812E-5,0.0017414989648424696,4.169583075130693E-5,S,1,1,0.04418879,1.0,0.04418879,3,4,Bootes,-0.86,0.6,0
2775,219.5802054,34.3083853,2.5502E-35,0.998005,1,1114703,2.961539058757537E-14,3.212320379539451E-14,5.118226849692944E-15,ILTJ143819.35+341830.1,219.5806136688479,34.30836382700375,2.6460188842117977E-4,9.091599499471132E-5,2.5021814478936607E-4,5.014380351332281E-5,M,1,1,0.8039,0.0,,,,Bootes,0.83,0.69,0
2780,216.9749089,34.3212428,1.0911E-46,0.950824,1,1121751,1.097253657071011E-14,1.4796804196979993E-14,1.0922823088252278E-15,ILTJ142753.70+341915.7,216.973744199796,34.321037908446414,4.7152140911210934E-4,1.1462913677224646E-4,2.6496192058333995E-4,4.151365672805696E-5,M,1,1,0.6766,0.0,,,,Bootes,1.14,0.44,0
2786,217.2557745,34.3240464,1.259E-6,0.936781,0,1123591,2.231986056858654E-15,-3.0921185467565837E-16,9.569652497030267E-16,ILTJ142901.24+341926.2,217.25516282741376,34.32394463400384,2.97910717776997E-4,7.686019533540689E-5,2.9129310760819105E-4,4.265487442381508E-5,S,1,1,1.7097,0.0,,,,Bootes,2.18,0.04,0
2788,216.5721628,34.3198963,6.275E-6,0.839776,1,1121290,2.3633551457204752E-15,-3.213950693459752E-16,8.82040078156528E-16,ILTJ142617.15+341912.2,216.57147296873305,34.32006308482432,9.469927157665034E-4,1.5008350814247622E-4,3.9443683316990467E-4,4.557385298209586E-5,S,1,1,1.4666,0.0,,,,Bootes,2.34,0.22,0
2790,218.2262535,34.3260143,2.3654E-6,0.987232,1,1124607,3.2179071746592326E-15,-7.460951671480348E-16,8.035217242605039E-16,ILTJ143254.37+341932.1,218.22654031794258,34.32559100654096,4.0038510965231876E-4,1.0348185265355585E-4,3.5052751912379907E-4,5.4069309463560504E-5,S,1,1,1.488,1.0,1.488,1,3,Bootes,2.37,-0.17,0
2791,216.8985667,34.3245217,5.8965E-52,0.974119,1,1123933,1.4928868918434014E-14,2.02499076361553E-14,1.729584675603575E-15,ILTJ142735.70+341929.6,216.89873477842144,34.32488967738166,0.020951143279947793,2.3185916033601988E-4,0.00924844139365357,4.272350969040417E-5,Z,1,1,1.4835,0.0,,,,Bootes,1.5,2.48,1
2796,216.8391137,34.3265292,1.5591E-34,0.995341,1,1125070,1.6599090159379015E-14,1.1961408859768797E-14,5.6105232834742425E-15,ILTJ142721.31+341934.6,216.8387780943095,34.326297283011854,6.059361367089501E-4,1.000536821260256E-4,5.232214322039989E-4,4.0129277436790286E-5,M,1,1,0.925,0.0,,,,Bootes,1.81,0.14,0
2797,218.7529302,34.3259632,4.222E-15,0.763129,1,1124445,6.984943237349238E-15,7.30073862526888E-15,1.1052168939659594E-15,ILTJ143500.73+341931.6,218.75303889615583,34.32544854194166,4.682002431974329E-4,5.457370890017051E-5,5.445011766940818E-4,3.478706949273391E-5,M,1,1,1.449,0.0,,,,Bootes,1.47,0.84,0
2799,216.3172743,34.3235941,1.1606E-77,0.971873,1,1123348,2.863200551228522E-14,1.3994159142369555E-14,1.0786110515242475E-14,ILTJ142516.21+341924.7,216.3175328600655,34.323533585591875,8.421789197429098E-4,9.815678733061946E-5,7.849395128660255E-4,5.391096321686404E-5,S,1,1,1.949,1.0,1.949,1,3,Bootes,2.0,0.82,0
2807,219.1449945,34.3309682,1.437E-5,0.947,1,1127740,3.3766642200535995E-15,-2.884761253703356E-15,-7.527203758578861E-16,ILTJ143634.73+341951.7,219.14469552498986,34.33104061399713,5.308374716832386E-4,6.119300658910241E-5,6.077321541889403E-4,3.845019898485374E-5,S,1,1,0.81,1.0,0.81,1,3,Bootes,-0.06,1.97,1
2810,218.4951788,34.3378985,1.0867E-155,0.959946,1,1131580,3.819669289847941E-14,2.496414943183088E-14,1.358986275568687E-14,ILTJ143358.77+342016.3,218.49487963978973,34.33787816382887,4.849527101284815E-4,9.477416249464981E-5,4.545583946252054E-4,3.947345056803897E-5,M,1,1,1.079,1.0,1.079,1,3,Bootes,1.28,0.76,0
2821,217.0123289,34.3445608,2.2697E-5,0.886842,1,1135327,1.9772253398682993E-15,-6.329951140354932E-16,3.215591567005088E-16,ILTJ142802.99+342039.7,217.01244601445663,34.34437073984729,4.597790236301419E-4,8.973829293054262E-5,3.2010207353868914E-4,3.954277530927511E-5,S,1,1,1.7433,0.0,,,,Bootes,1.57,0.91,1
2822,216.9149029,34.3459792,5.2857E-39,0.989961,1,1136225,1.1831981560754986E-14,7.75710296392204E-15,3.708997306491622E-15,ILTJ142739.54+342045.3,216.91473702720407,34.345938989425896,5.605113717152766E-4,7.496091191604856E-5,5.514939639754696E-4,4.269889830539008E-5,S,1,1,1.29,1.0,1.29,1,3,Bootes,1.81,0.44,0
2825,217.9264738,34.3485444,2.8339E-8,0.952572,1,1137835,4.769975149647598E-15,2.8494853614800113E-15,1.1417361747683626E-15,ILTJ143142.28+342054.1,217.92616816768415,34.348384408747975,1.857866286177683E-4,6.230712614944756E-5,1.8468348326504497E-4,3.458367047217953E-5,S,1,1,2.373,1.0,2.373,1,3,Bootes,2.27,0.06,0
2828,217.2175115,34.3501078,1.7732E-29,0.99617,1,1138695,9.350024763517294E-15,9.781613962629515E-15,1.7420197911283615E-15,ILTJ142852.17+342059.8,217.21736231583364,34.34995881516568,5.506415747409108E-4,1.0462680996499873E-4,5.666533680141356E-4,4.728802569661639E-5,M,1,1,1.25,1.0,1.25,1,3,Bootes,1.5,0.74,0
2832,218.5190229,34.3495531,2.6259E-21,0.991233,1,1138499,7.178302918718003E-15,3.481397360986028E-15,2.6449461235453176E-15,ILTJ143404.51+342058.8,218.5187873199025,34.34966964872371,0.016117550625870038,1.0465283938048623E-4,0.010469360885912684,3.6895615314278985E-5,M,1,1,0.798,1.0,0.798,1,3,Bootes,-99.0,-99.0,-1
2833,217.8395066,34.352147,1.5552E-97,0.996938,1,1139937,2.9487525928129924E-14,1.0707540865028501E-14,1.2894534125758674E-14,ILTJ143121.46+342108.3,217.83942053319126,34.352306066209096,2.6142347280546497E-4,5.603045639058302E-5,2.9653107995366375E-4,3.481005632631695E-5,S,1,1,2.441826,1.0,2.441826,3,4,Bootes,2.64,-0.17,0
2835,216.8281525,34.3495294,8.884E-11,0.96919,1,1138451,9.004468920530971E-15,4.952319264699045E-15,2.554994553692368E-15,ILTJ142718.78+342058.8,216.82823043464137,34.34966870572179,3.2272984541859354E-4,9.374564870231413E-5,2.351006899551905E-4,4.3136715098983495E-5,S,1,1,1.1957,0.0,,,,Bootes,1.67,0.27,0
2840,217.8870815,34.3542726,3.8936E-67,0.995611,1,1141179,2.2715812611904308E-14,1.0775367717386277E-14,9.172363194309472E-15,ILTJ143132.84+342115.2,217.88683097042397,34.35424422395565,2.5012695148784027E-4,5.643962344544747E-5,2.7549189997009676E-4,3.465863526080987E-5,S,1,2,0.992,1.0,0.992,1,3,Bootes,1.84,-0.2,0
2847,218.6948719,34.3536168,7.2674E-27,0.991689,1,1140783,9.525460191978958E-15,2.779811402955847E-15,4.102839974020914E-15,ILTJ143446.61+342112.7,218.69421069838367,34.35354022879072,2.9559980374168363E-4,6.933161056662304E-5,2.6182736773655216E-4,3.6871923119426846E-5,S,1,1,0.642,1.0,0.642,1,3,Bootes,1.37,-0.07,0
2850,217.5859376,34.3584285,3.8667E-7,0.773017,0,1143292,3.676663656691833E-15,3.834441290378137E-15,2.6685209939072057E-16,ILTJ143020.66+342128.5,217.58609198842078,34.35793849753813,2.0179378022792935E-4,6.53810146626952E-5,1.9364058386807576E-4,3.521706111559033E-5,S,1,1,1.4652,0.0,,,,Bootes,1.84,0.09,0
2852,217.5471292,34.3593254,6.6751E-19,0.066883,0,1143989,8.81680033044725E-15,1.054182040869215E-14,6.5363274562747025E-16,ILTJ143011.29+342133.0,217.5470487417991,34.359191435073036,0.0013656413342014223,6.205179482700408E-5,0.0014020890582520124,3.640907565261287E-5,S,0,1,2.0866,0.0,,,,Bootes,1.62,1.51,1
2868,218.7714374,34.3608874,6.1345E-309,0.962203,1,1144889,5.855542723328154E-14,3.5695317975720154E-14,2.1249925211143243E-14,ILTJ143505.05+342138.9,218.77102545904506,34.360806796657926,3.9826031385677336E-4,8.526139275888165E-5,2.8615850402467574E-4,3.9124768839209135E-5,S,1,1,0.1871684,1.0,0.1871684,3,4,Bootes,0.04,0.29,0
2878,217.9076612,34.3704126,8.014E-23,0.987012,1,1150215,9.949863599470806E-15,8.536256248916176E-15,2.130156202265233E-15,ILTJ143137.77+342213.4,217.90738709740396,34.3704064825463,2.7277248952186826E-4,6.619951193403269E-5,2.5913702528635715E-4,3.668477847677372E-5,S,1,1,1.0202,0.0,,,,Bootes,1.42,0.32,0
2896,218.7697965,34.3744562,2.2306E-8,0.98774,1,1152270,3.863745027182546E-15,1.878321754210035E-15,1.4324150194485559E-15,ILTJ143504.72+342226.3,218.7696752742933,34.37398338998794,5.533979190409274E-4,8.171248859075635E-5,5.223690242347542E-4,3.7731831056589724E-5,M,1,1,0.407,1.0,0.407,1,3,Bootes,0.82,0.34,0
2897,218.3095791,34.3776134,2.6506E-17,0.992718,1,1154213,1.1919868227115613E-14,4.858408633241935E-15,4.816682071042112E-15,ILTJ143314.24+342240.1,218.30934961105297,34.37781990504737,4.4329807333388054E-4,1.1795558864782209E-4,2.4082438065747746E-4,3.853557467664359E-5,M,1,1,0.193,1.0,0.193,1,3,Bootes,-0.69,1.16,1
2909,219.3266665,34.3730714,5.6356E-80,0.992291,1,1151622,1.0758945647405686E-13,1.1259586935603226E-13,2.5616439145151113E-14,ILTJ143718.39+342223.2,219.32663501255885,34.37311824080138,7.608626762779441E-4,1.0099654383931872E-4,5.590330182849016E-4,4.7184820193997146E-5,S,1,1,0.373,1.0,0.373,1,3,Bootes,0.31,0.94,1
2910,217.7861974,34.3834613,7.2209E-30,0.986979,1,1157370,1.0019071512163386E-14,1.2482088455517164E-14,9.23396767688437E-16,ILTJ143108.65+342300.8,217.78603718768827,34.38356147582707,4.17790908584788E-4,5.302634634642246E-5,5.177271018953907E-4,3.5118958180758815E-5,M,1,1,0.9862,0.0,,,,Bootes,1.59,0.28,0
2924,217.4802618,34.3877349,2.7061E-117,0.938213,1,1159572,2.2374037283698652E-14,1.53187744240603E-14,7.797505092386967E-15,ILTJ142955.26+342315.8,217.4802620457711,34.38773115670127,3.8895260336454265E-4,1.0053788131266199E-4,2.305259046626243E-4,3.9607350886745876E-5,S,1,1,2.5478,0.0,,,,Bootes,2.16,0.57,0
2927,218.2830746,34.3877613,1.9505E-102,0.998233,1,1159630,4.12528288065534E-14,1.846674612652562E-14,1.6687545134249494E-14,ILTJ143307.95+342315.3,218.2831183152691,34.387603333385705,1.8601916657172012E-4,6.328607504519821E-5,2.0754430398891088E-4,3.927499887114091E-5,S,1,1,1.951691,1.0,1.951691,3,4,Bootes,2.25,-0.11,0
2928,217.9806932,34.3895434,1.1271E-16,0.993966,1,1160483,1.3439606479458702E-14,1.0312927226553428E-14,3.586675564191031E-15,ILTJ143155.37+342321.6,217.9807187964521,34.38933294140852,4.4302464710548896E-4,6.34846077424936E-5,4.301388794857356E-4,3.576390461609495E-5,S,1,1,0.341,1.0,0.341,1,3,Bootes,0.58,0.33,0
2932,217.2658952,34.3922064,5.2183E-6,0.960049,1,1162107,1.7334110809244964E-15,-5.414157071831468E-16,3.6486053384903067E-16,ILTJ142903.81+342331.7,217.26588124753974,34.392164298722534,6.292387844710038E-4,1.9819495104524967E-4,3.0783039771550884E-4,6.858978310537032E-5,S,1,1,0.9243,0.0,,,,Bootes,0.11,1.99,1
2940,218.5929123,34.3920871,7.2387E-91,0.999168,1,1161915,2.3034614807949774E-14,1.342071277765373E-14,8.681888118386185E-15,ILTJ143422.23+342331.6,218.5926197549077,34.39211426868356,2.577034148970589E-4,7.030520487822594E-5,2.4177853265515086E-4,3.838675984260797E-5,S,1,1,0.382,1.0,0.382,1,3,Bootes,1.08,-0.33,0
2941,218.2565026,34.3949823,4.8215E-94,0.988309,1,1163559,3.4422183751672265E-14,2.1635088867456307E-14,1.1817120259432072E-14,ILTJ143301.52+342341.7,218.25635294599246,34.39493936948312,8.639316480143929E-4,9.941140765360365E-5,8.077745794054426E-4,4.4201652195624776E-5,M,1,1,2.6816,0.0,,,,Bootes,3.01,0.05,0
2943,217.0698365,34.3956508,7.926E-21,0.727081,1,1163831,4.443465023804177E-15,6.570579342315806E-15,6.527898265265403E-16,ILTJ142816.70+342343.6,217.0695720952963,34.395457532947816,7.167432612086048E-4,7.02692607947571E-5,7.185828974306875E-4,4.060720764598997E-5,S,1,1,1.5524,0.0,,,,Bootes,1.53,1.03,1
2945,217.7941554,34.399577,2.8087E-15,0.978446,1,1166167,5.025884346014251E-15,-7.672583577091092E-16,2.4588974156641983E-15,ILTJ143110.56+342357.7,217.7939836576077,34.399362711581944,5.203434884132709E-4,5.4858242493195434E-5,6.135559530858339E-4,3.5192669879437475E-5,S,1,1,2.1208,0.0,,,,Bootes,2.79,-0.17,0
2948,216.5383818,34.3954453,2.134E-25,0.984819,1,1163878,1.540273346315964E-14,6.846229251166554E-15,6.807542556891383E-15,ILTJ142609.14+342343.2,216.53810199585973,34.39533328419227,2.927688404525842E-4,8.516104417606613E-5,2.7142536989237725E-4,4.65586093678405E-5,S,1,1,1.8386,0.0,,,,Bootes,2.18,0.11,0
2953,217.0858545,34.4033774,7.9511E-7,0.751134,1,1168300,1.7546832476276726E-15,1.091066140440001E-15,2.423416039072069E-16,ILTJ142820.57+342411.1,217.08569461205693,34.40309753998407,2.844643370204108E-4,7.339081908029682E-5,2.767241733530936E-4,4.033654359779282E-5,S,1,1,1.6873,0.0,,,,Bootes,1.17,1.1,1
2956,217.0370076,34.4035486,1.6471E-7,0.946678,1,1168553,1.6213145510952074E-15,-4.063725006332549E-16,3.5925100485991614E-16,ILTJ142808.87+342413.4,217.03694260134424,34.40373055279674,5.383044707608583E-4,1.1350271800367987E-4,2.773919907897947E-4,4.13099807647008E-5,Z,1,1,0.3006,0.0,,,,Bootes,-0.26,1.2,1
2963,219.0236629,34.4016035,7.5065E-9,0.81901,1,1167382,7.009084890687558E-15,2.9033216699020224E-15,2.1508513057922092E-15,ILTJ143605.79+342405.8,219.02413361777153,34.401631259775485,9.357302766990382E-4,6.841570777032018E-5,8.573503319937984E-4,3.723698177194339E-5,S,1,1,0.25,1.0,0.25,1,3,Bootes,0.77,0.15,0
2966,216.9557601,34.4071447,3.9151E-139,0.819313,1,1170539,2.1517761862494443E-14,1.851743403479053E-14,5.81643363131906E-15,ILTJ142749.34+342425.0,216.95557335343545,34.4069479994167,5.854924594201437E-4,8.846865499985697E-5,4.557464213820237E-4,4.292566971944101E-5,S,1,1,0.954,0.0,,,,Bootes,-99.0,-99.0,-1
2968,217.8184268,34.4101166,4.8938E-27,0.996301,1,1172345,9.438969116728551E-15,6.997551417739946E-15,2.448542056471984E-15,ILTJ143116.44+342436.0,217.81848259059154,34.41000576441494,3.275782448401987E-4,7.873118623397934E-5,2.624041160467151E-4,3.8353117254274565E-5,S,1,1,0.614,1.0,0.614,1,3,Bootes,1.2,0.11,0
2969,216.4865707,34.4044327,5.6094E-66,0.996909,1,1169041,2.720080182397967E-14,2.1000300931857332E-14,8.415263091128363E-15,ILTJ142556.53+342415.9,216.48554656321681,34.40443225421291,3.715446055633487E-4,1.072078640434928E-4,2.3670618613344643E-4,4.361003110898171E-5,S,1,1,0.6822127,1.0,0.6822127,3,4,Bootes,1.02,0.47,0
2974,217.0033366,34.4106193,1.4474E-14,0.049381,1,1172414,2.2520477932116452E-15,-4.435485911127164E-16,8.3462866567796E-16,ILTJ142800.72+342436.7,217.00298776615284,34.41020737770711,0.001446396595509076,6.917908528226485E-5,0.0014573170696505226,4.0130846104089885E-5,S,1,1,1.9245,0.0,,,,Bootes,2.46,0.54,0
2980,218.3722948,34.4136614,2.7963E-14,0.88911,1,1174351,2.2576302856510947E-14,4.2958578545987335E-14,-1.2044111172432936E-15,ILTJ143329.27+342449.7,218.37197802959292,34.41383002525219,2.101555326731093E-4,6.548640770739121E-5,1.9805325124921597E-4,3.614953344031644E-5,S,1,1,1.089,0.0,,,,Bootes,1.48,0.2,0
2989,217.2392535,34.4174459,2.6633E-16,0.873247,1,1176511,4.390588458803291E-15,1.676464257272459E-15,1.8330286881884105E-15,ILTJ142857.33+342502.8,217.23885734856657,34.41746016812344,7.343202214646449E-4,1.2554337113508326E-4,7.794652589504373E-4,7.525213841987379E-5,S,1,1,3.33,1.0,3.33,1,3,Bootes,2.5,0.74,0
2994,217.9746655,34.4211557,5.6504E-29,0.833395,1,1178263,1.84136001262975E-14,1.0604933513086774E-14,6.2073337430326605E-15,ILTJ143153.88+342514.5,217.97451901928312,34.42069908245668,5.902334607277342E-4,1.15335471747752E-4,2.7497157335444936E-4,3.8527282943147345E-5,S,1,1,1.2095,0.0,,,,Bootes,1.18,1.07,1
3013,218.5460518,34.4268485,9.0003E-8,0.993615,1,1181729,2.0950938725924174E-15,-5.71126094650713E-16,1.2101897063325244E-15,ILTJ143410.99+342536.6,218.5457918307257,34.42684703729817,4.2889506338958334E-4,8.91966561674806E-5,4.147979803387488E-4,3.837092342291726E-5,M,1,2,0.183,1.0,0.183,1,3,Bootes,0.44,-0.13,0
3030,218.059819,34.4349882,8.9183E-77,0.977845,1,1186379,2.6819307989619485E-14,1.1908777420992971E-14,1.092181753881596E-14,ILTJ143214.53+342605.9,218.06055055072198,34.43499260325981,0.10172404558773897,4.8170708904344574E-4,0.03250315409932426,5.879402268328704E-5,M,1,1,0.511,1.0,0.511,1,3,Bootes,0.23,3.47,1
3031,219.31352,34.4257484,6.6805E-6,0.917047,1,1181060,4.033441209238638E-15,-5.926331507599155E-15,-5.2838864601691193E-17,ILTJ143715.19+342532.5,219.31327200598793,34.42569835387473,0.001198052945411912,7.61838613997889E-5,0.0011273969864377263,4.22025749318337E-5,S,1,1,0.9903,0.0,,,,Bootes,1.4,0.94,1
3035,217.5525913,34.4363519,1.4999E-39,0.999366,0,1187084,1.0275350642917574E-14,8.236543962736161E-15,2.295124593498554E-15,ILTJ143012.64+342611.0,217.55266709781455,34.4364028101456,8.64463932433088E-4,8.271137648218413E-5,6.763351489957026E-4,4.039845675117199E-5,S,1,1,2.888,0.0,,,,Bootes,2.39,0.79,0
3037,217.0838777,34.4358219,9.4874E-35,0.986432,1,1186608,6.88912525626168E-15,1.3746494407240028E-14,-1.5730916730099094E-16,ILTJ142820.08+342608.0,217.08364714808835,34.43555826229893,3.9360984862437846E-4,1.0334843578994447E-4,3.4524400526651837E-4,4.3749054999352665E-5,M,1,1,0.3289049,1.0,0.3289049,3,4,Bootes,-0.87,1.81,1
3039,218.5971964,34.4362466,3.4859E-80,0.953515,1,1187103,1.3228318829366154E-14,1.1567229783273666E-14,3.790819281910224E-15,ILTJ143423.40+342610.3,218.59749157557164,34.436214044800465,0.029547218474155694,2.392609437049485E-4,0.008547823699224265,4.5562028179119806E-5,M,1,1,0.8726,0.0,,,,Bootes,0.61,3.07,1
3065,219.4170475,34.4386839,2.3971E-9,0.995724,1,1188447,1.1480985350604355E-14,-5.644012205712087E-15,4.361450504453272E-15,ILTJ143740.09+342619.0,219.41702614171948,34.43863120887757,4.5404693615634396E-4,7.590450008064097E-5,4.417160888926574E-4,4.296356497282822E-5,S,1,1,3.016795,1.0,3.016795,3,4,Bootes,2.7,0.21,0
3074,217.7728934,34.4544635,3.5496E-7,0.946405,1,1197917,3.2885109903991116E-15,-7.270209796227346E-16,1.9386736420773423E-15,ILTJ143105.45+342717.6,217.77271009570373,34.45489949042939,2.2194935134197736E-4,6.448203871877853E-5,2.4050839079622539E-4,3.919322613135411E-5,S,1,1,4.576,1.0,4.576,1,3,Bootes,2.42,0.59,0
3076,217.8796344,34.4562528,5.7974E-85,0.999522,1,1198702,2.6096462829666572E-14,4.031752598011943E-14,-3.1184142357583376E-16,ILTJ143131.10+342722.4,217.87956432674233,34.45622544686725,0.0038614372433473988,8.603018858424711E-5,0.004028250613915957,4.288207652280107E-5,M,1,1,0.188,1.0,0.188,1,3,Bootes,-0.64,2.01,1
3078,218.626695,34.4536706,3.3453E-14,0.972476,1,1197199,3.0409402554846478E-15,1.6460957027458998E-15,7.796244326700407E-16,ILTJ143430.38+342713.4,218.6265693742786,34.45374528749852,3.4956808235738786E-4,1.0754028130682904E-4,3.007087936930611E-4,5.508333351627101E-5,M,1,1,1.3906,0.0,,,,Bootes,0.35,1.88,1
3080,218.2206108,34.4561577,1.0312E-91,0.998326,1,1198621,2.507102645343219E-14,1.681281372929984E-14,8.597838510269608E-15,ILTJ143252.95+342721.8,218.22062719286646,34.45607824194174,2.465917145260644E-4,5.906988706226903E-5,2.6664666729491046E-4,3.576633076630729E-5,S,1,1,0.664,1.0,0.664,1,3,Bootes,1.26,0.01,0
3086,216.4221709,34.4514838,5.838E-16,0.979492,1,1195954,5.105971137329878E-15,7.512435635141015E-15,-1.6053766159903515E-16,ILTJ142541.36+342704.5,216.42232849363504,34.45126770782952,3.375986752850634E-4,9.571823864645849E-5,2.7308898368022495E-4,4.479049417932401E-5,M,1,1,0.6829,0.0,,,,Bootes,0.35,1.15,1
3087,217.7053732,34.4594511,1.3013E-125,0.998975,1,1200565,3.9274360351915744E-14,3.857363348403194E-14,8.872527198430795E-15,ILTJ143049.35+342733.9,217.70561117545915,34.459415646085574,3.2161186577795965E-4,6.356177402785206E-5,3.624618585772552E-4,3.823913452172266E-5,S,1,1,0.511,1.0,0.511,1,3,Bootes,0.8,0.35,0
3091,216.1717585,34.4509634,1.1215E-46,0.987021,0,1195632,1.7122520972325994E-14,1.3469440170681279E-14,4.9437159644176666E-15,ILTJ142441.21+342703.0,216.1717038054814,34.45084952610334,3.028679668718797E-4,8.010951531892417E-5,3.1309109378200277E-4,4.725031287803895E-5,S,1,1,0.461,1.0,0.461,1,3,Bootes,0.61,0.43,0
3102,217.0199545,34.4650838,1.9325E-12,0.982203,1,1203724,2.8523875323259897E-15,-5.227072007358932E-16,1.268058119678679E-15,ILTJ142804.63+342753.6,217.01928775538124,34.46490864991593,5.195219395704194E-4,1.0213966438659911E-4,3.166179682557515E-4,4.130586032847251E-5,S,1,1,0.122,1.0,0.122,1,3,Bootes,0.12,-0.08,0
3110,218.6278591,34.4659178,3.1581E-19,0.994451,1,1204308,3.981174099618448E-15,4.860911996514112E-15,5.366161032297927E-16,ILTJ143429.19+342811.6,218.62162115551337,34.46991377446698,0.14593735846790923,9.042219085946622E-4,0.02307884343912645,5.7223148221964946E-5,Z,1,1,1.3886,0.0,,,,Bootes,1.75,2.99,1
3111,218.2367368,34.4680619,2.5831E-9,0.985416,1,1205551,4.7456336374095945E-15,2.195530223252461E-15,1.2824071292366045E-15,ILTJ143256.90+342805.1,218.23710135451304,34.46808533800573,4.071465382418624E-4,6.544681137309496E-5,3.881307199627022E-4,3.644758596234224E-5,S,1,1,0.169,1.0,0.169,1,3,Bootes,-0.67,0.97,1
3114,216.9870027,34.467013,2.549E-96,0.370861,1,1204830,1.6864469712203505E-14,1.0710045616338037E-14,5.757471051049524E-15,ILTJ142756.89+342800.4,216.98704395287538,34.46680118360021,2.885760018582417E-4,7.826748252778933E-5,2.605806108135867E-4,4.2004832618255856E-5,S,1,1,1.2034,0.0,,,,Bootes,1.64,0.27,0
3117,218.9879178,34.4649087,5.1364E-6,0.990009,0,1203922,7.053735659645949E-15,-1.6454734303314021E-15,3.4709696286992707E-15,ILTJ143557.15+342754.7,218.98813486401215,34.4652087243745,3.336896046289721E-4,1.0635419062381359E-4,2.0101860587129732E-4,4.314059432692225E-5,S,1,1,0.961,1.0,0.961,1,3,Bootes,1.05,0.73,0
3124,218.1350427,34.4741848,3.7476E-15,0.464478,1,1209159,5.0502061018861976E-15,3.4031459051284144E-15,1.4255882738994322E-15,ILTJ143232.39+342827.2,218.13494377799773,34.47424249236245,2.7221688692554184E-4,9.422560371383443E-5,2.0235983290721704E-4,3.756127975793788E-5,M,1,1,1.6659,0.0,,,,Bootes,1.48,0.74,0
3130,217.2943431,34.4765598,4.5704E-201,0.994691,1,1210490,3.084132167333508E-14,2.5507079870523738E-14,8.943016600837414E-15,ILTJ142910.62+342835.1,217.294251843683,34.476423081373824,0.0018365050660600834,1.3274736710455913E-4,0.0018650488423652696,7.739210124983536E-5,S,1,1,1.3684,0.0,,,,Bootes,1.72,1.11,1
3132,218.5291664,34.4753971,5.1861E-28,0.991829,1,1209788,1.1278176538710049E-14,7.085841443517053E-15,3.6432944548196105E-15,ILTJ143407.00+342831.5,218.52917241992282,34.475439731090006,4.6073883865888516E-4,5.70517615569839E-5,5.236910094821283E-4,3.583884135458442E-5,S,1,1,1.2399,0.0,,,,Bootes,1.58,0.56,0
3135,219.3829982,34.4685373,3.0372E-19,0.367212,1,1205792,1.688570490500338E-14,1.4914596803647044E-15,5.616957395677574E-15,ILTJ143731.90+342806.9,219.38293594296337,34.46859000004018,3.8848254904829E-4,6.571560520503152E-5,4.2408396263465137E-4,4.012496244657265E-5,S,1,1,1.478,1.0,1.478,1,3,Bootes,-99.0,-99.0,-1
3138,217.3926553,34.4791558,1.9759E-7,0.986749,1,1211971,2.655591460020088E-15,-2.4047843894029534E-16,1.0440936079436253E-15,ILTJ142934.24+342844.2,217.39267907403473,34.478949507178235,9.624654405996455E-4,7.830913577930952E-5,8.842063297508411E-4,4.2597431026066746E-5,S,1,1,1.0216,0.0,,,,Bootes,2.04,0.18,0
3139,216.3098067,34.4720612,7.0016E-23,0.996344,1,1207876,3.705807944898661E-15,3.0383512590636094E-15,9.356451584111428E-16,ILTJ142514.33+342819.3,216.30972156143332,34.47204256469941,0.0017673912692886152,9.820576959174954E-5,0.0014245883321866368,4.897747895766207E-5,S,1,1,0.6638,0.0,,,,Bootes,0.29,1.91,1
3141,217.8464456,34.4821328,2.2042E-110,0.999134,1,1213869,3.928643534497423E-14,2.1187067948121863E-14,1.5089196253894925E-14,ILTJ143123.10+342855.8,217.8462629425723,34.48218236766216,0.0012485636377265214,1.2300919935385104E-4,0.0011580803877439536,3.663028204391594E-5,M,1,1,1.286,1.0,1.286,1,3,Bootes,1.37,1.25,1
3144,217.5293128,34.4834655,1.7712E-34,0.994265,1,1214698,1.1778653927444532E-14,9.081612003730123E-15,2.970072283694318E-15,ILTJ143007.01+342859.8,217.5291907803825,34.48329372842811,3.2735395214711306E-4,8.784079681085402E-5,2.3163133774273544E-4,3.9990329623919314E-5,S,1,1,1.7407,0.0,,,,Bootes,2.08,0.21,0
3145,216.7891814,34.4800205,2.525E-12,0.996345,1,1212520,6.682083494003302E-15,-8.494490340586644E-16,2.9997362745913574E-15,ILTJ142709.45+342847.8,216.78935531193363,34.4799619944141,7.68393195170001E-4,8.215097053828451E-5,7.091915815351159E-4,4.49170777557466E-5,S,1,1,3.157,1.0,3.157,3,4,Bootes,2.51,0.69,0
3146,217.9920853,34.4860432,1.4133E-8,0.645352,1,1215330,7.920650039060589E-15,8.896795540780054E-15,-3.662254951699977E-16,ILTJ143158.21+342904.3,217.9925530494315,34.48453878074507,3.0713490976030065E-4,5.72653998488009E-5,3.4735649833671976E-4,3.583165658158438E-5,S,1,1,1.2153,0.0,,,,Bootes,1.77,0.16,0
3147,217.7116782,34.4854669,3.9405E-14,0.957825,1,1215541,7.785814519482214E-15,6.510100705399246E-15,2.014161833831416E-15,ILTJ143050.82+342904.8,217.71176179936265,34.48467459593843,3.3654592567234243E-4,7.824304887771506E-5,2.886474392331604E-4,4.067017843538153E-5,S,1,1,0.175,1.0,0.175,1,3,Bootes,0.22,-0.03,0
3150,218.3196607,34.4844392,1.6988E-23,0.988294,1,1215349,2.2490895606167176E-14,1.1472198385887811E-14,9.17663601758308E-15,ILTJ143316.61+342905.0,218.31919186716496,34.48472233351282,2.1338263836734715E-4,5.643167683510082E-5,2.3450974043748087E-4,3.4563920117489586E-5,S,1,1,1.07,1.0,1.07,1,3,Bootes,1.18,0.51,0
3163,217.1101323,34.4899952,1.8591E-17,0.990261,1,1218335,5.706228737427012E-15,5.110906074916264E-15,1.1705908277946295E-15,ILTJ142826.50+342921.5,217.11040016617065,34.489322002783794,0.009098555344824392,2.9257740544481924E-4,0.0021060001169184417,4.572579505111207E-5,M,1,1,1.1446,0.0,,,,Bootes,1.45,1.91,1
3164,217.0593872,34.4896916,0.0,0.992278,1,1218171,1.21187722194957E-13,5.726158818543795E-14,4.762021299565272E-14,ILTJ142814.26+342922.4,217.0594338660731,34.48955965337934,4.18870829893033E-4,9.718111097672427E-5,3.13820347635657E-4,4.58434682572382E-5,S,1,1,0.607,1.0,0.607,1,3,Bootes,1.64,-0.27,0
3181,218.0517351,34.4956701,6.0703E-65,0.989808,1,1221512,1.949309759684306E-14,9.829675784722174E-15,7.72783080923172E-15,ILTJ143212.32+342943.8,218.05132089228556,34.49551532380344,1.9867421059737187E-4,5.454609036338713E-5,2.4097665416416883E-4,3.461818589205685E-5,S,1,1,1.061,1.0,1.061,1,3,Bootes,1.64,-0.03,0
3192,218.0119168,34.503647,7.0668E-30,0.990873,1,1225991,1.5835163603729575E-14,9.939449369479307E-15,5.5597493637831605E-15,ILTJ143202.94+343011.9,218.01224802640485,34.50331442384662,2.8237966654447643E-4,7.169456995759475E-5,2.56986250076084E-4,3.85530007664777E-5,S,1,1,0.658,1.0,0.658,1,3,Bootes,1.3,0.02,0
3195,216.1907623,34.4959096,5.7681E-75,0.996072,1,1221671,2.3257706128792066E-14,1.4588223508135076E-14,7.741971736397557E-15,ILTJ142445.82+342944.8,216.19091480002643,34.49579332768775,3.8320529344632384E-4,1.0472868854842137E-4,2.841347284638653E-4,4.9280205203705166E-5,S,1,1,2.03,1.0,2.03,1,3,Bootes,1.7,0.84,0
3197,217.0470448,34.5038985,4.7973E-93,0.996765,1,1226208,2.03042030592681E-14,1.2129002541401346E-14,6.998307513060386E-15,ILTJ142811.33+343014.6,217.04722651193808,34.50405780491613,4.990232774463636E-4,1.0566611443992886E-4,3.429809581828882E-4,4.643320263383601E-5,S,1,1,1.579527,1.0,1.579527,3,4,Bootes,1.7,0.71,0
3200,217.395484,34.5069763,2.5381E-6,0.874963,1,1227905,2.7772724570783533E-15,3.3172247946249576E-15,-1.0558503686034395E-16,ILTJ142934.89+343024.4,217.3953758146897,34.506790068302166,9.246273033293184E-4,7.175689412089745E-5,9.007694290537016E-4,4.070179301154049E-5,S,1,1,2.15,0.0,,,,Bootes,2.19,0.75,0
3203,219.0188623,34.5021502,2.0738E-7,0.979567,1,1225054,7.539582905766251E-15,9.647770230567003E-15,-4.282974393327559E-16,ILTJ143604.51+343006.3,219.0187832185061,34.50175692840056,2.3372183580427526E-4,6.465091941693633E-5,2.456362547043418E-4,3.8517014396957304E-5,S,1,1,0.4983,0.0,,,,Bootes,-0.07,1.13,1
3210,218.8518878,34.5068407,2.9397E-30,0.976161,1,1228041,1.465622412369633E-14,9.751932577043932E-15,5.314477490285081E-15,ILTJ143524.33+343024.5,218.851391468769,34.50682268648116,9.432941434523352E-4,7.0703403302587E-5,9.35382510575483E-4,4.054660557917943E-5,M,1,1,2.491786,1.0,2.491786,3,4,Bootes,2.88,0.15,0
3218,219.388299,34.5026601,2.3586E-10,0.993662,1,1225585,6.851592275305099E-15,-5.706726436093934E-16,1.9763627241777962E-15,ILTJ143733.18+343010.3,219.38824732170238,34.50286987494318,2.455467880172707E-4,6.117002894815866E-5,3.038319139457562E-4,4.0484463158581665E-5,S,1,1,3.2,1.0,3.2,1,3,Bootes,3.2,-0.53,0
3219,217.5176032,34.514095,1.2331E-21,0.982361,1,1232003,1.20084715133153E-14,7.0698006435602E-15,4.84049663739698E-15,ILTJ143004.15+343050.4,217.51730887561757,34.51402407986497,7.013814706727226E-4,6.996430117646358E-5,6.449817862050209E-4,3.7938718341061834E-5,S,1,1,1.5172,0.0,,,,Bootes,1.77,0.74,0
3220,218.4926198,34.5128034,7.2454E-20,0.788886,1,1231327,9.317868153758741E-15,4.98387198684149E-15,3.047329373546907E-15,ILTJ143358.17+343046.1,218.49238155193942,34.51282587405357,3.2686651652149705E-4,8.099881188474452E-5,2.70551063806264E-4,4.110375841129427E-5,S,1,1,1.8813,0.0,,,,Bootes,1.84,0.55,0
3223,218.2897831,34.5171797,8.5443E-101,0.998018,0,1233767,3.1233953757176595E-14,1.865656782272566E-14,1.1657275752070925E-14,ILTJ143309.64+343101.6,218.29015535005658,34.51711843719901,2.093328416654459E-4,5.6165029213803125E-5,2.1971008899835051E-4,3.323317424562233E-5,S,1,1,0.9659,0.0,,,,Bootes,1.21,0.37,0
3225,217.585379,34.5196962,1.1184E-22,0.928929,1,1235295,1.1520975852901786E-14,5.822606538349817E-15,4.013026372007415E-15,ILTJ143020.46+343110.3,217.58523814965028,34.519553704238255,6.43946232518563E-4,7.000006097734207E-5,5.760968952966721E-4,3.73851523397037E-5,S,1,1,1.9737,0.0,,,,Bootes,2.17,0.53,0
3227,218.0665548,34.521977,3.4955E-13,0.987762,1,1236635,5.6583847027419324E-15,1.94362604553255E-15,1.9891338078127965E-15,ILTJ143215.89+343118.8,218.06619352271463,34.52189127554729,3.3194871648056264E-4,6.20792800222396E-5,3.494740286828653E-4,3.707198701296765E-5,S,1,1,0.9076,0.0,,,,Bootes,1.6,0.09,0
3228,216.6790832,34.5181325,1.7038E-6,0.957118,1,1234398,3.989378283811671E-15,6.463737680280368E-15,-5.631942733942208E-17,ILTJ142642.91+343104.8,216.67880068489072,34.518023198296945,7.91789711801755E-4,7.707301936173269E-5,7.476770421561051E-4,4.2800563527150653E-5,S,1,1,2.3232,0.0,,,,Bootes,2.18,0.77,0
3232,218.8463724,34.5200865,1.8861E-5,0.959313,0,1235606,4.244680019099883E-15,-3.9846858777890424E-16,7.374652937383852E-16,ILTJ143522.96+343113.5,218.8456804584591,34.52042042403736,6.179349576398035E-4,9.417872840244157E-5,6.380232917168153E-4,4.1785761924984396E-5,M,1,1,0.191,1.0,0.191,1,3,Bootes,-99.0,-99.0,-1
3236,217.6084796,34.5267894,6.4206E-21,0.958732,1,1239164,1.1822254420243881E-14,4.229724746907681E-15,4.670285675532287E-15,ILTJ143025.96+343135.9,217.6081752661293,34.52665194475949,0.0017154166395591931,6.864760887473687E-5,0.0015954707886854536,3.774403191122031E-5,M,1,1,5.2259,0.0,,,,Bootes,-99.0,-99.0,-1
3237,217.606624,34.5294251,6.3433E-7,0.997145,0,1240777,4.338870960076559E-15,-8.811819778311878E-16,2.412743907071791E-15,ILTJ143025.63+343145.1,217.6068033394309,34.52919729779185,2.0431426740467767E-4,7.537124912958603E-5,1.7089209014515161E-4,3.852190019105612E-5,M,1,1,0.446,1.0,0.446,1,3,Bootes,1.18,-0.39,0
3238,217.3807708,34.5290256,1.7984E-16,0.890711,1,1240446,6.324257085091372E-15,5.296601051741353E-15,1.6190190324764312E-15,ILTJ142931.27+343142.7,217.3803035562771,34.52853421441384,2.204093221374267E-4,6.65460052849564E-5,2.3241075582799755E-4,3.950923889456945E-5,S,1,1,0.842,1.0,0.842,1,3,Bootes,1.42,0.02,0
3249,217.5532597,34.5338777,6.8562E-19,0.996438,0,1243377,1.1026286347704223E-14,1.2621801887328513E-14,1.217156251710244E-15,ILTJ143012.65+343201.2,217.55270317110197,34.5336809002099,1.9437445589046633E-4,6.294198423402198E-5,1.956800638397845E-4,3.585576312153348E-5,S,1,1,0.245,1.0,0.245,1,3,Bootes,0.13,0.14,0
3250,218.1169317,34.5337317,6.864E-19,0.996241,1,1243317,5.909099556169996E-15,-4.1096769258222945E-16,2.861551652523714E-15,ILTJ143228.01+343201.1,218.11670163382192,34.53366463962807,8.313885410913776E-4,6.153437384778122E-5,8.809702919906925E-4,3.686267434380937E-5,S,1,1,0.589,0.0,,,,Bootes,1.24,0.43,0
3257,217.6518729,34.5391791,3.0252E-38,0.987767,1,1246408,2.7246467746450092E-14,1.257670232439121E-14,1.1226739299367982E-14,ILTJ143036.51+343220.8,217.65210788869965,34.53913302371638,4.866767964082715E-4,9.549647770116859E-5,4.457376478116895E-4,3.8198684611415954E-5,M,1,1,1.422,1.0,1.422,1,3,Bootes,1.31,1.01,1
3266,219.2333763,34.5370251,1.1837E-20,0.79022,1,1245167,2.863027243443795E-14,2.3589103677719363E-14,7.224166247432279E-15,ILTJ143655.96+343212.8,219.23315611926125,34.536897560747924,3.5315292926186426E-4,1.0979638984701195E-4,2.5100531079990393E-4,4.117677603790071E-5,M,1,1,1.562,0.0,,,,Bootes,1.58,0.68,0
3281,218.4528642,34.5511276,1.2135E-13,0.990687,1,1253231,1.2924207579302783E-14,-5.034506891444357E-15,3.955403888803829E-15,ILTJ143348.55+343303.2,218.45229013470268,34.550893214341386,2.900178496908322E-4,8.943684537355375E-5,2.0661281989672948E-4,4.0654766064839216E-5,S,1,1,2.310852,1.0,2.310852,3,4,Bootes,1.99,0.53,0
3290,217.679014,34.561445,8.0128E-64,0.992646,1,1258983,4.20226702837576E-14,4.312427731851883E-14,8.902055846539338E-15,ILTJ143042.97+343339.7,217.67906186728266,34.5610420343593,9.82592113731277E-4,8.331487744424336E-5,8.852144178554289E-4,3.767297748345299E-5,M,1,1,0.423,1.0,0.423,1,3,Bootes,1.45,-0.05,0
3291,216.6853117,34.556819,8.9463E-19,0.995582,1,1256497,1.105174905631968E-14,6.326585529943892E-15,4.401311399482493E-15,ILTJ142644.47+343324.3,216.6852923511352,34.55676433660714,4.483520709035278E-4,7.152821043180059E-5,4.6097974015294656E-4,4.201018296622221E-5,S,1,1,0.696,1.0,0.696,1,3,Bootes,1.61,-0.07,0
3297,217.50377,34.56507,2.3366E-16,0.899934,1,1260945,1.1142350838137525E-14,1.0069849892016147E-14,2.741704982196181E-15,ILTJ143000.85+343353.5,217.50355579438647,34.564881352394856,6.455600024122683E-4,1.0921014872622549E-4,3.6511322847942253E-4,4.201007352871725E-5,S,1,1,0.5042,0.0,,,,Bootes,0.45,1.02,1
3301,216.3491138,34.5603675,5.229E-42,0.995727,1,1258516,1.5280724312101282E-14,9.712093788979902E-15,5.290533602375797E-15,ILTJ142523.68+343336.8,216.34865479329844,34.56023374289336,2.472514462494581E-4,7.83860518765946E-5,2.3971323187590927E-4,4.4316302126097795E-5,S,1,1,2.63814,1.0,2.63814,3,4,Bootes,2.12,0.45,0
3302,216.7712896,34.5649852,1.2389E-17,0.996307,1,1261091,9.939701769691547E-15,9.337274422131612E-15,1.946559004133448E-15,ILTJ142705.10+343353.1,216.77125513674454,34.56477338494208,2.977902704952895E-4,7.496961563497504E-5,3.248558978425359E-4,4.5817507809413394E-5,S,1,1,0.619,1.0,0.619,1,3,Bootes,1.08,0.21,0
3304,216.2181257,34.5622069,5.6935E-86,0.992143,1,1259505,3.3198690063550795E-14,2.0103344139528294E-14,1.1685134214990016E-14,ILTJ142452.26+343343.2,216.21775236565446,34.56202241065109,4.5136594484478196E-4,1.1553727702730352E-4,2.9835730426849843E-4,4.987506907539138E-5,M,1,1,2.125,1.0,2.125,1,3,Bootes,2.1,0.52,0
3308,217.2548623,34.5740348,1.6077E-15,0.922297,1,1266362,5.165363679101803E-15,5.411753929976565E-15,1.163926828012214E-15,ILTJ142901.03+343426.5,217.25431019853528,34.57403875025154,5.676729268556151E-4,1.037173737842716E-4,3.7152365658013413E-4,4.443933891509848E-5,S,1,1,1.4057,0.0,,,,Bootes,1.68,0.66,0
3310,217.2048002,34.575714,1.9288E-54,0.989041,1,1267326,1.7248829840889644E-14,2.570068768874396E-14,1.8358961349577577E-15,ILTJ142849.07+343432.2,217.2044510884333,34.57563275094123,0.001861561253043061,7.720233916185828E-5,0.0017914499991443492,4.341726078670254E-5,S,1,1,1.212,1.0,1.212,1,3,Bootes,1.72,0.99,1
3312,217.5472808,34.5776314,2.2567E-29,0.993998,0,1268466,1.620679982137131E-14,3.87415229785016E-15,7.923851731657299E-15,ILTJ143011.25+343438.9,217.54688325430647,34.57747483983543,0.0021054637885981227,8.662556668993191E-5,0.0020265924466434035,3.837187655517482E-5,M,1,1,1.7093,0.0,,,,Bootes,2.08,1.0,1
3313,219.1158213,34.5713295,3.656E-25,0.991907,1,1264859,2.6980585809805684E-14,1.0696706480180775E-14,9.607189852077761E-15,ILTJ143627.80+343416.8,219.11581464055678,34.571357603957914,7.452366491855577E-4,6.590198249788122E-5,7.591642235705795E-4,3.848236199798764E-5,S,1,1,1.884806,1.0,1.884806,3,4,Bootes,2.0,0.74,0
3318,218.1275569,34.5804966,4.5797E-9,0.994173,1,1270328,2.1015914891295165E-15,2.5831964443941924E-15,1.8395597196059678E-16,ILTJ143230.56+343450.9,218.12732561532914,34.58081947390758,0.009663824252873713,7.93173263423507E-5,0.00993708751685045,3.745446644461481E-5,M,1,1,2.865,1.0,2.865,1,3,Bootes,-99.0,-99.0,-1
3321,218.1383516,34.5819718,5.9062E-252,0.994986,1,1271114,3.877280041461795E-14,2.355430250872137E-14,1.347701259152587E-14,ILTJ143233.16+343454.3,218.1381817689669,34.58177417210204,4.5319228879720506E-4,7.174599319766659E-5,4.085896147408979E-4,3.8160711121991954E-5,S,1,1,0.678,1.0,0.678,1,3,Bootes,0.81,0.78,1
3332,217.8399103,34.5873381,1.7608E-22,0.997858,0,1274626,1.2223171943329216E-14,1.7641526993668818E-14,-3.2427200456228113E-16,ILTJ143121.54+343513.9,217.83976783188362,34.58721794442712,2.8734492217515447E-4,9.08091671429271E-5,2.6582307170553826E-4,4.96798617027658E-5,S,1,1,0.123,0.0,,,,Bootes,0.33,-0.56,0
3334,217.7804518,34.5878557,8.9604E-60,0.995678,1,1275041,3.18509314794683E-14,1.2449870667561804E-14,1.4091447758809569E-14,ILTJ143107.30+343516.4,217.780435069854,34.58790955845964,6.468031321075514E-4,1.0981907607975317E-4,5.45135883312434E-4,4.191415665263776E-5,M,1,1,1.805,0.0,,,,Bootes,2.47,0.12,0
3337,217.0002514,34.5883456,1.8687E-18,0.233214,1,1275179,9.199446593288086E-15,3.1668317994216655E-15,3.566785128105746E-15,ILTJ142759.94+343517.3,216.99975535566617,34.58814467294172,2.467117497451212E-4,7.55223200215969E-5,2.2285667922701796E-4,4.063974689093619E-5,S,1,1,3.4704,0.0,,,,Bootes,2.37,0.43,0
3338,218.0073595,34.5906921,1.3545E-78,0.999026,1,1276866,2.3492116328143635E-14,1.2342913233329711E-14,9.137568028691543E-15,ILTJ143201.74+343525.8,218.0072540041127,34.59051605721446,6.036974276831902E-4,7.825310906938056E-5,5.906380777209035E-4,3.669957944657654E-5,M,1,1,1.069949,1.0,1.069949,3,4,Bootes,1.81,0.28,0
3339,217.8116159,34.5917559,2.582E-40,0.914033,1,1277729,1.8994542098254544E-14,1.1494776094789976E-14,6.359068664281598E-15,ILTJ143114.93+343529.0,217.81218818013633,34.59139900066388,0.0012452623856911134,1.4089122128394023E-4,7.889315114342597E-4,5.435427012707805E-5,M,1,1,2.4006,0.0,,,,Bootes,2.38,0.78,0
3342,218.3450055,34.5934179,1.5252E-11,0.986525,1,1278530,9.400859726921127E-15,5.820272175979963E-15,2.8271813905206136E-15,ILTJ143322.78+343535.2,218.3449001983011,34.59312350888903,0.02660644859409232,1.6915653998887152E-4,0.0232102056827582,4.772353838779964E-5,M,1,1,0.49371,1.0,0.49371,3,4,Bootes,-0.34,3.47,1
3349,218.1968704,34.5986728,1.3059E-6,0.995107,1,1282490,1.5137031432936563E-15,2.815831304021153E-15,-1.6616234388996167E-16,ILTJ143247.23+343555.6,218.19680787501142,34.598799130015415,8.621978553089532E-4,6.792238752265792E-5,7.839884636353545E-4,3.67720251951567E-5,S,1,1,0.9133,0.0,,,,Bootes,1.91,0.17,0
3360,218.1787469,34.6039246,3.0024E-25,0.996239,1,1286079,4.77936691257543E-15,3.2775646322093776E-15,1.730967573583501E-15,ILTJ143242.86+343614.6,218.17859651002763,34.60405420200177,4.097300747388819E-4,6.774187986959324E-5,3.732469003696663E-4,3.6713904804418535E-5,S,1,1,1.451,0.0,,,,Bootes,1.52,0.73,0
3362,216.4687103,34.5995755,5.7088E-14,0.954423,1,1283046,7.106776106339692E-15,4.460623310542864E-15,2.1512625283850307E-15,ILTJ142552.48+343558.1,216.46868101004907,34.59948970172445,1.779627359107549E-4,5.3091841048900375E-5,2.464900406455249E-4,3.7668118408132135E-5,S,1,1,1.8556,0.0,,,,Bootes,1.95,0.15,0
3364,217.2800089,34.6061284,8.9053E-9,0.541764,1,1287646,2.4437915263705677E-15,1.5837883609915224E-15,6.15443902568738E-16,ILTJ142907.14+343622.3,217.27973030618165,34.60622043104512,3.664054353294238E-4,8.519820822803232E-5,2.8105973030582347E-4,4.079989726548209E-5,M,1,1,2.1573,0.0,,,,Bootes,1.64,0.94,1
3369,219.214782,34.6006387,3.5934E-271,0.993715,1,1283822,1.597718966773906E-13,1.099696316982913E-13,5.400644639499602E-14,ILTJ143651.51+343602.0,219.21462387777274,34.600558620961955,9.131346810673753E-4,1.234082233031068E-4,6.289567343586233E-4,4.12021324809757E-5,M,1,1,0.2961887,1.0,0.2961887,3,4,Bootes,1.07,-0.02,0
3370,217.418636,34.6093961,2.1711E-24,0.806454,1,1289941,7.947015605315594E-15,1.1403594401790454E-14,7.175311991430476E-16,ILTJ142940.51+343632.2,217.41879358522286,34.608969511323274,0.1929489936209852,7.462815057705368E-4,0.03737465312186012,6.0134814142656974E-5,M,1,1,1.5598,0.0,,,,Bootes,1.5,3.5,1
3375,219.1325256,34.6037666,5.3523E-28,0.993833,1,1285869,2.231430573532443E-14,8.354181515467677E-15,7.91980552594535E-15,ILTJ143631.81+343613.4,219.13252250700683,34.60372122325539,6.573691223386646E-4,7.443799385184283E-5,6.208579087108611E-4,4.120061269210729E-5,S,1,1,1.091,1.0,1.091,1,3,Bootes,1.46,0.72,0
3377,217.7464821,34.6125715,1.9231E-10,0.942784,0,1292221,7.34928659658131E-15,3.4843196885586535E-15,2.4047562314861405E-15,ILTJ143059.07+343644.6,217.7461253011711,34.612393111191885,2.7558849135691355E-4,6.611723580446649E-5,2.907957886944738E-4,3.88202481317422E-5,S,1,1,1.0171,0.0,,,,Bootes,0.75,1.04,1
3381,218.2522412,34.6135949,2.4256E-14,0.99906,1,1293041,4.425263776365388E-15,4.5725976013565E-15,8.272025570107718E-16,ILTJ143300.54+343648.7,218.2522638036699,34.61353487033545,0.0026579198570216155,6.263097132333526E-5,0.0027342194976626485,3.684302445469089E-5,S,1,1,0.1511431,1.0,0.1511431,3,4,Bootes,0.55,0.36,0
3387,217.3138004,34.6190626,2.2593E-218,0.997985,1,1297229,3.5190542875846404E-14,2.0314229876350644E-14,1.2882303479158568E-14,ILTJ142915.28+343708.3,217.3136855254927,34.61897102418854,6.166803010551043E-4,8.797715731733868E-5,6.390693501636778E-4,4.535331096485606E-5,M,1,1,1.2348,0.0,,,,Bootes,1.21,1.09,1
3390,217.3238586,34.6207206,1.2533E-10,0.88276,0,1298627,1.6131235510692075E-15,-5.470068415824994E-16,5.487121786623252E-16,ILTJ142918.60+343719.6,217.32749514867442,34.6221326367826,0.05053274621491839,3.142614539001721E-4,0.01276718636078764,4.659712043576292E-5,M,1,1,1.2813,0.0,,,,Bootes,0.6,3.69,1
3393,219.4502217,34.6099491,1.3182E-6,0.825652,1,1290314,1.3199683384457438E-14,-1.2582453860123907E-15,6.7738618001095874E-15,ILTJ143748.02+343635.3,219.45006444507922,34.60983101842953,2.3354599395331875E-4,5.8178344117980806E-5,3.3244338609425447E-4,4.196632877361042E-5,S,1,1,1.1936,0.0,,,,Bootes,1.44,0.38,0
3399,217.8317306,34.6243877,0.0,0.997597,0,1301259,9.24817070924641E-14,4.5012060100947214E-14,3.752659347031239E-14,ILTJ143119.61+343727.3,217.83172400838393,34.62425005101809,3.6983331340345376E-4,9.629453621129312E-5,2.4768944889911536E-4,4.19801753022442E-5,S,1,1,1.295,0.0,,,,Bootes,1.94,0.12,0
3404,217.8659395,34.6280649,6.4087E-37,0.996804,0,1304283,1.1030187430169855E-14,5.131767896123317E-15,4.380464504286497E-15,ILTJ143127.86+343740.7,217.8660854942438,34.62799477419492,0.01661268114887557,8.81937897709147E-5,0.016843284272279088,4.2540430171357E-5,M,1,1,2.049,1.0,2.049,1,3,Bootes,1.79,2.39,1
3405,217.3269926,34.6286711,3.0702E-7,0.992539,0,1304998,1.3047979201939397E-15,-5.65182513757642E-16,7.294971790186244E-16,ILTJ142918.45+343743.2,217.32686778687778,34.628667442631695,0.009597485469429576,8.607661309271755E-5,0.008726740846601235,4.6597616892265604E-5,S,1,1,2.0748,0.0,,,,Bootes,2.5,1.39,1
3414,217.8330449,34.6342874,4.7131E-6,0.994361,1,1309992,2.2337575458261802E-15,-7.487459042060993E-16,9.232192354530211E-16,ILTJ143119.97+343803.4,217.83321645690455,34.634299234582976,0.0018622290699967757,8.563758516480061E-5,0.0014651356069470968,4.1950912465156184E-5,S,1,1,0.0156,1.0,0.0156,8,3,Bootes,-0.66,-0.52,0
3416,217.5083994,34.6353904,3.4914E-21,0.996706,0,1310624,8.567930338364805E-15,8.211751968106744E-15,1.9581193299877495E-15,ILTJ143001.98+343806.6,217.5082551672097,34.63518660802569,3.325480941981073E-4,7.43582239236924E-5,3.241931503686395E-4,4.1977005687092095E-5,S,1,1,0.5749,0.0,,,,Bootes,1.24,0.01,0
3422,218.1704951,34.6363897,3.9263E-14,0.753053,1,1311619,2.9886464084681978E-15,3.733310847276784E-15,3.596866090115434E-16,ILTJ143240.93+343811.6,218.17052589829927,34.63655963363739,2.901172820186462E-4,7.731217253461391E-5,2.4058643447278117E-4,3.884373244682158E-5,S,1,1,1.6847,0.0,,,,Bootes,1.46,0.79,0
3428,218.9844239,34.6327844,4.5047E-17,0.930648,1,1308468,7.644973687293814E-15,4.297124240380838E-15,2.2543903656275198E-15,ILTJ143556.28+343757.8,218.9844940107133,34.632730782788705,2.4119499159681447E-4,7.179790822710602E-5,2.0854657681794423E-4,3.602557802257211E-5,S,1,1,1.993,0.0,,,,Bootes,1.52,0.82,0
3429,217.8247173,34.6395289,1.1512E-34,0.988053,1,1314565,1.1825132596773828E-14,1.0698849494842404E-14,2.4493592504508357E-15,ILTJ143117.87+343821.1,217.8244676152873,34.63921076986318,6.647343696821749E-4,6.973734518196537E-5,6.612050894121819E-4,4.011145343897157E-5,S,1,1,1.1636,0.0,,,,Bootes,2.01,0.2,0
3430,217.3134623,34.6389729,0.0,0.952292,0,1314210,6.564657089468192E-14,3.0592538669365015E-14,2.5339169089519172E-14,ILTJ142915.19+343820.0,217.31328603100692,34.638914723699514,0.002586049752094465,7.158614444252407E-5,0.002623641184655418,4.1696279642159745E-5,S,1,1,0.479,0.0,,,,Bootes,1.56,0.37,0
3432,217.8493017,34.6408457,1.5851E-58,0.940026,0,1316348,1.6493266434450073E-14,9.09142518475792E-15,6.150401105615297E-15,ILTJ143123.99+343827.4,217.84995245474602,34.64095154074075,2.6537006410051365E-4,6.768130961701821E-5,2.612445932215312E-4,3.780359162096226E-5,S,1,1,0.5436,0.0,,,,Bootes,0.85,0.28,0
3435,217.8892725,34.6427407,1.2922E-10,0.84144,1,1318001,4.87679552416817E-15,7.844816929818568E-15,-4.665290236356569E-16,ILTJ143133.39+343834.4,217.88910682171456,34.64289224460634,2.481536034535636E-4,5.917573540361341E-5,2.740692470999398E-4,3.643928723212323E-5,S,1,1,1.4841,0.0,,,,Bootes,0.44,1.7,1
3439,217.8594878,34.6447613,3.4825E-60,0.992919,0,1320104,1.4585225752311312E-14,1.0791708645778377E-14,4.12892764188783E-15,ILTJ143126.30+343840.1,217.8595969855478,34.64447268163877,0.0028259320454890537,1.0631810007454837E-4,0.0024160943644257757,3.9122235393733716E-5,M,1,1,1.9102,0.0,,,,Bootes,2.16,1.15,1
3448,217.8705796,34.6472819,2.756E-7,0.998354,1,1322881,2.107316744514597E-15,3.1876534786421438E-15,-2.267388136170171E-17,ILTJ143128.92+343849.9,217.87047989630318,34.647202276032296,6.04219807024627E-4,6.347497722426511E-5,6.131051478915594E-4,3.6881124083892116E-5,S,1,1,0.541,1.0,0.541,1,3,Bootes,1.23,0.22,0
3454,217.8757749,34.6493414,0.0,0.997313,0,1324868,1.3707094492971672E-13,6.806136687198575E-14,5.71019300796046E-14,ILTJ143130.16+343857.2,217.87566664741914,34.64924389266564,2.3244588106230413E-4,5.8419575452451015E-5,2.49535600877638E-4,3.530727682763389E-5,S,1,1,0.349,1.0,0.349,1,3,Bootes,0.52,0.14,0
3457,217.3277545,34.6498362,4.4215E-5,0.673612,0,1324726,9.343042843380994E-16,-5.777407404573254E-16,3.8882090724141E-16,ILTJ142918.53+343856.6,217.32720455351023,34.64907824046517,6.638922708308955E-4,1.0312765118528356E-4,4.4036665693556896E-4,4.467235565634067E-5,S,1,1,0.09945749,1.0,0.09945749,3,4,Bootes,-0.92,0.96,1
3460,217.9014123,34.6513247,1.1967E-7,0.819315,0,1326705,2.4226823762499838E-15,3.843308574554207E-15,-3.130758006159879E-17,ILTJ143136.42+343904.4,217.9017521013298,34.651248363917894,2.2226695421150478E-4,6.450085552423817E-5,2.0579561789303084E-4,3.502669354639769E-5,S,1,1,1.2821,0.0,,,,Bootes,1.61,0.24,0
3461,217.4086833,34.6507822,1.0376E-4,0.997243,0,1326339,1.5060885309875147E-15,-3.79664389379174E-16,8.453684031425146E-16,ILTJ142938.05+343903.0,217.40854674901863,34.65084024952669,0.024648867408537743,1.3949790499433645E-4,0.02435926123433707,5.116621772685903E-5,M,1,1,0.3253,0.0,,,,Bootes,0.87,1.72,1
3466,217.3555184,34.6543923,0.0,0.902921,0,1329994,4.8664282348675766E-14,2.5940499611316288E-14,1.784721141181523E-14,ILTJ142925.24+343915.9,217.35516526510997,34.65441692680421,1.6563041546832389E-4,5.3892546697622744E-5,2.1625336611852362E-4,3.6749932373906045E-5,S,1,1,1.263,1.0,1.263,1,3,Bootes,1.46,0.26,0
3468,216.7278316,34.6506234,5.8944E-40,0.850748,1,1326125,1.4112674103021035E-14,1.3238952964880614E-14,2.9847039573264792E-15,ILTJ142654.65+343902.1,216.72771173342755,34.650585111359845,9.095873393985483E-4,8.749121665489734E-5,8.040439448992951E-4,4.644976729367422E-5,S,1,1,1.8994,0.0,,,,Bootes,2.3,0.5,0
3470,218.1412391,34.654715,8.9311E-9,0.974436,1,1330366,2.0285354973110466E-15,3.944651137913084E-15,-1.5664763219928906E-16,ILTJ143233.86+343916.4,218.14108366639425,34.65456560194642,4.531005468717615E-4,7.32206411907187E-5,4.2362512282507163E-4,4.0260102070032084E-5,S,1,1,1.8055,0.0,,,,Bootes,2.42,0.02,0
3471,217.4971255,34.6561322,3.796E-74,0.998823,1,1331892,2.446140169741595E-14,8.794295180150137E-15,1.1028892060157639E-14,ILTJ142959.27+343922.0,217.49695091620853,34.65613535351829,0.0021829823854125157,7.365977109316232E-5,0.0020664123672128948,4.0907199737517975E-5,S,1,1,0.831,1.0,0.831,1,3,Bootes,0.72,1.77,1
3477,217.6236099,34.6590474,6.258E-9,0.989438,0,1334783,4.697959138427835E-15,3.206849795832858E-15,1.2612055176600576E-15,ILTJ143029.60+343931.0,217.62333297548648,34.65863107630179,2.942655644237815E-4,8.943545959873583E-5,2.3591059111307438E-4,4.349779191143917E-5,S,1,1,1.0255,0.0,,,,Bootes,1.58,0.18,0
3479,219.6459751,34.6443673,3.997E-14,0.951162,0,1319649,1.7674325675265682E-14,1.697626140075154E-14,2.804303960674848E-15,ILTJ143834.89+343839.3,219.64539275676535,34.64426488246586,3.014556541094895E-4,9.558977596601259E-5,2.6719061640761006E-4,5.067097582287994E-5,S,1,1,0.5154,0.0,,,,Bootes,0.85,0.28,0
3487,216.699843,34.6566373,1.3555E-32,0.994687,1,1332381,1.701755611642486E-14,2.2463399266798324E-14,1.5007006838562382E-15,ILTJ142647.93+343923.7,216.6997284019052,34.656595142013124,8.725266691224627E-4,6.592935820596969E-5,9.578805025751196E-4,4.037804161729419E-5,M,1,1,1.7732,0.0,,,,Bootes,1.9,0.85,0
3491,217.084192,34.6620783,3.3985E-71,0.999585,1,1338250,2.0155928318773937E-14,8.668350534229004E-15,8.25621218495646E-15,ILTJ142820.22+343943.5,217.08423920946746,34.6620837822437,3.549930482438479E-4,7.063483115657755E-5,3.485503964276432E-4,4.0232575480408055E-5,S,1,1,1.401,1.0,1.401,1,3,Bootes,1.91,0.22,0
3501,217.613371,34.6689508,2.0957E-18,0.994782,1,1345386,8.029559362395216E-15,3.987249441831723E-15,2.5750470007886133E-15,ILTJ143027.21+344008.0,217.6133836378442,34.66889833713048,7.268545822276779E-4,9.846403193389217E-5,6.224029343905518E-4,4.107600027055014E-5,M,1,1,1.7104,0.0,,,,Bootes,2.03,0.6,0
3515,216.5200411,34.6683972,4.5063E-8,0.874028,0,1344808,1.9818011174857506E-15,-7.250973455029206E-16,6.678620745168126E-16,ILTJ142604.76+344004.9,216.51981646201787,34.66803989831766,4.9551269497671E-4,1.1834562425750542E-4,3.109520759649299E-4,4.942050819162125E-5,S,1,1,1.8777,0.0,,,,Bootes,1.69,0.88,0
3516,218.7147672,34.6710676,1.6685E-12,0.994569,0,1347666,8.020286254983181E-15,1.2019199029219131E-14,-3.5507313562422933E-16,ILTJ143451.53+344015.7,218.71472828969138,34.671046002253235,2.17849849221552E-4,5.53155593986613E-5,2.8041450479859283E-4,3.7247228775640614E-5,M,1,1,0.8545,0.0,,,,Bootes,1.33,0.13,0
3517,217.7808694,34.6755589,1.8926E-10,0.938045,1,1352884,7.152748074417508E-15,8.587697817209886E-15,7.446326643296359E-16,ILTJ143107.39+344032.5,217.78080301572263,34.675719220541495,3.369474509013175E-4,8.043433043377771E-5,2.603144787496826E-4,3.893690348258485E-5,S,1,1,0.4912,0.0,,,,Bootes,0.4,0.77,1
3518,216.9438331,34.6802158,1.4674E-10,0.996046,0,1357006,5.864989550402115E-15,5.194393486995909E-15,7.397412044593193E-16,ILTJ142746.54+344047.6,216.94392889640525,34.67989583619594,0.0010622309213334205,7.31006732549468E-5,0.0011155512854556086,4.346457858029881E-5,S,1,1,1.244,1.0,1.244,1,3,Bootes,1.87,0.62,0
3519,217.2286458,34.6748689,2.2496E-17,0.994159,0,1351861,6.857414709984007E-15,1.6454086519221058E-15,2.9294962949837213E-15,ILTJ142854.94+344029.5,217.22891320215604,34.6748858066356,5.066602429695059E-4,1.205552017902736E-4,2.591937787535762E-4,4.2486732490313365E-5,S,1,1,1.8858,0.0,,,,Bootes,2.31,0.23,0
3521,216.5862608,34.6712419,1.1949E-8,0.989305,0,1348044,4.470114896263299E-15,6.06868521057087E-15,-2.0386414890296527E-16,ILTJ142621.00+344014.5,216.5874800412288,34.670709386038794,0.35478959325597664,0.0015548760364908624,0.06676652915803914,6.216340458922786E-5,M,1,1,0.259,1.0,0.259,1,3,Bootes,-0.42,4.05,1
3522,218.6886792,34.6729288,1.9071E-6,0.865946,1,1349576,3.130943368112054E-15,4.822211970727977E-15,-3.1316290113903657E-16,ILTJ143445.21+344022.1,218.68839200067254,34.67281878649712,3.070020037197617E-4,5.9420969549941746E-5,3.5857828732970465E-4,3.779381079887295E-5,S,1,1,0.9957,0.0,,,,Bootes,1.35,0.41,0
3525,217.8617193,34.6778821,4.8073E-10,0.995501,0,1355016,3.5496087157237885E-15,-2.0478928307966333E-15,1.4443195759412217E-15,ILTJ143126.73+344040.1,217.8613904906245,34.67781268838066,3.6288724125284756E-4,7.088700081831968E-5,3.4835929914751347E-4,3.966803656299496E-5,S,1,1,1.789,0.0,,,,Bootes,2.18,0.18,0
3531,218.029743,34.6788674,9.0842E-40,0.885469,1,1355688,1.6550166072780207E-14,1.4102112295111217E-14,4.142751122818334E-15,ILTJ143207.08+344042.9,218.02951058641509,34.67860674349031,2.6958011292505695E-4,8.13868858167075E-5,2.0342098783958737E-4,3.765713598732427E-5,S,1,1,2.1165,0.0,,,,Bootes,2.05,0.35,0
3537,219.5906763,34.6669289,1.4549E-11,0.997134,1,1343342,8.826162265052885E-15,-6.71091733692191E-16,3.034870159947638E-15,ILTJ143821.81+344001.0,219.59088630235314,34.66695958439722,0.0806767171324644,1.531885149081335E-4,0.08519911299354287,7.819012037361972E-5,M,1,1,2.344897,1.0,2.344897,2,4,Bootes,2.18,2.79,1
3538,217.5147579,34.6829588,0.0,0.999859,0,1360163,1.522512444759779E-13,1.0153874573042559E-13,5.312795244154405E-14,ILTJ143003.55+344057.8,217.51480549526806,34.68274702324159,5.120928786245462E-4,8.555239900772242E-5,4.7263513585854377E-4,3.952976349683013E-5,M,1,1,0.57,1.0,0.57,1,3,Bootes,1.28,0.14,0
3546,216.9600917,34.6835038,2.5475E-11,0.997287,1,1360717,5.7187923075207E-15,-4.532970335478891E-16,2.824861591218375E-15,ILTJ142750.37+344100.2,216.95988648943853,34.68340162369266,0.0020777250915158395,1.3238101554146812E-4,0.001990844480142871,4.301328377187019E-5,M,1,1,0.88,1.0,0.88,1,3,Bootes,1.59,0.86,1
3548,217.7526882,34.6861728,4.9391E-115,0.998304,1,1363412,4.633641918020413E-14,3.250498953524856E-14,1.5742114587071376E-14,ILTJ143100.61+344110.6,217.75256083384258,34.68628675817273,6.717394153389468E-4,1.0552208598838483E-4,3.5880317085978047E-4,3.854747856546257E-5,S,1,1,0.833,1.0,0.833,1,3,Bootes,1.63,0.28,0
3550,216.7921362,34.6827316,2.2003E-8,0.959437,1,1359885,2.9285442590737042E-15,-6.670114512273811E-16,1.3776435219491658E-15,ILTJ142710.10+344057.5,216.79208351039688,34.68264500266268,0.002000711562628317,7.47254438351609E-5,0.002056178532113918,4.3889906022599216E-5,S,1,1,2.0412,0.0,,,,Bootes,-99.0,-99.0,-1
3552,217.0108404,34.684972,6.498E-10,0.999345,0,1362131,2.8791201606535824E-15,2.8842478835460874E-15,-2.7669105352985044E-16,ILTJ142802.60+344105.8,217.01083926046618,34.68496383163543,6.486961516138836E-4,7.125334816702146E-5,6.327888990979503E-4,4.04176321318073E-5,S,1,1,0.351,1.0,0.351,1,3,Bootes,0.66,0.43,0
3553,218.2901857,34.6864014,5.4515E-16,0.979228,1,1363656,8.407905715150338E-15,6.926436298084201E-15,1.9272032864976785E-15,ILTJ143309.65+344111.1,218.29021036052907,34.68643852489582,5.688118078176021E-4,7.359466879075304E-5,4.822599615768621E-4,3.7969968770913196E-5,S,1,1,0.5864,0.0,,,,Bootes,1.2,0.31,0
3554,217.4064819,34.6875477,1.913E-6,0.883784,1,1364568,2.6521003843262853E-15,-4.30342916826837E-16,9.26477382274615E-16,ILTJ142936.80+344118.2,217.40333929419478,34.688406944044104,0.07330361521929293,5.471274488871426E-4,0.029551297549754888,5.1439676059089834E-5,M,1,1,0.9661,0.0,,,,Bootes,0.85,3.3,1
3557,218.0986157,34.6884452,3.7823E-25,0.996979,0,1365207,9.593874804671451E-15,6.438864321892599E-15,3.01991685216838E-15,ILTJ143223.65+344118.2,218.09854773540067,34.68839246551333,6.018897383613227E-4,8.083220669667004E-5,5.395454662729935E-4,4.330029816028267E-5,S,1,1,1.1857,0.0,,,,Bootes,2.1,0.07,0
3568,217.7624146,34.692722,5.0283E-145,0.99886,1,1368740,5.071155378919594E-14,2.2603041833904315E-14,2.1393734914351788E-14,ILTJ143102.92+344134.0,217.7621769027689,34.69277853367951,5.533278207773227E-4,7.248640951599633E-5,4.8455490826517054E-4,3.822660114921442E-5,S,1,1,0.185,1.0,0.185,1,3,Bootes,0.61,-0.19,0
3573,216.6485011,34.6895877,1.5656E-29,0.877157,0,1366264,1.4414752508552307E-14,1.6612004723170776E-14,1.7837465251872914E-15,ILTJ142635.59+344122.6,216.6482718329099,34.68961788001983,5.822754584716545E-4,8.062077280867443E-5,5.476597323197267E-4,4.4580982337385545E-5,S,1,1,0.6099,0.0,,,,Bootes,0.69,0.91,1
3579,217.3948594,34.6962309,3.6453E-17,0.998757,0,1371501,6.711803634156723E-15,-4.1655133682721967E-16,3.532431224877079E-15,ILTJ142934.73+344146.2,217.39471367731667,34.69618245697193,5.624018022678516E-4,9.529089096103737E-5,4.824759292756221E-4,4.958032732942072E-5,S,1,1,0.35,1.0,0.35,1,3,Bootes,1.15,-0.16,0
3581,217.5968512,34.6980323,8.9475E-6,0.866073,0,1373090,2.3311849779190217E-15,-9.19816331233978E-16,-3.6716604962188297E-16,ILTJ143023.33+344153.8,217.59720252858543,34.6982793972334,0.02177340834065254,1.418947841837775E-4,0.022500913021072738,5.807044217363E-5,M,1,1,1.637,0.0,,,,Bootes,0.61,3.56,1
3587,219.2379954,34.6920333,1.3388E-14,0.984021,1,1368180,1.62382372946279E-14,2.3746177775041877E-14,7.03926125292765E-16,ILTJ143656.95+344131.4,219.23728273142407,34.69206506661583,3.874612753648123E-4,1.0531660812407603E-4,2.2993802307225708E-4,4.178804048495938E-5,S,1,1,0.522,1.0,0.522,1,3,Bootes,-99.0,-99.0,-1
3589,217.0497877,34.7010407,1.4629E-7,0.989407,1,1375201,2.314209290234573E-15,4.275675137204145E-15,-2.9435410046747063E-17,ILTJ142811.92+344203.6,217.04967066413803,34.70101715870137,4.3309813474384394E-4,5.9676072338207374E-5,5.188303188715884E-4,3.844610558875488E-5,S,1,1,1.1644,0.0,,,,Bootes,1.76,0.28,0
3592,217.1278975,34.702869,1.171E-21,0.998419,0,1376479,9.43071076041085E-15,4.2553034300998285E-15,3.3571687326358796E-15,ILTJ142830.67+344211.1,217.1277949358823,34.703091947675865,2.637233415882252E-4,6.391973538325163E-5,2.9174200425229817E-4,3.9263428158181476E-5,S,1,1,1.1998,0.0,,,,Bootes,1.62,0.24,0
3596,217.4928694,34.7052531,1.0769E-13,0.996866,0,1378177,6.310326889809811E-15,2.1305913317792532E-15,2.3043427388171313E-15,ILTJ142958.31+344219.3,217.492965665337,34.705363680690006,5.651678910641718E-4,7.353767871050426E-5,5.49166868433615E-4,4.1641014692757146E-5,S,1,1,0.902,1.0,0.902,1,3,Bootes,2.02,-0.14,0
3599,217.05783,34.7044354,2.7894E-170,0.999742,1,1377504,4.150511957986414E-14,3.225199590764397E-14,1.2145661162190087E-14,ILTJ142813.93+344215.8,217.05804144059115,34.704407473658215,4.5508047216434247E-4,9.634691437074714E-5,4.1595017840810036E-4,4.06679596635513E-5,M,1,1,0.287,1.0,0.287,1,3,Bootes,0.77,-0.03,0
3603,218.7099501,34.7037603,5.0145E-80,0.998386,1,1377130,2.875247997229954E-14,1.447047668898396E-14,1.1449488477870891E-14,ILTJ143450.30+344213.9,218.709569088536,34.70386991232456,0.0010482717020478568,9.788773971312873E-5,9.936875525591103E-4,3.919701096310746E-5,M,1,1,1.472,1.0,1.472,1,3,Bootes,2.03,0.6,0
3620,217.7204722,34.7146044,1.3698E-16,0.946904,1,1384460,1.1719318143522247E-14,1.2910676210631182E-14,1.2634685040524054E-15,ILTJ143052.91+344251.6,217.72045890112759,34.71434995094439,7.869294696582202E-4,6.544047711029764E-5,7.503680711950193E-4,3.651788625564606E-5,S,1,1,1.2511,0.0,,,,Bootes,1.74,0.63,0
3624,219.2433932,34.7065458,3.0895E-12,0.966591,1,1379015,1.544060675345964E-14,-2.852957101248012E-15,6.873029628195709E-15,ILTJ143658.43+344223.2,219.24344802715962,34.706466223294655,4.884061988913312E-4,8.067945210252248E-5,5.339302905980852E-4,4.003588922569179E-5,M,1,1,1.31,1.0,1.31,1,3,Bootes,1.38,0.85,1
3631,218.1018607,34.7190772,3.8545E-21,0.984676,0,1387401,1.0288832080429172E-14,1.2721459460495798E-14,1.4735047903213497E-15,ILTJ143224.43+344307.4,218.10181026738087,34.71873208541862,2.403392926470391E-4,5.891017463013221E-5,2.7320985911912703E-4,3.657411407057969E-5,S,1,1,1.1152,0.0,,,,Bootes,1.4,0.37,0
3637,217.1970029,34.7216756,6.4534E-16,0.997253,1,1389384,8.136623610904616E-15,1.1766871241818985E-14,-1.3936992021531216E-16,ILTJ142847.28+344317.7,217.1969859681728,34.721587510581216,0.0014568276549750936,7.996549864203806E-5,0.0013210528922370274,4.319171422898321E-5,S,1,1,0.2228,0.0,,,,Bootes,0.61,0.4,0
3644,217.5568129,34.7263745,2.1015E-21,0.874088,0,1392436,9.540972341251359E-15,7.879886045609057E-15,1.9254437419261014E-15,ILTJ143013.82+344334.6,217.5575924895487,34.72629964324279,8.941171729066076E-4,1.1478041127995296E-4,5.010525857826636E-4,4.387558214108262E-5,S,1,1,2.4439,0.0,,,,Bootes,2.39,0.64,0
3655,218.8355365,34.7266198,3.3496E-18,0.963046,1,1392637,1.3304762881169819E-14,9.990421256964522E-15,3.354757513914948E-15,ILTJ143520.45+344335.9,218.8351923694406,34.72666280532717,6.427018696729337E-4,6.884503834732181E-5,6.86576945250938E-4,4.149965684275252E-5,S,1,1,1.7541,0.0,,,,Bootes,2.09,0.5,0
3656,217.6658383,34.7316744,6.9494E-52,0.620463,1,1395507,2.326957389529786E-14,2.2579306873586613E-14,4.554886071607744E-15,ILTJ143039.64+344353.3,217.6651680448567,34.73147480080348,5.551176442437186E-4,6.0021328920189676E-5,5.783777303674855E-4,3.5574578973045195E-5,M,1,1,1.281,1.0,1.281,1,3,Bootes,1.81,0.43,0
3671,218.0578079,34.7374717,1.1443E-59,0.996151,1,1399142,2.7233361954860942E-14,1.1292641373764999E-14,1.1302406008562904E-14,ILTJ143213.97+344416.0,218.05822830337132,34.737788579302034,5.280015149887308E-4,9.880695091680061E-5,4.387480495238491E-4,4.084289537058794E-5,M,1,1,0.712,1.0,0.712,1,3,Bootes,1.65,-0.02,0
3674,218.9915402,34.7324691,9.9389E-14,0.983231,1,1396077,1.1241720371018949E-14,1.1096187538285878E-14,2.0573475523378195E-15,ILTJ143558.01+344356.7,218.99172187637598,34.73242874142914,2.3984964574030472E-4,5.964460394618274E-5,2.9871064152784614E-4,3.962322055841056E-5,S,1,1,1.1576,0.0,,,,Bootes,1.72,0.06,0
3676,217.1396654,34.739144,2.6813E-6,0.996558,1,1399879,3.775396222004761E-15,-7.889200644539715E-16,1.1878832910259454E-15,ILTJ142833.53+344419.9,217.13971728374875,34.73886595662421,7.838830636292422E-4,7.267957547031483E-5,7.742566397571161E-4,4.148283100732579E-5,S,1,1,1.855,1.0,1.855,1,3,Bootes,2.44,0.26,0
3683,216.5062172,34.7376157,7.2311E-26,0.995248,1,1399131,8.242803687400858E-15,5.0678823485950705E-15,2.3963461973085067E-15,ILTJ142601.50+344415.7,216.50625181966373,34.73770818286902,4.460791738196591E-4,1.2234034254412812E-4,2.3934138666030256E-4,4.4791510255863405E-5,S,1,1,2.111,1.0,2.111,1,3,Bootes,1.82,0.82,0
3685,218.6444927,34.7412952,6.4876E-66,0.826129,1,1401267,1.6101292606010867E-14,2.0599421885180887E-14,1.1610636120887227E-15,ILTJ143434.68+344428.6,218.64448527890335,34.741292616277775,0.008430597735288783,8.992716635403899E-5,0.008073031199848073,3.85335746614146E-5,M,1,1,1.916,0.0,,,,Bootes,1.78,2.04,1
3689,218.9909434,34.7402189,7.5493E-8,0.985389,0,1400797,7.194660878229723E-15,2.60416012511153E-15,2.0681025800539172E-15,ILTJ143557.76+344425.9,218.9906855947291,34.740545545914514,4.472976988326739E-4,8.349520183782153E-5,3.996884750296495E-4,4.4125810661982334E-5,S,1,1,0.9249,0.0,,,,Bootes,1.58,0.26,0
3690,217.5243857,34.7473135,7.5382E-26,0.998455,1,1404638,2.0082756321329168E-14,1.7168413210898558E-14,5.179124720608125E-15,ILTJ143005.89+344450.4,217.52453519696888,34.7473572277596,4.7005821686994017E-4,8.730244785783308E-5,4.8217740681883944E-4,5.107983605381101E-5,S,1,1,0.551,1.0,0.551,1,3,Bootes,1.29,0.07,0
3691,216.4878779,34.7415801,1.525E-6,0.98903,1,1401375,2.053716091708096E-15,3.903847453558768E-15,-3.04167074482191E-17,ILTJ142557.13+344429.3,216.488022021051,34.74149239858911,3.699960315078019E-4,8.326563366851136E-5,3.3260205723392597E-4,4.4648433183434344E-5,S,1,1,1.0579,0.0,,,,Bootes,1.27,0.64,0
3692,219.3831622,34.7366194,6.0198E-29,0.981227,1,1398414,3.7650543369149606E-14,2.0299489047200104E-14,1.2516238938922976E-14,ILTJ143731.94+344410.4,219.38309486198554,34.73624270777328,3.9493426692872874E-4,7.651102522603869E-5,3.686733303165812E-4,4.19883732006805E-5,S,1,1,1.3546,0.0,,,,Bootes,2.11,0.01,0
3695,217.9211299,34.7489095,2.5411E-47,0.990768,1,1405561,1.9444425126287924E-14,1.560385802325731E-14,4.986161590337557E-15,ILTJ143141.04+344455.7,217.92101244938468,34.748813211497044,2.231955080817521E-4,5.6199544222890496E-5,2.3892638828078858E-4,3.3894500222631936E-5,M,1,1,0.5493,0.0,,,,Bootes,0.65,0.43,0
3698,218.7211846,34.7454969,1.9821E-28,0.995186,1,1403719,1.4628921548562478E-14,5.3207173796553765E-15,6.209045948314193E-15,ILTJ143453.03+344443.8,218.72097128340326,34.74550716769469,3.4230545271310637E-4,6.91728111968978E-5,3.352660690173672E-4,3.9053439079965854E-5,S,1,1,1.325,1.0,1.325,1,3,Bootes,2.08,-0.04,0
3703,219.6916853,34.7385863,1.8997E-10,0.958185,1,1399364,1.7869197095952834E-14,-5.382447888056411E-15,7.794005195718766E-15,ILTJ143845.90+344417.2,219.69126409561218,34.738135076829735,2.982683464481133E-4,7.606898970330748E-5,3.1546690180037524E-4,4.5056192548966175E-5,S,1,1,1.0299,0.0,,,,Bootes,1.7,0.05,0
3704,218.6000613,34.751672,6.5156E-68,0.820421,1,1406966,3.0057797934253573E-14,1.2686649698874746E-14,1.1464043276187784E-14,ILTJ143423.99+344505.7,218.599939771237,34.75160594044706,4.51637944388479E-4,6.896826141213274E-5,4.2127233275181594E-4,3.774520205760115E-5,S,1,1,0.82,1.0,0.82,1,3,Bootes,1.71,-0.0,0
3707,216.3933347,34.7481337,2.9449E-19,0.993874,0,1405163,9.957719049568905E-15,3.8146007247908856E-15,3.766423925286859E-15,ILTJ142534.34+344453.8,216.39307838087555,34.748278705824,5.035555020320721E-4,1.3398307528524522E-4,2.533387137008278E-4,4.702364791368677E-5,S,1,1,1.0108,0.0,,,,Bootes,1.29,0.71,0
3710,218.9961816,34.7512458,1.441E-76,0.994282,0,1406744,4.550004546846144E-14,3.2486765354493515E-14,1.4697510956423065E-14,ILTJ143559.09+344503.7,218.99622464347425,34.75104377099372,0.03458014701415654,2.5124908651736965E-4,0.014895765065364903,4.654869194200728E-5,M,1,1,2.9223,0.0,,,,Bootes,2.24,2.57,1
3716,217.1014093,34.7607344,4.7549E-9,0.991636,1,1411851,5.629965303521289E-15,9.281567165420884E-15,-3.053728904171383E-16,ILTJ142824.25+344538.9,217.10106227634535,34.760818546220506,9.461477737055192E-4,1.2023329230999641E-4,5.453504039860759E-4,4.6847967631716866E-5,S,1,1,0.235,1.0,0.235,1,3,Bootes,0.18,0.74,1
3717,217.0868535,34.7606355,7.4896E-20,0.988009,1,1411791,1.0717388516626871E-14,4.04821538434009E-15,4.46919728308445E-15,ILTJ142820.87+344539.0,217.08695105021854,34.76083845052117,2.5799033101105633E-4,6.972364335338678E-5,2.812271921860663E-4,4.2509192645449474E-5,S,1,1,1.252,1.0,1.252,1,3,Bootes,1.42,0.49,0
3719,219.4103293,34.7526667,1.4661E-5,0.706146,1,1407522,9.539168483920547E-15,2.117052745057672E-14,-1.6058180636551116E-16,ILTJ143738.28+344509.1,219.40948927857897,34.75254211339589,5.50557696121806E-4,8.127316767515576E-5,4.842068017421827E-4,4.293710685600135E-5,S,1,1,1.8713,0.0,,,,Bootes,1.89,0.71,0
3724,218.3700117,34.7654251,2.668E-119,0.996058,1,1414239,4.8533968563027125E-14,3.1140077811375304E-14,1.8816742962233115E-14,ILTJ143328.78+344554.3,218.3699190845091,34.76509602852318,8.327287099085289E-4,1.2441753288599508E-4,7.269136636793146E-4,4.123088269989239E-5,M,1,1,1.693,1.0,1.693,1,3,Bootes,1.54,1.17,1
3729,219.5332703,34.7571861,4.6209E-12,0.992105,1,1410073,1.0670492478352685E-14,7.097728756596282E-15,1.6898463962844479E-15,ILTJ143807.95+344526.5,219.5331153525658,34.757365347612826,6.491471260926263E-4,1.2163634885472177E-4,5.165712640502023E-4,4.468160585020087E-5,M,1,1,1.227,0.0,,,,Bootes,2.07,0.17,0
3732,216.435393,34.76618,3.4323E-9,0.98467,0,1414607,4.66421759199774E-15,-8.646038848223022E-16,1.7047565715879738E-15,ILTJ142544.54+344558.0,216.4355887846974,34.766115554032645,2.440395424651963E-4,7.30089596976418E-5,2.498723009755463E-4,4.271392951639758E-5,S,1,1,0.747,1.0,0.747,1,3,Bootes,1.09,0.31,0
3734,216.4774327,34.7674104,1.3138E-5,0.992457,0,1415407,2.365963016955432E-15,-8.286279380134885E-16,1.630343760107951E-15,ILTJ142554.53+344602.7,216.4772007451088,34.76741707067317,0.010682994521659123,1.9789468336548396E-4,0.007992422321246272,4.301760255475528E-5,M,1,1,0.03441983,1.0,0.03441983,11,4,Bootes,0.38,-0.18,0
3735,219.3700224,34.7633066,7.0574E-18,0.989363,1,1413137,3.3821617946611327E-14,9.956755610057643E-15,1.1746153075617971E-14,ILTJ143728.73+344546.5,219.36972488627555,34.76292184016305,4.859060510181436E-4,1.1161595908126026E-4,3.141133941471555E-4,4.760856880921561E-5,S,1,1,0.6199726,1.0,0.6199726,3,4,Bootes,2.27,-0.86,0
3739,217.097768,34.7752561,1.432E-10,0.99273,1,1419594,6.754681353593997E-15,1.0622493823837963E-14,-2.7074257843357805E-16,ILTJ142824.17+344613.3,217.1007065478089,34.77038169415441,0.004755476389735643,4.1006698203944916E-4,9.678178691395029E-4,4.544630229793256E-5,Z,1,1,0.588,1.0,0.588,1,3,Bootes,0.94,1.52,1
3740,217.9457668,34.7779121,3.5501E-73,0.998331,1,1421005,3.275600769191109E-14,1.7112009718664582E-14,1.3018605756007548E-14,ILTJ143147.00+344640.0,217.945851787579,34.77780187879668,4.698999634634619E-4,5.764640766790712E-5,5.268245311510165E-4,3.589046682224635E-5,S,1,1,1.067,1.0,1.067,1,3,Bootes,1.34,0.67,0
3747,219.5411791,34.7679641,1.8232E-24,0.996267,1,1415688,3.0740228599640153E-14,8.359312853136622E-15,1.053774803216806E-14,ILTJ143809.85+344604.2,219.5410300119329,34.767858215264184,7.142189201065636E-4,8.790318038373028E-5,6.322923713957563E-4,4.637137852690293E-5,M,1,1,0.83,1.0,0.83,1,3,Bootes,1.17,0.79,1
3749,219.1311633,34.7746413,7.0581E-5,0.858881,1,1419200,3.982610182800361E-15,-1.0454094658423286E-15,2.323595742610303E-15,ILTJ143631.38+344628.7,219.1307652190196,34.774649293890505,0.008001979834443184,6.285471515503718E-5,0.008338869768840964,3.729410319026209E-5,S,1,1,1.5523,0.0,,,,Bootes,2.39,1.15,1
3752,216.7119893,34.7818495,7.6824E-8,0.993637,1,1423101,5.940968165845522E-15,4.280658716955221E-15,1.3535684019169865E-15,ILTJ142650.88+344654.6,216.71198243512717,34.781857480691876,2.4117359796591652E-4,6.382046054702995E-5,2.583305761631983E-4,3.8332176276425814E-5,S,1,1,0.644,1.0,0.644,1,3,Bootes,0.83,0.43,0
3753,218.2669321,34.7860731,8.3964E-100,0.999023,0,1425342,3.478468155568553E-14,2.7611738450376094E-14,1.1417120872529476E-14,ILTJ143304.02+344709.7,218.2667635819208,34.78603225519897,8.258518124940055E-4,7.177513171637539E-5,7.603454022358877E-4,3.909454668435624E-5,S,1,1,0.3708,0.0,,,,Bootes,0.99,0.24,0
3755,217.5375531,34.7870999,6.4818E-14,0.8466,1,1425952,7.942161177402009E-15,4.659694609608077E-15,2.7344611637024947E-15,ILTJ143008.88+344713.6,217.53700891784496,34.78712469908521,0.12917880734524287,5.73506308610686E-4,0.12419444372453745,2.024951168859843E-4,M,1,1,3.248,1.0,3.248,1,3,Bootes,2.42,3.04,1
3758,216.5094892,34.7833916,1.6353E-7,0.989681,1,1423889,4.064157883996027E-15,3.74151756622879E-15,-3.107077480884052E-16,ILTJ142602.38+344659.8,216.50990054803668,34.78328948890982,0.0019566574994076503,1.832675635189325E-4,9.995556140602066E-4,4.42558619834017E-5,M,1,1,0.07526806,1.0,0.07526806,3,4,Bootes,0.15,0.02,0
3760,218.7444188,34.7864877,1.2408E-67,0.993236,1,1425741,6.772589156465941E-14,7.381006091653142E-14,1.3939343361080812E-14,ILTJ143458.64+344712.2,218.7443192258433,34.786732070768366,3.8323048602524E-4,7.530552257712351E-5,4.316394727019405E-4,3.760305820105714E-5,M,1,1,0.539,1.0,0.539,1,3,Bootes,0.42,0.89,1
3768,218.6706894,34.7953161,5.4107E-11,0.980055,1,1430337,6.542448256558653E-15,-7.951134869677524E-16,3.457218664207899E-15,ILTJ143440.96+344743.1,218.6706844364025,34.7953087314128,2.33975354857948E-4,5.7637524092643765E-5,2.7567344077266575E-4,3.660925047110006E-5,S,1,1,1.2177,0.0,,,,Bootes,1.14,0.73,0
3779,217.7454572,34.8096806,1.7105E-12,0.855959,1,1437834,1.4739435714544607E-14,8.079409672355054E-15,5.811289119123771E-15,ILTJ143059.21+344835.5,217.74669684844437,34.809885410223416,5.130204463323088E-4,7.12273496387105E-5,4.792643287493489E-4,3.928590941333695E-5,S,1,1,2.65,1.0,2.65,1,3,Bootes,2.61,0.24,0
3789,218.6029796,34.8127376,2.4398E-26,0.997548,1,1439382,1.2708074482062281E-14,1.4812052214765392E-14,1.825851047100909E-15,ILTJ143425.03+344842.9,218.60430449808425,34.811942526912084,0.02160386399200506,3.82367757036839E-4,0.00379830765328831,4.2354350629466354E-5,M,1,1,0.768,0.0,,,,Bootes,0.52,2.9,1
3792,216.4166913,34.8121365,1.8506E-302,0.999154,1,1439114,9.842917331661389E-14,6.460457119790337E-14,3.699270631835615E-14,ILTJ142540.00+344843.5,216.41668311649784,34.812100398244986,0.0046827424240261945,8.785730750082256E-5,0.004375754875580947,4.844043622499709E-5,M,1,1,2.24685,1.0,2.24685,3,4,Bootes,2.89,0.74,0
3793,219.0754457,34.811748,6.7192E-138,0.989125,1,1438987,8.966791679439382E-14,6.031540087038019E-14,3.393849855860789E-14,ILTJ143617.98+344842.1,219.0748989734819,34.811704024685135,3.3027061305581534E-4,7.185977140057692E-5,3.091944025338468E-4,3.968894270271254E-5,S,1,1,0.927,1.0,0.927,1,3,Bootes,1.56,0.14,0
3796,216.3235481,34.8141799,1.1337E-22,0.985689,1,1440395,2.3406056333167813E-14,1.2221288443446406E-14,9.637564617762491E-15,ILTJ142517.49+344851.9,216.32285585351502,34.814419605426124,4.2003668998375165E-4,9.870601554395699E-5,3.625428473121312E-4,5.097728563883018E-5,S,1,1,0.9795,0.0,,,,Bootes,1.44,0.44,0
3803,216.408036,34.8200912,2.4344E-45,0.629612,1,1443537,2.2845006664375898E-14,1.453739844831804E-14,8.656314899259569E-15,ILTJ142537.81+344908.3,216.40754287662327,34.818979940365594,0.008107152369164608,2.8104389661402383E-4,0.0034621399761094037,4.8356536957726346E-5,M,1,1,2.6812,0.0,,,,Bootes,2.11,2.0,1
3809,218.4063828,34.8299467,1.8461E-7,0.47168,1,1448628,6.314967264270328E-15,5.413177145695059E-15,-4.443626302946044E-16,ILTJ143337.74+344944.5,218.40725021293207,34.82905096484332,3.602916294680994E-4,8.137356730677447E-5,2.845949766755074E-4,3.991053354440499E-5,S,1,1,0.488,1.0,0.488,1,3,Bootes,0.83,0.32,0
3811,218.1205452,34.8321993,3.0115E-12,0.982777,1,1450234,8.738953851970174E-15,2.822852792697667E-15,3.4786939740619854E-15,ILTJ143228.93+344955.8,218.12053654421248,34.83218650595688,4.3680398205988614E-4,6.353224341592164E-5,4.6667535286134035E-4,3.8197892665112E-5,S,1,1,2.772301,1.0,2.772301,3,4,Bootes,2.35,0.5,0
3816,218.1278975,34.8368803,2.1433E-19,0.717674,1,1452715,1.3314862147072688E-14,6.6396048239861914E-15,4.597045250967911E-15,ILTJ143230.63+345012.1,218.12763562986675,34.836709243048595,3.8583403617452886E-4,7.901518900321052E-5,3.231728679983382E-4,3.9935634412990806E-5,S,1,1,2.4544,0.0,,,,Bootes,1.6,1.13,1
3819,218.5921028,34.8350326,3.9226E-11,0.156608,1,1452013,7.507235171966446E-15,-9.03803821719713E-16,3.622989551909866E-15,ILTJ143421.98+345007.5,218.59159090879564,34.83542711326382,2.3300399938444496E-4,7.517974964466056E-5,2.269341117888158E-4,4.213003309066604E-5,S,1,1,1.5948,0.0,,,,Bootes,1.76,0.32,0
3824,218.489169,34.839078,5.1158E-6,0.973041,1,1454120,5.245574522292092E-15,6.496646675263446E-15,7.618974283454272E-16,ILTJ143357.35+345021.5,218.48893832535705,34.839318777058516,2.5656095136807516E-4,5.785891257818995E-5,2.960839699682344E-4,3.6420723675391544E-5,S,1,1,1.096,0.0,,,,Bootes,1.35,0.43,0
3826,218.5697601,34.8414406,1.8568E-62,0.910438,0,1455410,3.1830032173310616E-14,2.331961072372116E-14,9.380738663995801E-15,ILTJ143416.72+345029.8,218.5696608741095,34.84161491536012,2.0977594692168342E-4,7.13130790960347E-5,2.1386224028837057E-4,4.112842661379367E-5,S,1,1,1.4606,0.0,,,,Bootes,1.58,0.38,0
3828,217.3143288,34.8446529,4.5016E-13,0.993784,1,1457007,1.1400079618667231E-14,4.488609767735251E-15,4.0048026335793335E-15,ILTJ142915.52+345040.4,217.31467693274664,34.84457991097364,4.935212157714471E-4,9.420181906994014E-5,5.424821209686183E-4,5.7892067736008765E-5,S,1,1,1.759,1.0,1.759,1,3,Bootes,2.32,0.14,0
3843,217.8786234,34.8587541,9.6925E-24,0.683071,1,1464632,1.4363604011352907E-14,8.367627682977432E-15,5.317664954923499E-15,ILTJ143130.78+345130.8,217.8782693091068,34.85857480695011,4.782087673311363E-4,5.812952808479209E-5,5.174655910116474E-4,3.5348700521322164E-5,S,1,1,2.0666,0.0,,,,Bootes,1.87,0.77,0
3844,216.5510233,34.8551935,2.3413E-19,0.919018,1,1462462,1.2885045574068897E-14,6.545675282061207E-15,5.300720790309654E-15,ILTJ142612.20+345117.8,216.55081331311743,34.85496862592294,2.3283112204378002E-4,7.838480888087981E-5,2.522562363311463E-4,4.47121185825381E-5,M,1,1,0.753,1.0,0.753,1,3,Bootes,1.22,0.15,0
3849,217.516115,34.8613242,1.3844E-20,0.927082,1,1466181,7.308716218076773E-15,2.6423980554463612E-15,3.496642932212844E-15,ILTJ143003.89+345141.2,217.51619100221308,34.861448794879365,3.163912802489926E-4,7.239841504564192E-5,2.971744938589165E-4,4.0042432755256205E-5,S,1,1,1.6898,0.0,,,,Bootes,1.89,0.37,0
3855,218.4333788,34.8618527,4.7213E-7,0.988663,1,1466492,4.809189324162388E-15,-7.870848396702719E-16,7.517072419289695E-16,ILTJ143344.05+345143.0,218.43354865144025,34.86197082357296,4.214278200295318E-4,8.238849298974538E-5,3.3555505189329085E-4,4.0709118152488816E-5,M,1,1,1.51,1.0,1.51,1,3,Bootes,1.92,0.36,0
3860,218.5474838,34.8634001,1.123E-6,0.595674,1,1467243,6.052156342642552E-15,-8.651842130354017E-16,2.7776783685702004E-15,ILTJ143411.40+345148.2,218.54751532543312,34.86341420180766,3.6388073731495157E-4,1.0179135205118397E-4,2.501630244019007E-4,3.858093752205605E-5,M,1,1,2.049,1.0,2.049,1,3,Bootes,2.03,0.47,0
3862,217.1178982,34.8646976,2.6316E-170,0.999778,1,1467977,5.081443990434998E-14,1.9442765057127396E-14,2.2725252987365636E-14,ILTJ142828.35+345152.8,217.1181124786963,34.86468633988453,3.322062544634195E-4,6.149319001294494E-5,3.6395632586038796E-4,3.762248482547665E-5,S,1,1,0.474,1.0,0.474,1,3,Bootes,1.21,-0.15,0
3869,218.98182,34.8652565,9.9082E-56,0.998794,0,1468328,2.1859889509819307E-14,1.1477818725128137E-14,8.0173396512876E-15,ILTJ143555.55+345154.5,218.981473787231,34.86514044526496,2.794957000694255E-4,8.057132763381377E-5,2.820364091735615E-4,3.903703474497888E-5,M,1,1,0.5626,0.0,,,,Bootes,1.47,-0.33,0
3871,216.7294558,34.8689161,2.2744E-16,0.957802,1,1470305,1.1440030775147009E-14,8.957522939732994E-15,2.675307076064307E-15,ILTJ142655.09+345209.1,216.72955096161425,34.86919414906407,6.83137476822835E-4,7.574813898707653E-5,6.410683558643995E-4,4.179327850135652E-5,S,1,1,0.514,1.0,0.514,1,3,Bootes,1.14,0.32,0
3874,218.071186,34.8744129,6.8795E-73,0.996673,1,1473319,4.6865530110268716E-14,3.414379789812957E-14,1.765131561828932E-14,ILTJ143217.05+345228.1,218.0710481956322,34.874471663916815,8.484531016122393E-4,6.465680858267701E-5,8.161362340317988E-4,3.6298457999474545E-5,S,1,1,0.1724683,1.0,0.1724683,3,4,Bootes,0.59,-0.06,0
3876,217.5810401,34.8768604,7.4134E-43,0.999735,0,1474598,1.3484809800523316E-14,1.13774862440112E-14,2.8963429503580848E-15,ILTJ143019.40+345236.1,217.58081966072155,34.8766955907804,4.5715130813130225E-4,6.609767542678868E-5,4.286144139822561E-4,3.6457312310234945E-5,S,1,1,0.634,0.0,,,,Bootes,0.53,1.02,1
3880,216.4775434,34.8729781,1.0764E-15,0.203805,1,1472210,7.555238318723723E-15,7.946510581741848E-15,1.0635591710245864E-15,ILTJ142554.55+345220.2,216.4773085747539,34.87229476283761,2.998540901397994E-4,9.108723525595899E-5,2.3462858101874268E-4,4.3497806139819836E-5,S,1,1,1.4214,0.0,,,,Bootes,1.44,0.66,0
3885,217.5212945,34.8804484,6.7078E-11,0.981264,0,1476468,3.753920548763424E-15,2.971634451379153E-15,4.954532365012122E-16,ILTJ143005.07+345249.0,217.52111304679818,34.88029758055577,2.7811439118561004E-4,6.842190960482133E-5,2.6612596148640273E-4,3.7878730852231225E-5,M,0,1,1.9411,0.0,,,,Bootes,2.0,0.33,0
3886,216.9743466,34.879856,3.5582E-81,0.988717,1,1476374,4.8135955292776814E-14,2.066376047107301E-14,2.0740296303017395E-14,ILTJ142753.81+345248.4,216.97420168934227,34.88011334640869,0.0012500068815796466,7.434032752412265E-5,0.001246803084075115,4.284455561057645E-5,M,1,1,0.5130845,1.0,0.5130845,3,4,Bootes,1.64,0.04,0
3893,216.3188694,34.8796856,1.5765E-15,0.9953,1,1476076,1.0019609552579654E-14,-4.577104461552863E-16,3.7558257270904894E-15,ILTJ142516.54+345246.4,216.31893388591462,34.87957657140568,0.19678533056165443,6.557018847353548E-4,0.14830918590006162,1.708418633643305E-4,M,1,1,2.787,1.0,2.787,1,3,Bootes,2.64,2.84,1
3897,218.361214,34.8882006,7.3201E-224,0.99797,1,1480819,7.169325508065533E-14,3.2161703452610776E-14,3.058374754101157E-14,ILTJ143326.69+345317.3,218.36119111810459,34.88815017928408,7.303922392884035E-4,8.792145697458769E-5,6.074553801339519E-4,4.4753866424396235E-5,M,1,1,0.31,1.0,0.31,1,3,Bootes,0.88,0.13,0
3898,217.551096,34.8901972,1.6559E-20,0.999606,0,1482035,4.941838373632482E-15,2.6003594733234316E-15,1.744144083680939E-15,ILTJ143012.29+345325.3,217.5512011377932,34.8903609403619,1.7585719095887796E-4,5.436500794903339E-5,2.121793528794912E-4,3.481106133527127E-5,S,1,1,0.422,1.0,0.422,1,3,Bootes,0.84,-0.14,0
3899,217.4870388,34.8925296,9.0696E-63,0.999216,1,1483295,1.7939891911342887E-14,9.82453262832798E-15,6.988013989016826E-15,ILTJ142956.93+345332.9,217.48719195122683,34.8924961588355,2.4000477372237012E-4,7.264722197329327E-5,2.2089254383981271E-4,3.963063634564056E-5,S,1,1,1.109,1.0,1.109,1,3,Bootes,1.61,0.13,0
3901,217.784395,34.8940704,2.4601E-10,0.876916,1,1484297,8.927954181132393E-15,1.0062346231762306E-14,7.890363649171868E-16,ILTJ143108.40+345339.5,217.78499631604018,34.89431339899522,5.677812220660377E-4,6.610496873146488E-5,5.647854176736169E-4,3.793359511929183E-5,S,1,1,1.68,1.0,1.68,1,3,Bootes,1.86,0.66,0
3914,219.3130744,34.8898987,2.8463E-14,0.988601,1,1481892,1.4726703035593203E-14,4.548625211709266E-15,3.0501055608547815E-15,ILTJ143715.13+345323.4,219.31302392497005,34.88985360684604,6.524210888108923E-4,6.986334904052942E-5,6.60374304220209E-4,4.061180191650368E-5,M,1,1,2.4457,0.0,,,,Bootes,-99.0,-99.0,-1
3930,218.3030465,34.9065787,9.3541E-12,0.645768,1,1490612,5.704243790354689E-15,9.470557582225113E-15,-5.666977931161338E-17,ILTJ143312.77+345422.4,218.30321306072946,34.90624667405816,2.6572834761156455E-4,6.101864471898242E-5,3.41804957458828E-4,4.086820723947569E-5,S,1,1,1.4014,0.0,,,,Bootes,1.55,0.47,0
3933,217.6599014,34.9107413,4.4696E-30,0.901075,1,1493065,1.4839894079847463E-14,1.3092248528397942E-14,3.577087666256362E-15,ILTJ143038.41+345439.1,217.66005203161743,34.91087990462592,3.888880051985838E-4,9.671771437658918E-5,2.338027733022967E-4,3.792940214750875E-5,S,1,1,1.084,0.0,,,,Bootes,1.3,0.66,0
3937,217.9795641,34.9117427,1.6395E-16,0.98713,1,1493577,8.307424548073798E-15,4.210065156039126E-15,3.0651171466760617E-15,ILTJ143154.97+345441.2,217.97905827202052,34.91146264725765,3.834309852966216E-4,9.619362749274344E-5,2.3696623018283795E-4,3.9501378363190754E-5,S,1,1,1.1656,0.0,,,,Bootes,1.67,0.32,0
3945,218.0188155,34.9183906,1.2764E-10,0.941158,1,1497111,6.095240355190636E-15,4.611221785772342E-15,1.1039476694508157E-15,ILTJ143204.35+345505.4,218.0181298050909,34.91817454227115,4.3139097580408383E-4,8.816584953904704E-5,3.175553611880756E-4,4.125547047775769E-5,S,1,1,0.363,1.0,0.363,1,3,Bootes,0.69,0.26,0
3956,219.3098754,34.9105491,3.0305E-11,0.948799,1,1492834,1.044156276785823E-14,3.929648183787139E-15,5.0164337752918614E-15,ILTJ143714.28+345436.7,219.30949590874013,34.910216003741496,6.300021692882928E-4,7.099101347695199E-5,6.870268510421866E-4,4.33448676528839E-5,S,1,1,1.959,1.0,1.959,1,3,Bootes,2.29,0.38,0
3957,218.557808,34.9184404,3.3271E-46,0.997805,1,1497220,2.229524315032196E-14,1.4707918307776815E-14,7.424098774649834E-15,ILTJ143413.79+345504.5,218.55746375351967,34.91792566431507,0.0241505302159762,4.484245890859957E-4,0.0035806013815490303,4.000566087051993E-5,M,1,1,0.566,1.0,0.566,1,3,Bootes,0.33,2.84,1
3961,218.3689479,34.9218375,6.4098E-24,0.587267,1,1499100,1.4110776555880693E-14,1.2805577356714016E-14,3.1753825882676586E-15,ILTJ143328.62+345518.7,218.36923110610604,34.92187496676233,4.40686567292281E-4,8.767184557681456E-5,3.2712781711040996E-4,4.020233170942897E-5,S,1,1,0.81,1.0,0.81,1,3,Bootes,1.4,0.3,0
3962,217.6098195,34.9236026,4.9707E-6,0.996131,0,1500106,2.452460924319207E-15,1.7712695367805713E-15,-7.222088056483733E-17,ILTJ143026.32+345524.9,217.60966861241675,34.92358882181181,1.8399079164694624E-4,5.476414245786132E-5,2.188229553757224E-4,3.532788943675174E-5,S,1,1,1.0414,0.0,,,,Bootes,-99.0,-99.0,-1
3972,218.6483123,34.9261728,4.3297E-102,0.571352,1,1501502,4.8226942544259096E-14,3.765363816855155E-14,1.3882565920788157E-14,ILTJ143435.43+345534.4,218.6476371704879,34.926222232085976,3.95476580070378E-4,8.138140007046853E-5,3.357797533310801E-4,4.191055464395573E-5,S,1,1,1.0517,0.0,,,,Bootes,1.27,0.67,0
3976,218.601115,34.927945,2.7779E-7,0.985747,1,1502394,3.685084083980267E-15,4.321692681565636E-15,2.798120057888395E-16,ILTJ143424.14+345539.8,218.60059328747028,34.92774261781384,4.488439984052567E-4,8.031701759922898E-5,4.40509039540356E-4,3.882466125287465E-5,M,1,1,0.7989,0.0,,,,Bootes,1.71,-0.03,0
3977,217.1062943,34.9297789,1.539E-81,0.996885,1,1503390,3.0791993590929395E-14,2.0623886389911074E-14,1.0063610325845876E-14,ILTJ142825.44+345546.9,217.10599091758064,34.92971630895869,0.07691081793742638,2.50510137860224E-4,0.04828020806870222,9.754657401208533E-5,M,1,1,0.413,1.0,0.413,1,3,Bootes,1.87,1.36,1
3979,217.8254031,34.9317262,3.4974E-7,0.995712,1,1504510,4.574148712658132E-15,-9.252109203089616E-16,2.4902341433941193E-15,ILTJ143118.07+345554.4,217.82527939854583,34.931798134975594,5.846465351939456E-4,5.815847429184746E-5,6.544817405772334E-4,3.616785881839208E-5,S,1,1,1.827,1.0,1.827,1,3,Bootes,2.22,0.36,0
3982,217.4733173,34.9346735,7.3934E-33,0.739766,1,1506046,1.2179044241715695E-14,4.045308643152384E-15,5.149830481518262E-15,ILTJ142953.69+345604.4,217.47371984919764,34.934562379096555,2.4452672140214756E-4,7.476157305095303E-5,1.996514602023618E-4,3.72013907862376E-5,S,1,1,2.4205,0.0,,,,Bootes,1.72,0.79,0
3983,219.3661962,34.9243397,7.2671E-19,0.960114,1,1500411,1.3825940293012254E-14,7.838207472141401E-15,3.017870881272408E-15,ILTJ143727.80+345526.6,219.36581726848482,34.924059843315554,3.9801892424861166E-4,8.845156397279956E-5,4.420819504693485E-4,4.390060927835293E-5,M,1,1,2.4166,0.0,,,,Bootes,2.63,0.02,0
3986,218.6309767,34.9334272,4.6078E-22,0.965073,1,1505399,1.569672760899598E-14,1.1042483070822404E-14,5.22687473509645E-15,ILTJ143431.40+345600.0,218.63084993285898,34.93335498093951,3.7250156266857684E-4,6.593256313803047E-5,3.8941676996672993E-4,3.913850696211372E-5,S,1,1,2.22,1.0,2.22,1,3,Bootes,2.38,0.18,0
3987,218.0105364,34.9365449,7.9189E-8,0.991489,1,1507128,3.896574249578267E-15,3.9890961647282895E-15,-3.596646933610436E-16,ILTJ143202.50+345611.3,218.01040417134746,34.936482347605065,2.7032364927492586E-4,7.958211122783456E-5,2.639493548220217E-4,3.957930449905689E-5,M,1,1,0.8837,0.0,,,,Bootes,1.26,0.34,0
3992,218.6985796,34.9344354,1.5044E-39,0.982563,1,1505839,2.90902543878553E-14,8.71222952530708E-15,1.4707464272249246E-14,ILTJ143447.57+345602.7,218.69820986816475,34.93408305284429,4.960024073672546E-4,7.891429917511139E-5,4.2607511056915105E-4,3.946216923213796E-5,M,1,1,0.9267318,1.0,0.9267318,3,4,Bootes,1.51,0.38,0
3996,218.8645769,34.9335362,1.0866E-17,0.916901,1,1505521,6.456733524689136E-15,2.8901662912105836E-15,2.04899770879397E-15,ILTJ143527.45+345600.3,218.86438150512862,34.9334250338742,2.1745099235688942E-4,6.577130094834051E-5,2.1960675159827644E-4,3.7642412274187435E-5,S,1,1,2.994,1.0,2.994,1,3,Bootes,2.54,0.06,0
3997,218.7765368,34.933987,5.1898E-8,0.989956,1,1505816,5.987377427711396E-15,3.6446885735945574E-15,1.5949931935743798E-15,ILTJ143506.26+345603.1,218.77607010596924,34.93420386847986,3.66043701667133E-4,5.777865427975782E-5,4.443215173525168E-4,3.78395602377108E-5,S,1,1,1.56,1.0,1.56,1,3,Bootes,2.09,0.14,0
4004,218.492832,34.9396181,8.4526E-17,0.978997,1,1508696,9.45703170006937E-15,1.0821932870789937E-14,9.949306579819406E-16,ILTJ143358.27+345621.6,218.49280867636188,34.939359288652604,2.9300268578914005E-4,6.480123035623073E-5,3.3194100700630996E-4,4.018012065799417E-5,M,1,1,0.826,1.0,0.826,1,3,Bootes,1.32,0.24,0
4012,216.2903189,34.9377907,4.6466E-6,0.996784,1,1507807,3.297583767387939E-15,6.869353966358451E-15,-1.0870387730908937E-17,ILTJ142509.81+345615.8,216.2908580257576,34.9377296419941,3.1951556361945653E-4,9.981436280467258E-5,2.7001544948661896E-4,5.0921304803013086E-5,S,1,1,0.36,1.0,0.36,1,3,Bootes,-0.52,1.43,1
4013,219.3582119,34.9352284,5.0698E-16,0.95193,1,1506354,2.3474813128071664E-14,1.5279002762604855E-14,3.746842962195241E-15,ILTJ143725.99+345606.0,219.35829115371988,34.93501141839381,4.5309609578007376E-4,8.241916694017366E-5,4.0482188752188024E-4,4.4012166590942014E-5,S,1,1,2.2849,0.0,,,,Bootes,1.24,1.53,1
4014,216.6247842,34.9422423,1.9676E-21,0.217078,1,1509987,1.2341492839148098E-14,1.5928906460959775E-14,-3.5553250988516337E-16,ILTJ142630.02+345627.7,216.6250961640924,34.94102822755643,5.677727905539691E-4,1.1787558899336102E-4,2.965551643108334E-4,4.210105314634531E-5,S,1,1,1.6259,0.0,,,,Bootes,1.07,1.47,1
4016,218.1918556,34.9489245,1.1221E-6,0.909601,1,1513641,4.297741377178435E-15,3.949049658140959E-15,3.9550599796083156E-16,ILTJ143246.09+345656.2,218.1920261340432,34.94895077431214,2.197579551008893E-4,7.390676484144364E-5,1.9532564360917216E-4,3.938365309875694E-5,S,1,1,3.2737,0.0,,,,Bootes,2.71,-0.03,0
4020,218.9421529,34.9468456,2.1156E-5,0.75146,1,1512838,2.1618835540704912E-15,2.28039112158311E-15,-3.512809261760447E-16,ILTJ143546.11+345650.3,218.9421154678939,34.94731080416871,2.8253300529615974E-4,7.64360779685849E-5,2.3883051655293935E-4,3.8924039631083566E-5,S,1,1,1.9086,0.0,,,,Bootes,2.2,0.11,0
4023,217.1936891,34.954111,5.0284E-17,0.993675,1,1516368,7.286049945714284E-15,8.109221571288935E-15,8.833445011526213E-16,ILTJ142846.54+345714.3,217.1939247617276,34.95399033049946,2.0309759135341907E-4,5.6790917440354776E-5,2.5073284938727854E-4,3.6999227702747787E-5,S,1,1,1.498,1.0,1.498,1,3,Bootes,2.09,-0.16,0
4025,217.7952414,34.956759,2.2882E-5,0.973815,1,1517728,3.5434705507340523E-15,-8.837385103930015E-16,2.0372094711443314E-15,ILTJ143110.80+345724.1,217.79498628320948,34.95669784183189,2.1684698966380612E-4,6.984718806776898E-5,2.3431714720008768E-4,3.734857813833514E-5,M,1,1,0.6689,0.0,,,,Bootes,1.11,0.12,0
4029,217.5798721,34.9609514,1.2721E-38,0.456272,0,1519975,1.2413568333545833E-14,2.8742859083195156E-15,5.640318079038751E-15,ILTJ143018.97+345740.6,217.5790604919874,34.96128014192578,1.921859409974055E-4,7.429304202273909E-5,1.7234315056227807E-4,3.942533257312295E-5,M,1,2,0.6768,0.0,,,,Bootes,0.09,1.18,1
4030,218.002211,34.9627751,1.0012E-25,0.890923,1,1520876,1.1175866369972007E-14,1.436004257821097E-14,7.967101865973564E-16,ILTJ143200.52+345747.2,218.00217528711798,34.963115165266785,0.00192363023368391,1.9472893178565525E-4,0.001043257085988648,4.550739026308293E-5,M,1,1,2.1239,0.0,,,,Bootes,2.14,1.11,1
4036,218.6424901,34.9617515,1.293E-49,0.997975,1,1520299,2.00421824866024E-14,1.3089161344679596E-14,6.794645411078056E-15,ILTJ143434.21+345742.2,218.64252864267993,34.96172866193364,0.0010814041160127556,1.0357838800322044E-4,6.481947053950164E-4,4.179010732117784E-5,S,1,1,0.443,1.0,0.443,1,3,Bootes,0.96,0.57,0
4043,217.8922888,34.9666621,2.6087E-40,0.996201,1,1522942,1.3274586737237127E-14,8.280762619711317E-15,4.557804077777829E-15,ILTJ143134.00+345759.9,217.89164893036315,34.9666508692625,1.956682398912772E-4,6.331827242562399E-5,2.033829191465097E-4,3.607075777164142E-5,S,1,1,1.246,1.0,1.246,1,3,Bootes,1.51,0.27,0
4050,217.3050905,34.9689826,6.6026E-18,0.985274,1,1523989,1.112705792807565E-14,6.346911655901768E-15,4.286268798705891E-15,ILTJ142913.25+345807.6,217.30520924131244,34.968791453588146,3.0775787187895047E-4,6.372709243012845E-5,3.335962535874529E-4,3.871878166344704E-5,S,1,1,1.532,1.0,1.532,1,3,Bootes,1.9,0.25,0
4059,216.8807821,34.9710363,1.5917E-18,0.998172,0,1525290,6.094764875861637E-15,3.460865434258716E-15,1.789768611788717E-15,ILTJ142731.38+345816.2,216.8807666372872,34.971170831063596,4.5884504414998335E-4,9.605684868914379E-5,4.323693994510753E-4,4.0754447822109795E-5,M,1,1,3.2937,0.0,,,,Bootes,3.27,-0.31,0
4060,218.1304561,34.9733673,1.6031E-19,0.992362,1,1526414,1.581037367312636E-14,2.0628606167001915E-14,1.789511118777894E-15,ILTJ143231.26+345824.0,218.13024907773953,34.97335854494871,6.098178123375644E-4,7.413165787271343E-5,5.898802697813789E-4,4.1850064904119196E-5,S,1,1,0.381,1.0,0.381,1,3,Bootes,1.3,-0.2,0
4065,216.3897626,34.9685623,1.3542E-81,0.958887,1,1523754,3.021620108858099E-14,2.0440452654988215E-14,1.0249905763795514E-14,ILTJ142533.55+345806.0,216.3897712281998,34.96834784057509,0.0024967390567117694,2.8916034410693517E-4,0.0017269191450549938,8.445848685369128E-5,M,1,1,1.766,1.0,1.766,1,3,Bootes,2.31,0.86,0
4069,219.2043175,34.9692689,5.3825E-22,0.938374,1,1524129,2.963716785952417E-14,2.5734072108494082E-14,7.103956885989575E-15,ILTJ143648.94+345806.8,219.20391935125917,34.96855870788017,4.6038293318184247E-4,1.0913830219867595E-4,2.860114968351619E-4,4.5013578809127185E-5,S,1,1,0.457,1.0,0.457,1,3,Bootes,0.84,0.36,0
4070,217.8673381,34.9792268,2.4656E-8,0.988103,1,1529477,3.4711698271725557E-15,2.0250432254578885E-15,6.694590319071469E-16,ILTJ143128.07+345844.9,217.86697875331888,34.97913826079808,5.324329457066547E-4,7.694839606784215E-5,4.387572567644341E-4,3.8871395893146615E-5,S,1,1,1.4834,0.0,,,,Bootes,1.75,0.62,0
4075,216.4230524,34.9748106,1.6829E-10,0.885313,1,1526933,4.655659614912511E-15,6.435085245545172E-15,-3.1760908298314483E-16,ILTJ142541.37+345826.9,216.42236437265706,34.97415636720395,1.0794841826027244,0.0021315725937785354,0.13032784204703823,1.3832050323253498E-4,M,1,1,0.328,1.0,0.328,1,3,Bootes,-0.13,4.44,1
4079,219.1943967,34.9767978,4.7619E-15,0.976513,1,1528452,1.5517102654479786E-14,1.1679420449572678E-14,4.429544599021385E-15,ILTJ143646.68+345837.1,219.19448618196367,34.9769980310984,2.866119318679483E-4,7.563701824011636E-5,2.7308420993228465E-4,4.2165025410817785E-5,S,1,1,0.8049,0.0,,,,Bootes,1.29,0.23,0
4080,216.7246272,34.9811749,1.754E-152,0.623302,1,1530781,6.042693866342794E-14,7.495081418313723E-14,8.023150812022923E-15,ILTJ142653.91+345853.9,216.72461425069622,34.98165313258869,3.998166316898784E-4,1.037713166672509E-4,3.0573267801694946E-4,4.865731617566412E-5,S,1,1,0.586,1.0,0.586,1,3,Bootes,0.97,0.41,0
4082,216.8590453,34.9858589,2.13E-124,0.999674,1,1533175,3.093284564240895E-14,2.2829720796614056E-14,9.218477167195153E-15,ILTJ142726.18+345909.3,216.8590701010546,34.98593817714583,5.448113547900472E-4,6.702972676011126E-5,5.836654192540501E-4,4.048777329518626E-5,S,1,1,0.745,1.0,0.745,1,3,Bootes,1.39,0.33,0
4088,216.9948568,34.9888323,2.6961E-25,0.995442,1,1534751,1.5299355787088336E-14,6.5715979186949465E-15,6.167496989796596E-15,ILTJ142758.79+345919.8,216.99494723089626,34.98884816150422,0.007630880187436387,1.2571497040487998E-4,0.007339710777620778,4.080859510941082E-5,M,1,1,0.9894,0.0,,,,Bootes,1.19,1.98,1
4090,218.7665397,34.986472,2.2886E-12,0.831426,1,1533446,9.388752216825618E-15,6.673046133853505E-15,2.6749930616851196E-15,ILTJ143503.88+345910.7,218.76617331705154,34.98632836645894,0.01258663637209964,9.287298454026336E-5,0.012562279026579618,5.354897090044807E-5,S,1,1,1.5406,0.0,,,,Bootes,1.35,2.46,1
4092,219.3110779,34.9823999,2.4743E-8,0.988747,1,1531190,9.749261128542912E-15,7.91731175305436E-15,5.000659326798879E-16,ILTJ143714.64+345856.0,219.31101412306623,34.98224288301366,0.0037127541712399918,7.719180248984012E-5,0.003346469750765676,4.147996410021122E-5,S,1,1,1.649,1.0,1.649,1,3,Bootes,2.47,0.8,0
4097,216.9213355,34.9919555,2.2574E-68,0.998375,1,1536446,2.2363188274813712E-14,2.4337126353596766E-14,3.4380936606049174E-15,ILTJ142741.15+345931.4,216.92147182385952,34.992066759328864,5.330402793509431E-4,9.614161223282344E-5,4.7231688186439793E-4,3.983853147292393E-5,M,1,1,0.589,1.0,0.589,1,3,Bootes,0.53,1.01,1
4098,216.4954474,34.9891563,1.1973E-7,0.949996,1,1534836,4.0568936649072186E-15,-1.3046641461992867E-15,1.0899279123196056E-15,ILTJ142558.85+345920.5,216.49522416120377,34.989050050018086,9.34294357833996E-4,2.031083723941975E-4,2.824737787322515E-4,4.7989598628679055E-5,S,1,1,1.5649,0.0,,,,Bootes,1.87,0.79,0
4099,218.8759939,34.9902748,2.0026E-17,0.983303,1,1535525,7.85213152769474E-15,2.948316350595179E-15,3.204984566073962E-15,ILTJ143530.12+345926.3,218.8754866382283,34.99063914109295,2.7605781018690234E-4,8.531000070241674E-5,2.550070207539602E-4,4.5750228681970794E-5,S,1,1,3.304952,1.0,3.304952,3,4,Bootes,2.7,0.08,0
4100,217.2322651,34.9949953,2.1675E-35,0.91326,1,1538161,1.7561717524508558E-14,1.1510687353524095E-14,5.4324946746296306E-15,ILTJ142855.79+345941.7,217.23246890705235,34.99492369226971,4.5088188566091796E-4,7.597309388189908E-5,4.19025008150057E-4,4.149101185686347E-5,S,1,1,1.7519,0.0,,,,Bootes,1.91,0.54,0
4102,218.4381316,34.9942962,3.7806E-17,0.992884,1,1537743,1.2136154392364562E-14,1.3087989692194235E-14,1.6402455385097857E-15,ILTJ143345.11+345939.9,218.43796095093515,34.9944262106734,3.6721867276259535E-4,6.605642408768621E-5,3.716888293496509E-4,3.844102204392617E-5,S,1,1,0.8146982,1.0,0.8146982,3,4,Bootes,2.16,-0.58,0
4104,217.8309611,34.9976148,1.8723E-7,0.994492,1,1539444,3.459838024584864E-15,1.6190260782826397E-15,6.601660095127691E-16,ILTJ143119.35+345950.6,217.83062143275444,34.99739434818985,5.639058942493043E-4,6.4710001917612E-5,5.417023914095475E-4,3.635082009304963E-5,S,1,1,0.7466,0.0,,,,Bootes,0.98,0.79,1
4112,218.5785663,34.9975382,8.3691E-12,0.917738,1,1539359,3.851649567209049E-15,5.9005324388282844E-15,-3.75306379746614E-17,ILTJ143418.79+345950.3,218.57828469945616,34.997325468550066,1.4552638809264137E-4,4.828817781691347E-5,1.986115431253677E-4,3.382869516686048E-5,S,1,1,0.9732,0.0,,,,Bootes,0.92,0.53,0
4128,216.8539503,35.0081398,4.2308E-9,0.175975,1,1544481,3.5063028999760104E-15,8.84941745726345E-15,-5.35704634078261E-17,ILTJ142725.11+350024.8,216.8546044389366,35.006889641887184,8.434355001458526E-4,8.101090710380602E-5,7.172211305636223E-4,4.171617945785115E-5,S,1,1,0.373,1.0,0.373,1,3,Bootes,0.89,0.36,0
4137,219.0564278,35.0057545,1.6313E-21,0.712646,1,1544136,1.4389477229047586E-14,7.410908355923751E-15,5.38762646145683E-15,ILTJ143613.47+350022.8,219.05610835633394,35.006358369477546,1.8382647163056278E-4,6.063911488690149E-5,2.059234626857103E-4,3.751216455165517E-5,S,1,1,1.3599,0.0,,,,Bootes,1.47,0.37,0
4142,217.9642543,35.0152357,2.5705E-41,0.99806,1,1548917,1.9608063061369178E-14,1.5829331794078615E-14,6.296479025458055E-15,ILTJ143151.36+350054.4,217.96402022770081,35.01511332497815,0.001361300790509698,8.988511850624549E-5,0.0013262357952240104,5.0988618862049545E-5,S,1,1,0.655,1.0,0.655,1,3,Bootes,1.12,0.89,1
4158,218.8058773,35.014725,3.9315E-98,0.996061,1,1548786,4.6061501448539554E-14,3.662863331777021E-14,1.3640432990258197E-14,ILTJ143513.41+350053.3,218.80586882804283,35.01481586032209,0.001014605128508293,2.3666026315625135E-4,8.697561876929963E-4,8.401337721443269E-5,M,1,1,1.147,1.0,1.147,1,3,Bootes,1.69,0.71,0
4160,216.4110136,35.0145439,1.5308E-5,0.988883,1,1548518,2.8486562334924777E-15,3.15114267154168E-15,-2.7327939149481967E-16,ILTJ142538.63+350051.6,216.4109737980357,35.01434507195627,3.7638785085422193E-4,1.072392633593065E-4,3.654254798109596E-4,6.047753727492784E-5,S,1,1,1.398,1.0,1.398,1,3,Bootes,1.58,0.6,0
4172,218.398695,35.0259753,1.9566E-22,0.994946,1,1554708,1.736991664952473E-14,2.0133024571824492E-14,1.3418224490002688E-15,ILTJ143335.72+350133.3,218.39883481151764,35.02593149967185,2.139645934909944E-4,6.625296767693461E-5,2.064445944128189E-4,3.586697219193068E-5,S,1,1,0.6170163,1.0,0.6170163,3,4,Bootes,1.26,-0.13,0
4179,218.165122,35.0307786,2.2626E-12,0.986431,1,1557335,1.0244886586672364E-14,4.081599536105452E-15,4.303740602089496E-15,ILTJ143239.57+350151.2,218.16486392272503,35.03089945008856,0.03951062030159253,2.3109983676324966E-4,0.03557870654690551,5.348086972662713E-5,M,1,1,0.2359074,1.0,0.2359074,11,4,Bootes,1.79,0.62,0
4189,217.5990301,35.0349842,5.3687E-7,0.258244,1,1559632,6.476561540286581E-15,-8.65091766042096E-16,2.6252811114570365E-15,ILTJ143023.68+350205.4,217.59864746757893,35.03485523260233,2.3190410873053413E-4,7.238964249023507E-5,2.133936962061085E-4,3.875739850210921E-5,S,1,1,1.945,1.0,1.945,1,3,Bootes,1.62,0.67,0
4191,218.5661323,35.0336476,3.9366E-11,0.995808,1,1558977,4.062044804853887E-15,2.0613370912519E-15,1.0080998287049992E-15,ILTJ143415.86+350201.0,218.56608899427917,35.03361150887409,2.519667729782047E-4,5.614517032130051E-5,2.886129937106992E-4,3.5239300781562044E-5,S,1,1,0.747,0.0,,,,Bootes,1.12,0.28,0
4193,218.993294,35.0308274,2.8863E-37,0.572652,1,1557179,1.9089218037952665E-14,1.2940623756097692E-14,5.820255618242182E-15,ILTJ143558.41+350149.9,218.99338977082613,35.0305348976226,3.8610301304417365E-4,9.825895136531725E-5,3.1837553751753984E-4,3.887011784900096E-5,M,1,1,2.0448,0.0,,,,Bootes,1.7,0.85,0
4195,217.9073727,35.0369468,4.8693E-9,0.960927,1,1560901,5.676002228811559E-15,5.642491416084231E-15,-2.499557392496023E-16,ILTJ143137.69+350212.8,217.9070351246349,35.03689163191535,3.580377222153549E-4,6.292225794068748E-5,3.6207772353910985E-4,3.658854647396185E-5,S,1,1,0.619,0.0,,,,Bootes,1.28,0.07,0
4197,216.5875157,35.0345279,4.1002E-15,0.98948,1,1559367,7.288007808563068E-15,5.838924180655613E-15,1.9775853328467634E-15,ILTJ142621.01+350203.5,216.58755115960582,35.03431210546901,9.221564119745933E-4,8.320075779404444E-5,9.100624928389139E-4,4.7477476730100965E-5,S,1,1,0.535,1.0,0.535,1,3,Bootes,1.31,0.31,0
4198,217.8248884,35.0379415,6.076E-18,0.946886,1,1561375,9.285820480399597E-15,4.696339503320857E-15,3.440678354382275E-15,ILTJ143117.93+350216.1,217.82471230638737,35.03780652513088,1.8349993454246433E-4,5.523881700473974E-5,2.0518613561244193E-4,3.375292298673073E-5,S,1,1,1.6864,0.0,,,,Bootes,2.2,-0.2,0
4203,216.8620962,35.0365524,5.112E-6,0.696369,0,1560764,2.7915265125071763E-15,1.9524877365934473E-15,-2.810125580905271E-16,ILTJ142726.97+350212.8,216.86235787081316,35.036894164538715,4.0237367689033494E-4,9.144534807982926E-5,3.727259649930651E-4,4.032637893760693E-5,M,1,1,1.4852,0.0,,,,Bootes,1.69,0.56,0
4208,218.6113365,35.0395728,2.7801E-127,0.978926,1,1562314,3.013168829656133E-14,1.8907756792724726E-14,1.0145389812178895E-14,ILTJ143426.58+350222.3,218.61076436733686,35.03953075863678,1.4603210943521289E-4,6.281246393656684E-5,1.5799014374368958E-4,3.7436605753156964E-5,M,1,1,1.2031,0.0,,,,Bootes,1.51,0.1,0
4210,217.7547259,35.0431025,5.7029E-18,0.293371,1,1564509,1.6028788020352485E-14,1.1700985208939513E-14,4.791800969202647E-15,ILTJ143101.31+350235.1,217.7554476905167,35.04310865266953,5.588077405797811E-4,1.3521419087007128E-4,2.2692759879085038E-4,4.060960843711156E-5,M,1,1,1.8298,0.0,,,,Bootes,2.06,0.51,0
4212,217.3964427,35.0440659,6.5547E-16,0.97746,1,1564730,9.222719626402943E-15,8.476281273867382E-15,2.0923481847548407E-15,ILTJ142935.18+350239.2,217.39656604239997,35.04422605199073,5.532131353365615E-4,6.587372943916277E-5,6.141012548595592E-4,4.073187270984737E-5,S,1,1,1.0609,0.0,,,,Bootes,1.35,0.74,0
4215,218.4109987,35.0438265,6.6404E-9,0.950836,1,1564686,7.622978800081E-15,3.394160414366714E-15,2.4914090163200603E-15,ILTJ143338.50+350238.3,218.4103989740295,35.04397427357848,1.8183532683023606E-4,5.8229095452922226E-5,2.0011998429475243E-4,3.4977304649706165E-5,S,1,1,2.0378,0.0,,,,Bootes,2.42,-0.26,0
4217,216.5445674,35.0411547,3.2244E-9,0.752366,1,1562987,4.185871091795294E-15,4.23270672908555E-15,5.179685171026134E-16,ILTJ142610.61+350227.2,216.54422129357732,35.040888004798184,6.056080796134455E-4,1.003100405741774E-4,4.4926290366531724E-4,4.7002458854790015E-5,S,1,1,1.6855,0.0,,,,Bootes,2.53,-0.04,0
4223,218.6114672,35.0466251,8.2905E-13,0.265249,1,1565865,3.770141528300625E-15,2.7748472091135986E-15,6.554667374626608E-16,ILTJ143426.55+350248.0,218.61064002635547,35.046685838349994,2.8302043589165994E-4,8.940535390098962E-5,2.023111876737626E-4,4.023354115817565E-5,S,1,1,1.2091,0.0,,,,Bootes,0.32,1.68,1
4224,218.7042501,35.0470721,1.4342E-33,0.983329,1,1566326,1.3849065973799973E-14,7.0260905401831156E-15,5.013169183600541E-15,ILTJ143448.94+350249.0,218.70389639587182,35.04694640190168,7.486460701894032E-4,1.0371279303179195E-4,7.786021666828752E-4,4.3698379613488214E-5,M,1,1,1.1293,0.0,,,,Bootes,1.07,1.23,1
4225,218.6984271,35.0469427,4.2635E-9,0.947724,1,1566247,4.095361290810124E-15,3.5379122847901467E-15,-2.9176432874776076E-16,ILTJ143447.59+350248.6,218.6982761423642,35.046835494066634,4.930544812313104E-4,9.03041371542863E-5,4.578316760209628E-4,4.2515073728282006E-5,M,1,1,1.5814,0.0,,,,Bootes,1.74,0.66,0
4227,217.7604571,35.0513778,9.7481E-15,0.658249,1,1568729,1.185387013569835E-14,4.7074894085489365E-15,5.318917052014041E-15,ILTJ143102.41+350305.1,217.76003024764674,35.05142625971412,5.179452349586293E-4,7.02643503124574E-5,4.821401622782454E-4,3.840580471261078E-5,S,1,1,2.4233,0.0,,,,Bootes,2.19,0.61,0
4228,217.5168423,35.0529159,1.6564E-7,0.68229,0,1569153,6.085626476170428E-15,4.089735425106569E-15,1.2391173364494512E-15,ILTJ143004.14+350308.3,217.51723336793592,35.052319697861016,2.824628919202107E-4,7.648526053456605E-5,2.467115117193013E-4,4.022076898194379E-5,S,1,1,1.1207,0.0,,,,Bootes,0.92,0.96,1
4230,216.4224579,35.0450904,2.9608E-6,0.870225,1,1565237,3.4540161841912866E-15,-7.284802009396798E-16,7.594480557773634E-16,ILTJ142541.29+350240.5,216.42203855142867,35.044582235095895,3.5490158748104186E-4,1.1092715389207265E-4,2.7250002868296145E-4,4.5329229531489545E-5,M,1,1,0.388,1.0,0.388,1,3,Bootes,0.71,0.22,0
4232,217.2013314,35.0543787,2.0982E-54,0.998031,1,1570263,1.7128640461813273E-14,9.49478908803378E-15,6.412629074827677E-15,ILTJ142848.36+350315.4,217.20150632590705,35.054299778873656,4.49446925741067E-4,8.146272491652381E-5,4.206948523948397E-4,4.4874881036738354E-5,S,1,2,2.107407,1.0,2.107407,3,4,Bootes,2.25,0.35,0
4233,219.0592197,35.0485477,3.5712E-61,0.99545,1,1567103,4.2003864689628435E-14,3.794798831196333E-14,1.0068221022089339E-14,ILTJ143614.13+350254.1,219.0588756496931,35.04837687252032,4.7998322320140946E-4,6.26077480388715E-5,5.293684799323092E-4,3.853005371426873E-5,S,1,1,0.355,1.0,0.355,1,3,Bootes,1.13,-0.18,0
4253,218.6690038,35.0610282,1.9027E-18,0.985989,0,1573940,6.78967949252376E-15,6.696868281925229E-15,1.1681374896466498E-15,ILTJ143440.63+350340.0,218.66929337624424,35.06113487774172,2.940650366617181E-4,7.755072626774836E-5,2.6346577600062546E-4,4.130540490054894E-5,S,1,1,0.153,1.0,0.153,1,3,Bootes,0.16,-0.16,0
4263,218.1814805,35.0717806,9.8373E-6,0.970944,1,1579819,3.0340366986791314E-15,-8.172651106602355E-16,9.111957910660726E-16,ILTJ143243.45+350419.5,218.18103177710958,35.07208691709411,0.0015447365156648599,6.273825650520212E-5,0.0016472343753518156,3.779278385279566E-5,S,1,1,2.7,1.0,2.7,1,3,Bootes,3.0,0.32,0
4265,217.7123244,35.0734353,8.2074E-63,0.667197,1,1580535,5.0168390855298754E-14,4.9602534333719146E-14,1.0573398179824925E-14,ILTJ143050.97+350424.5,217.71237881224687,35.07347546336472,4.0573864416886625E-4,7.003703115976804E-5,3.885049931598638E-4,3.91288822764133E-5,S,1,1,2.0835,0.0,,,,Bootes,2.03,0.54,0
4269,218.833805,35.0704539,1.0219E-36,0.994864,1,1578900,3.674746233578134E-14,2.6315951068968227E-14,1.2816186604299115E-14,ILTJ143520.09+350413.4,218.8337059937142,35.07039772103755,5.287560489090113E-4,8.766760538762086E-5,4.458718308547758E-4,4.5028968211166396E-5,S,1,1,1.051,1.0,1.051,1,3,Bootes,1.7,0.32,0
4281,218.2284344,35.0810955,2.8191E-11,0.989674,1,1584556,5.234904247614E-15,-8.923402396336405E-16,1.907329897016161E-15,ILTJ143254.82+350451.7,218.2284326531612,35.08103607908349,4.371129874123174E-4,9.773073067162475E-5,3.6463250227113954E-4,3.7733099816250615E-5,M,1,1,1.2969,0.0,,,,Bootes,0.53,1.71,1
4283,216.8881113,35.0800672,6.6971E-7,0.923898,1,1583872,4.53550613389877E-15,-7.352304079319409E-16,2.279129867943907E-15,ILTJ142733.13+350447.2,216.88804507665077,35.07977931218538,2.728930251199358E-4,9.11476239654729E-5,2.663595450534965E-4,4.098393081949325E-5,M,1,1,1.4276,0.0,,,,Bootes,1.81,0.23,0
4293,216.6517601,35.0822874,6.2449E-13,0.854852,1,1585346,4.324970536150029E-15,2.9709997250886747E-15,1.2815613743403589E-15,ILTJ142636.65+350452.3,216.65269278874942,35.081194040675996,0.01977700352473311,3.607832913054891E-4,0.003485535874309515,5.3007472371973564E-5,M,1,1,1.0534,0.0,,,,Bootes,-0.21,3.96,1
4298,218.0634759,35.0900121,5.5666E-65,0.985755,1,1589485,6.83386126940074E-14,3.402167745206227E-14,3.123228054474666E-14,ILTJ143215.21+350524.3,218.06337625680388,35.09008508300563,3.7654846704434746E-4,8.337629435658743E-5,3.01684988681622E-4,4.139641128114517E-5,S,1,1,0.65,1.0,0.65,1,3,Bootes,1.44,-0.02,0
4300,217.4448172,35.0906495,9.0678E-61,0.98874,1,1589585,3.126377854033494E-14,1.9533436663538224E-14,1.1164758761185574E-14,ILTJ142946.70+350526.0,217.44457386303137,35.090570661326005,7.108036347193332E-4,1.0595926815414377E-4,4.507623705307244E-4,4.403203920231076E-5,S,1,1,1.073,0.0,,,,Bootes,1.31,0.9,1
4313,216.333687,35.0882143,1.7691E-18,0.990111,1,1588265,2.6940387867766165E-14,-1.5617867029046483E-15,1.2972158014151363E-14,ILTJ142520.11+350517.9,216.33379498406146,35.08831765553839,4.7228721561545545E-4,8.916891332834038E-5,4.116419135283346E-4,4.6618522476726576E-5,S,1,1,1.039,1.0,1.039,1,3,Bootes,2.08,-0.14,0
4317,216.9556936,35.0982419,1.6946E-12,0.336615,1,1594170,1.23061001749752E-14,5.5960671559410795E-15,4.378531321348675E-15,ILTJ142749.50+350556.4,216.95625784505066,35.099015605281764,2.9834891040959616E-4,8.307502358315039E-5,2.561199151097047E-4,4.2455706475199474E-5,S,1,1,1.9931,0.0,,,,Bootes,1.73,0.68,0
4318,216.7555001,35.0966108,3.2527E-7,0.990155,1,1593022,2.8133408849241442E-15,4.494336607354354E-15,-9.181318696389296E-17,ILTJ142701.38+350547.6,216.75574503388697,35.096572925256694,0.001077570046149998,1.1221663712321546E-4,8.43410065714584E-4,4.320356022071792E-5,M,1,1,0.381,1.0,0.381,1,3,Bootes,1.11,0.25,0
4319,217.8898978,35.1004503,3.7143E-157,0.997241,1,1595017,4.666706970898823E-14,2.2769213846483165E-14,1.9188386276909488E-14,ILTJ143133.52+350601.8,217.88968596525456,35.10051279612525,1.9090421556044974E-4,5.291596241312576E-5,2.3820646568840456E-4,3.4070319063143775E-5,S,1,1,1.477,1.0,1.477,1,3,Bootes,1.99,-0.09,0
4320,217.6744954,35.1003125,2.913E-6,0.887437,1,1595194,6.026534588614349E-15,4.3823015125451784E-15,1.7214369298393682E-15,ILTJ143041.85+350602.7,217.67437832161704,35.1007491078742,7.036977855766194E-4,6.314352511499312E-5,7.4469698042033E-4,3.777513153081954E-5,S,1,1,1.3808,0.0,,,,Bootes,1.9,0.51,0
4323,219.2166394,35.0938239,8.8316E-12,0.994536,1,1591499,1.0850075814378954E-14,4.897468448376352E-15,2.943859398874303E-15,ILTJ143651.96+350538.0,219.21651662054973,35.0939092008658,7.092598783036161E-4,7.803103074019313E-5,6.377710441589966E-4,4.188296943149306E-5,S,1,1,0.864,1.0,0.864,1,3,Bootes,1.76,0.19,0
4324,218.5665311,35.0996553,9.6777E-30,0.949216,1,1594567,1.2416407618656581E-14,6.743635987129971E-15,4.275367127152752E-15,ILTJ143415.92+350558.7,218.56632682719675,35.09966034552693,3.836721878239531E-4,6.25248448118295E-5,4.0471675921144665E-4,3.731132947519986E-5,S,1,1,1.35,1.0,1.35,1,3,Bootes,1.56,0.59,0
4330,218.2406662,35.1052078,3.6995E-18,0.48119,1,1597623,6.36371183224045E-15,6.401431700612741E-15,1.064779452649953E-15,ILTJ143257.68+350618.9,218.24033742833376,35.10525778880868,4.17263044729281E-4,6.447502545427493E-5,4.163533682315515E-4,3.674032739651214E-5,S,1,1,1.7895,0.0,,,,Bootes,-99.0,-99.0,-1
4335,217.9224765,35.1078049,4.7698E-210,0.966154,1,1598982,7.208083441032515E-14,5.451275920392544E-14,2.280908662440998E-14,ILTJ143141.29+350627.5,217.92205415690125,35.10765078844691,3.619683400462578E-4,7.252719299578171E-5,3.1559827239106846E-4,3.813311146752737E-5,S,1,1,1.002,1.0,1.002,1,3,Bootes,1.42,0.41,0
4336,219.3066236,35.0979666,5.7128E-36,0.956263,1,1593964,7.435262192872213E-14,4.027781289873672E-14,2.4843641225942482E-14,ILTJ143713.54+350553.7,219.30643018901708,35.09825203590165,0.08959622736983404,3.5254872410685645E-4,0.07580900308620622,8.06980019697221E-5,M,1,1,1.485,1.0,1.485,1,3,Bootes,2.06,2.51,1
4339,217.8280574,35.1088866,1.1305E-14,0.997618,1,1599515,7.547144584953904E-15,3.456552436436717E-15,2.4520268463733705E-15,ILTJ143118.70+350631.9,217.8279036768568,35.10888060626764,2.9255677020834455E-4,7.200025898378837E-5,2.7476565843721323E-4,3.98437164882697E-5,S,1,1,0.821,1.0,0.821,1,3,Bootes,1.82,-0.31,0
4341,218.3739187,35.1076836,4.77E-19,0.91361,1,1598944,1.076063618954201E-14,6.201709455662447E-15,3.4462287547516435E-15,ILTJ143329.74+350627.3,218.37392284674638,35.10759689219961,3.483072233982987E-4,6.19818441243202E-5,3.761805711470216E-4,3.7447248492667756E-5,S,1,1,2.3966,0.0,,,,Bootes,2.49,0.1,0
4344,217.8446487,35.1096933,1.2341E-66,0.115752,1,1599940,2.1347047834877033E-14,1.4229430722765217E-14,7.0649924351107395E-15,ILTJ143122.71+350634.3,217.84464496423269,35.10954976200499,2.8178547038265416E-4,9.126372110200817E-5,1.999777116833401E-4,4.148381176585656E-5,S,1,1,1.5753,0.0,,,,Bootes,2.09,0.04,0
4348,216.6819028,35.1054769,1.9187E-43,0.998203,0,1597822,7.911127716540498E-15,1.1350163185804081E-14,4.313071304612551E-16,ILTJ142643.68+350620.2,216.68199414597404,35.105610763973935,5.058450630079584E-4,1.071320046138176E-4,5.171942931540273E-4,5.329312454705359E-5,M,1,2,0.418,1.0,0.418,1,3,Bootes,0.8,0.35,0
4349,216.5618163,35.1045581,0.0,0.993482,1,1597231,3.5952909101713896E-13,1.8659425450181178E-13,1.447049961480806E-13,ILTJ142614.84+350616.1,216.56184373559927,35.104472977471914,0.0019514009260506713,8.335869829840755E-5,0.0019427926290822208,4.795374574670959E-5,S,1,1,0.2167803,1.0,0.2167803,3,4,Bootes,0.78,0.32,0
4350,217.8312074,35.1107512,2.6974E-9,0.993973,1,1600451,4.6530255659828755E-15,3.4895568949518247E-15,1.0357129750407617E-15,ILTJ143119.51+350638.5,217.8312959374956,35.11071451929573,2.876356703654726E-4,6.471340864211674E-5,3.038203562816375E-4,3.868156351046745E-5,S,1,1,2.0964,0.0,,,,Bootes,2.43,-0.04,0
4351,219.0366555,35.1040371,0.0,0.984451,0,1596940,2.5353524166584744E-13,1.120773363758363E-13,1.1881790742931365E-13,ILTJ143608.82+350612.4,219.03676900856073,35.10345190858075,0.005490542544208631,1.6247940787012378E-4,0.0024008614135412913,4.118012293838547E-5,M,1,1,0.738,1.0,0.738,1,3,Bootes,0.4,2.39,1
4352,217.8819598,35.110686,5.8036E-38,0.992593,1,1600473,1.3149679245251612E-14,6.277531358731087E-15,4.9246096808840845E-15,ILTJ143131.66+350638.4,217.88189793234,35.11067225452592,2.606315053805506E-4,6.072957748225436E-5,2.8300937808409054E-4,3.682756574334036E-5,S,1,1,1.6323,0.0,,,,Bootes,1.83,0.31,0
4356,216.5758711,35.1085255,4.0203E-9,0.991612,1,1599209,2.95516754363115E-15,6.117606044881315E-15,-6.489065812209609E-17,ILTJ142618.25+350630.1,216.57602762622528,35.10836508061448,2.586269004711054E-4,8.362542012823017E-5,2.814063785697899E-4,5.088265433240614E-5,S,1,1,0.5704,0.0,,,,Bootes,0.98,0.17,0
4359,219.1843763,35.107388,1.2206E-16,0.933233,1,1598828,1.2763560624560146E-14,1.6828851114003267E-14,9.541064146596892E-16,ILTJ143644.27+350627.0,219.18444319024994,35.10750522020501,0.0031481740761943266,1.1894658804353198E-4,0.002904228815506817,4.225541237610742E-5,M,1,1,1.95,1.0,1.95,4,3,Bootes,2.18,1.2,1
4361,218.3153077,35.1161072,3.1896E-6,0.951802,1,1603370,1.963152809460542E-15,2.926186383677479E-15,-3.172299459626187E-17,ILTJ143315.60+350657.6,218.31498189046303,35.1160086854096,5.161884776719584E-4,9.026612343510333E-5,3.5445101853670617E-4,4.017188942997708E-5,S,1,1,1.8844,0.0,,,,Bootes,2.34,0.2,0
4364,217.2214473,35.1182118,1.8154E-43,0.992122,1,1604510,8.143848789907076E-15,2.989468519253332E-15,3.1622702782990486E-15,ILTJ142853.16+350705.0,217.22149333863192,35.11806927294179,3.0756292861968695E-4,9.797379708874868E-5,2.125827385351997E-4,4.3607432013875605E-5,S,1,1,1.834,1.0,1.834,1,3,Bootes,1.89,0.44,0
4365,217.1465213,35.1179008,6.9786E-47,0.998138,1,1604382,1.2136860543788064E-14,9.388493710633763E-15,3.384883800336388E-15,ILTJ142835.17+350704.5,217.14654552341,35.1179270436165,7.794931965709962E-4,8.170275345101651E-5,6.502331656731843E-4,4.096855882744421E-5,M,1,1,2.181,1.0,2.181,1,3,Bootes,2.35,0.51,0
4366,216.8401576,35.1170333,7.3341E-25,0.996832,0,1603969,1.4995416607584936E-14,1.1016807208434522E-14,5.0381597436065915E-15,ILTJ142721.58+350701.6,216.839922219718,35.11713349030677,2.684032575937595E-4,6.752575016094736E-5,2.889171716535582E-4,4.041058462536031E-5,S,1,1,0.983,1.0,0.983,1,3,Bootes,1.67,-0.0,0
4367,219.6573691,35.1061255,1.4792E-14,0.995912,1,1598180,1.797113762314424E-14,2.786664747208823E-14,3.0695034789948875E-16,ILTJ143837.75+350622.3,219.65731177774455,35.106201823203754,9.977938814853264E-4,8.178429940240779E-5,9.494636275440656E-4,4.554488772591389E-5,S,1,1,0.2223,0.0,,,,Bootes,0.91,-0.08,0
4375,217.5613977,35.1250867,1.6794E-38,0.991785,1,1608181,1.9120989996058504E-14,9.495497131176386E-15,7.004134894305146E-15,ILTJ143014.66+350729.5,217.5610792353264,35.124869829115745,2.609288175992499E-4,7.486648755727557E-5,2.2918167442629767E-4,3.943152641842521E-5,S,1,1,0.471,1.0,0.471,1,3,Bootes,1.19,-0.24,0
4391,218.7937303,35.129035,6.0423E-9,0.986945,1,1610348,7.714492854347878E-15,-7.717451060833124E-16,2.5209988551584375E-15,ILTJ143510.49+350744.1,218.7937290240473,35.128915857132434,5.652340980198843E-4,6.96182987751767E-5,5.900354363710174E-4,4.134417532019508E-5,S,1,1,1.2096,0.0,,,,Bootes,2.08,0.08,0
4398,216.8651397,35.1354713,5.7841E-39,0.995449,1,1613916,1.7365976767460458E-14,1.673595418021721E-14,4.002900153227104E-15,ILTJ142727.59+350807.2,216.86495449822957,35.13535565474715,0.0023727779708396556,1.3753351834190782E-4,0.001659514243181574,4.129617382204742E-5,M,1,1,0.979,0.0,,,,Bootes,1.1,1.55,1
4401,216.6341233,35.1375271,2.5036E-154,0.998049,1,1615019,1.56830864921949E-14,1.0138317447802046E-14,5.4375867607559085E-15,ILTJ142632.18+350814.6,216.63408031472565,35.13741195865165,0.5277942642831904,3.726635039157201E-4,0.5035711501151988,1.5743059874512256E-4,M,1,1,1.3922,0.0,,,,Bootes,1.6,3.71,1
4406,219.115567,35.1367252,1.7272E-14,0.993599,1,1614596,1.0955896386093967E-14,1.0776356224012986E-14,1.825294966941848E-15,ILTJ143627.67+350812.1,219.1153115513586,35.13669438174985,9.475075150892795E-4,7.031827251616027E-5,9.405439399730849E-4,4.038503903986611E-5,S,1,1,0.7066,0.0,,,,Bootes,0.94,1.0,1
4410,217.4611561,35.1453972,8.0993E-44,0.991069,1,1619160,1.8222112088887173E-14,2.8041413009794293E-14,5.983520495043272E-16,ILTJ142950.66+350842.4,217.461075720426,35.1451338567764,8.804420604776443E-4,8.937941045158179E-5,8.358495103423209E-4,4.970280983774058E-5,S,1,1,0.366,1.0,0.366,1,3,Bootes,1.16,0.07,0
4416,218.6644996,35.1423755,1.7182E-6,0.911886,1,1618024,5.108434158953508E-15,-8.335255951862049E-16,1.2166692751919143E-15,ILTJ143439.72+350829.3,218.66548117893421,35.14147189768539,0.00868871537101024,1.772038623234028E-4,0.0029129500917026126,3.775286246673204E-5,M,1,1,0.3905202,1.0,0.3905202,3,4,Bootes,-0.26,2.67,1
4418,217.8025735,35.1468675,3.5645E-107,0.998684,1,1620099,3.514239037473471E-14,1.6150216189703562E-14,1.4454117584424283E-14,ILTJ143112.57+350848.5,217.80236259629768,35.14682872067125,9.405337216042013E-4,6.606105188283013E-5,9.991771530194742E-4,3.957754494046299E-5,S,1,1,1.151,1.0,1.151,1,3,Bootes,1.65,0.72,0
4423,218.5003461,35.1489262,2.0959E-19,0.988174,1,1621339,1.579855109234062E-14,2.10643304099653E-14,-2.9904441923857653E-16,ILTJ143400.00+350856.5,218.50000869132833,35.149039002059205,7.712568905879977E-4,6.97085130115306E-5,7.617076969627913E-4,3.991160889081108E-5,S,1,1,0.222,1.0,0.222,1,3,Bootes,-0.22,1.02,1
4425,217.7998513,35.1513865,3.7914E-10,0.506362,1,1622737,4.307988301326784E-15,4.929986535156172E-15,-2.729598682455556E-16,ILTJ143111.86+350905.9,217.7994271816336,35.15164151982461,2.4123171032501531E-4,6.700874010978759E-5,2.526917756717997E-4,3.972917142532188E-5,S,1,1,1.4741,0.0,,,,Bootes,1.62,0.41,0
4434,218.3300254,35.1548231,3.5403E-40,0.998085,1,1624491,1.2784855947277226E-14,5.650903155714503E-15,5.16414631964545E-15,ILTJ143319.27+350918.1,218.33027570070922,35.15505361016153,5.03586547667297E-4,1.363371947156039E-4,2.1085269187202902E-4,4.204331789606584E-5,M,1,1,2.31,1.0,2.31,1,3,Bootes,2.46,0.26,0
4442,216.9586505,35.1575043,1.9449E-7,0.984359,1,1625862,4.928451270150002E-15,8.531490430234117E-15,-2.913120701534578E-16,ILTJ142750.04+350926.6,216.9585033976016,35.15739593262227,7.600652638971756E-4,6.752363764815923E-5,8.69043397507694E-4,4.255893681915176E-5,S,1,1,0.8693,0.0,,,,Bootes,1.28,0.75,0
4455,218.8667836,35.1579578,9.2852E-204,0.998406,1,1626126,6.463878878928885E-14,3.311948543654101E-14,2.637147734736233E-14,ILTJ143528.02+350927.6,218.86675395022903,35.15768600084165,0.001959692241250936,1.3128518157366005E-4,0.0012003726904543587,3.732635088899069E-5,Z,1,1,2.241393,1.0,2.241393,3,4,Bootes,2.69,0.57,1
4461,216.6844189,35.1620076,1.1349E-297,0.94554,1,1628308,3.0473830652471474E-14,1.7093882658292013E-14,1.1482453276989002E-14,ILTJ142644.24+350943.3,216.68434305601903,35.16203693109149,0.0013866572246896355,1.1090580341384134E-4,0.0011905825165270277,5.771679786150772E-5,S,1,1,0.1728258,1.0,0.1728258,3,4,Bootes,-0.01,0.81,1
4471,218.5716039,35.1662541,1.3474E-76,0.977334,1,1630818,4.5916483893622085E-14,2.5499062201225855E-14,1.7842603007672598E-14,ILTJ143417.20+350959.4,218.57168729725436,35.16651524685481,2.4247232745020362E-4,7.586445086309789E-5,2.1236414283427093E-4,3.9976480597102525E-5,M,1,1,2.18125,1.0,2.18125,2,4,Bootes,2.2,0.17,0
4473,217.9687476,35.1704601,4.9773E-59,0.999062,1,1632955,2.0426494265321685E-14,7.453991387483769E-15,9.218253330322947E-15,ILTJ143152.51+351014.4,217.96880843224548,35.17068318927564,7.286967206544109E-4,9.693363403573692E-5,4.609237463926551E-4,3.8844977032567836E-5,M,1,1,0.902,1.0,0.902,1,3,Bootes,1.77,0.23,0
4475,218.712588,35.1669425,5.746E-71,0.995856,1,1631086,5.480447204764269E-14,3.2684935356980677E-14,1.781141843064402E-14,ILTJ143450.98+351001.4,218.71242298726645,35.16705803918426,3.644914285505139E-4,1.0546739976014686E-4,1.9848040614620508E-4,3.909297237131609E-5,S,1,1,1.6816,0.0,,,,Bootes,2.04,0.26,0
4478,218.6426664,35.1693323,1.7706E-159,0.99958,1,1632377,1.0404647045617564E-13,6.466888944943617E-14,3.4560927394611755E-14,ILTJ143434.22+351009.4,218.64259589849,35.16929328838043,0.01592796760495198,9.670745521722357E-5,0.015945475765758117,4.57533171356772E-5,M,1,1,2.187,1.0,2.187,1,3,Bootes,-99.0,-99.0,-1
4479,217.7943343,35.1733025,8.7386E-38,0.929951,1,1634535,1.5758578990277694E-14,8.60035527118575E-15,5.4556325551129895E-15,ILTJ143110.60+351024.0,217.79416302328062,35.17334058855836,6.386732948986873E-4,5.9560976290309086E-5,7.336232389780814E-4,3.762335966831854E-5,S,1,1,2.3292,0.0,,,,Bootes,-99.0,-99.0,-1
4492,217.5492387,35.1803547,1.4501E-6,0.986601,1,1638373,2.498087239124411E-15,-9.455553210835764E-16,4.883851080639778E-16,ILTJ143011.75+351049.0,217.5489460146745,35.18030275417977,8.487304403080317E-4,6.404753770808203E-5,8.958028248790627E-4,3.832322902715668E-5,M,1,1,1.659,1.0,1.659,1,3,Bootes,1.95,0.72,0
4495,218.948852,35.1757446,2.2912E-7,0.816147,1,1635776,2.8365904477593445E-15,3.58617430979078E-15,-2.6314463421471414E-16,ILTJ143547.81+351030.9,218.94922034272452,35.175264984320464,2.9183768500223324E-4,7.407166181924676E-5,3.085362320146662E-4,4.405434732663708E-5,S,1,1,1.6067,0.0,,,,Bootes,1.78,0.41,0
4503,218.2674747,35.1822374,4.152E-6,0.997887,1,1639398,3.2818751833395023E-15,6.971837263562299E-15,-5.478640199133219E-17,ILTJ143304.20+351055.8,218.26751775017834,35.182187782613106,4.678914128642117E-4,7.976029529874502E-5,3.8689827594839206E-4,4.0483592459951424E-5,S,1,1,0.285,1.0,0.285,1,3,Bootes,0.25,0.54,0
4507,216.6183388,35.1813172,2.6608E-6,0.997086,1,1638917,9.598128185841994E-16,-1.785841431172663E-16,3.8292231809020645E-16,ILTJ142628.36+351052.2,216.61814804058957,35.18118864356381,0.0041722661085865104,1.1614483509278849E-4,0.003563020850184562,6.019918857205561E-5,S,1,1,0.3935,0.0,,,,Bootes,-0.49,2.6,1
4513,217.2753239,35.1876479,1.3339E-7,0.995719,1,1642284,1.400625172926386E-15,-4.3557124004204354E-16,6.708338997668438E-16,ILTJ142905.98+351116.0,217.27491027515023,35.18778665751462,0.0442864041221999,2.723173438061025E-4,0.027287404190705442,6.045979786722455E-5,M,1,1,0.4171737,1.0,0.4171737,3,4,Bootes,-0.04,3.2,1
4514,218.2581782,35.1871507,8.0688E-9,0.248344,1,1641983,3.0401105267580108E-15,2.849376741328768E-15,7.004481273063265E-16,ILTJ143301.90+351113.1,218.2579002558216,35.186997620760245,2.7102571952643506E-4,6.675713962216315E-5,2.760934029944623E-4,3.845160378672586E-5,S,1,1,0.8102,0.0,,,,Bootes,0.88,0.65,0
4521,219.3548275,35.1803034,3.3145E-13,0.984804,1,1638296,2.2974216085139783E-14,1.0760205878037458E-14,6.5095875060595875E-15,ILTJ143725.00+351049.2,219.35416497471812,35.180342936665646,6.757454683956817E-4,8.738931397405754E-5,6.259823393900328E-4,4.7895696466331514E-5,S,1,1,2.331941,1.0,2.331941,3,4,Bootes,1.34,1.6,1
4528,217.5350821,35.1922991,1.9113E-15,0.997402,1,1644849,1.2832901845472445E-14,8.087954067977622E-15,3.658777382754264E-15,ILTJ143008.33+351132.8,217.5347007736011,35.192468281977504,5.044493677611253E-4,1.0203192236356774E-4,3.7704619051742304E-4,4.00117234166828E-5,M,1,1,1.584,1.0,1.584,1,3,Bootes,2.37,-0.01,0
4530,218.8920041,35.1870998,1.2201E-10,0.997223,1,1641997,4.409355433607836E-15,2.2306714097708372E-15,1.1134473911414362E-15,ILTJ143533.95+351112.5,218.89147104691045,35.18683138483449,3.6007548080704317E-4,1.1056983122084017E-4,2.3548686338311433E-4,3.9965004310943185E-5,M,1,1,1.653,1.0,1.653,1,3,Bootes,1.43,0.9,1
4534,218.2402348,35.1940799,6.793E-57,0.998476,0,1645810,2.2218098625655082E-14,1.5429821346975292E-14,7.242470191120942E-15,ILTJ143257.64+351140.2,218.240149176336,35.1945097819636,2.4935792556546955E-4,7.854607690989163E-5,2.251897930594035E-4,4.012731804687064E-5,M,1,1,0.21,1.0,0.21,1,3,Bootes,-99.0,-99.0,-1
4536,216.9092865,35.192371,1.4127E-131,0.998108,1,1644864,4.057925366158741E-14,1.9931264813402327E-14,1.601543167486112E-14,ILTJ142738.21+351132.0,216.90920422092836,35.192234507263244,6.663179873259022E-4,7.221832759190592E-5,6.652684077833924E-4,4.1638930101924905E-5,S,1,1,1.211696,1.0,1.211696,3,4,Bootes,1.8,0.46,0
4538,217.8216238,35.1962285,1.764E-8,0.978256,1,1646967,3.4602442036261258E-15,5.7205062584226405E-15,-6.708352361499251E-17,ILTJ143117.08+351146.7,217.82115427064824,35.19631696210408,9.659860828175588E-4,6.919281513839822E-5,9.731337734126232E-4,4.0090155056795675E-5,S,1,1,1.2859,0.0,,,,Bootes,2.25,0.2,0
4540,218.4547542,35.1946527,1.2877E-33,0.992911,1,1646111,4.7697129677808475E-14,3.2895678475243256E-14,1.358143550867375E-14,ILTJ143349.10+351141.0,218.4546026133555,35.194728497998796,5.948275228380173E-4,7.360811084727131E-5,5.19707992287535E-4,3.868878352704882E-5,S,1,1,1.87,1.0,1.87,1,3,Bootes,2.16,0.45,0
4549,216.7306603,35.1961662,3.6157E-14,0.995503,1,1646830,2.046598702984867E-15,3.341885072173865E-15,-6.684402876420364E-17,ILTJ142655.30+351146.0,216.73043686420658,35.1961214967105,0.001522186713765986,7.952173430690044E-5,0.00145436971231524,4.443638313555764E-5,S,1,1,0.5604,0.0,,,,Bootes,0.64,1.29,1
4552,216.5905604,35.1964727,1.6747E-319,0.999641,1,1647075,2.264153385694102E-14,1.689215558725723E-14,7.092050681820842E-15,ILTJ142621.74+351147.5,216.5905964946584,35.196533520080315,4.827727435756569E-4,9.415618777573696E-5,4.5366057637206286E-4,5.189975991514068E-5,S,1,1,0.346,1.0,0.346,1,3,Bootes,1.1,-0.18,0
4556,217.905177,35.2038036,2.11E-16,0.979895,1,1650963,1.178899085554485E-14,2.4983115292998204E-15,4.784781509552826E-15,ILTJ143137.20+351213.4,217.90500675080105,35.20372176953615,3.0637029376337363E-4,8.126502563461535E-5,3.182635423697403E-4,4.807586742357992E-5,S,1,1,2.8631,0.0,,,,Bootes,2.42,0.29,0
4557,216.5966617,35.1986268,1.0042E-127,0.988967,1,1648248,1.1377757977424018E-14,4.552105665157552E-15,4.660639429500524E-15,ILTJ142623.18+351154.9,216.59657350263763,35.19860734737292,4.228713650969766E-4,7.49072263583885E-5,5.059599926323874E-4,4.862028270729538E-5,S,1,1,3.47892,1.0,3.47892,2,4,Bootes,3.2,-0.22,0
4561,217.3454221,35.2055056,1.8886E-55,0.967917,1,1651844,1.3090936787272011E-14,7.915886709585048E-15,4.558041653121989E-15,ILTJ142922.91+351219.6,217.34544878704472,35.205451762802454,0.001364836365518854,8.815356606627845E-5,0.0011806995344509133,4.609852191900587E-5,S,1,1,1.6999,0.0,,,,Bootes,1.84,1.07,1
4588,216.8949653,35.2153597,6.8852E-9,0.998362,1,1659138,3.88712148290862E-15,6.6005591293634345E-15,-7.45397038825754E-17,ILTJ142734.74+351254.5,216.89475636759641,35.215140173775325,7.185801928958341E-4,1.0254858500218417E-4,6.537497397204931E-4,4.057186205682228E-5,M,1,1,0.8954,0.0,,,,Bootes,2.23,-0.28,0
4594,216.908816,35.2190062,8.02E-15,0.998749,0,1662484,6.367687714432178E-15,3.688812183324716E-15,1.7561734920742418E-15,ILTJ142738.15+351307.9,216.90895384170048,35.21886637704919,5.156070564456606E-4,1.3147783171333792E-4,2.2787788050515143E-4,4.170428164683362E-5,S,1,1,0.1958,0.0,,,,Bootes,0.3,0.17,0
4604,217.208191,35.2272269,3.254E-124,0.998801,1,1670383,1.7958078385121255E-14,7.067012466359919E-15,7.465525345587347E-15,ILTJ142849.93+351338.0,217.2080533731723,35.22723306457946,0.0026718317825488195,7.595140915622006E-5,0.002518034181811638,4.212050960865319E-5,S,1,1,0.292,1.0,0.292,1,3,Bootes,1.46,0.01,0
4608,217.2270004,35.2298861,6.228E-10,0.497679,1,1672749,2.957440525220261E-15,3.643264505661771E-15,-2.502084800335109E-16,ILTJ142854.51+351346.8,217.2271398374657,35.229685604938496,4.434655410454382E-4,7.948148824273343E-5,3.948412783853732E-4,4.2396440750578164E-5,S,1,1,1.8945,0.0,,,,Bootes,1.71,0.83,0
4623,218.8723957,35.2329755,9.989E-36,0.992573,1,1675772,1.3264781613269362E-14,1.216400610074309E-14,3.007962527466331E-15,ILTJ143529.33+351358.3,218.87222112770846,35.23287800175439,6.329636516079181E-4,7.802014699715925E-5,5.493745037782979E-4,4.0793493105907215E-5,S,1,1,1.6495,0.0,,,,Bootes,2.16,0.36,0
4624,217.172314,35.2371317,1.509E-18,0.99741,1,1679915,4.821158484032183E-15,6.9006960308556556E-15,-1.4649389822399157E-16,ILTJ142841.40+351413.7,217.17250719261222,35.23714585762807,7.261706687136816E-4,8.990145041810415E-5,5.626527213411655E-4,4.352819704099228E-5,S,1,1,0.429,1.0,0.429,1,3,Bootes,0.97,0.35,0
4634,219.4008432,35.2318527,9.476E-20,0.989185,0,1674649,2.4812818991448402E-14,-5.09398542190253E-15,9.737787149440668E-15,ILTJ143736.13+351354.1,219.40055849928126,35.23171485402571,2.280348581186339E-4,6.943697056198677E-5,2.5312393758673466E-4,4.133707969923932E-5,S,1,1,1.4821,0.0,,,,Bootes,1.86,0.13,0
4639,218.2169609,35.2435568,6.3361E-18,0.993667,0,1686713,1.3132802922810514E-14,1.2015292700202465E-14,2.7632188421867506E-15,ILTJ143252.00+351437.4,218.2166790869497,35.243748038627864,5.077440206228484E-4,1.1058472182000035E-4,3.5759639123097644E-4,5.0112359447908684E-5,S,1,1,1.3928,0.0,,,,Bootes,1.57,0.73,0
4645,217.868403,35.2490938,1.2493E-8,0.921817,1,1692219,4.854879575211016E-15,-8.956230184772602E-16,1.4600394436627181E-15,ILTJ143128.38+351456.9,217.86823550123347,35.24915139756544,0.0012166745455437912,2.1468327220409327E-4,0.001098999392529966,7.968708177213557E-5,M,1,1,1.5677,0.0,,,,Bootes,1.72,1.07,1
4649,216.6806757,35.2480494,4.7883E-12,0.356456,1,1691290,1.4622722993775708E-15,1.874827844571146E-15,2.1999904777587077E-16,ILTJ142643.28+351453.9,216.68032219680353,35.24832641233393,5.171552761381629E-4,1.5021965013504649E-4,2.3420388223421908E-4,4.878460581063934E-5,S,1,1,2.0576,0.0,,,,Bootes,2.22,0.43,0
4650,217.8937911,35.2532175,5.8453E-6,0.930631,0,1696167,2.9159211913429446E-15,2.1438467311407825E-15,-3.834144436111316E-16,ILTJ143134.55+351511.3,217.8939429662613,35.253154876263174,0.42880440531238806,4.3306108298231025E-4,0.42593974772431464,1.943201296380721E-4,M,1,1,1.2285,0.0,,,,Bootes,0.66,4.51,1
4653,217.3456101,35.2549911,0.0,0.99942,1,1697909,1.1586474681608992E-13,5.902411297217852E-14,4.3787425043554555E-14,ILTJ142922.90+351517.3,217.34541100283028,35.25481078321457,1.9772079486181658E-4,6.578626565829427E-5,2.1566053725630604E-4,4.0197170764868596E-5,S,1,1,0.904,1.0,0.904,1,3,Bootes,1.44,0.03,0
4659,217.8606052,35.2570852,1.2655E-8,0.996345,0,1699907,6.024410779224701E-15,2.0333554131731303E-15,1.815742005654189E-15,ILTJ143126.53+351525.2,217.86052530263888,35.25701335364931,8.124279602962942E-4,1.2743777515052457E-4,7.24905839824174E-4,6.773477494293328E-5,M,1,1,0.6582,0.0,,,,Bootes,1.56,0.19,0
4690,218.7944506,35.2680415,1.4082E-15,0.094983,1,1709500,6.094445094256665E-15,1.9497631443425848E-15,2.442589367321657E-15,ILTJ143510.75+351603.0,218.79478542940353,35.267512341007496,4.0749835861657053E-4,1.1375784023174265E-4,2.0874285517558702E-4,4.078501500968807E-5,S,1,1,0.4605,0.0,,,,Bootes,0.8,0.35,0
4693,216.325111,35.2665932,1.0761E-87,0.997046,1,1708831,5.1005787895965746E-14,2.5241153926034548E-14,2.207266781671422E-14,ILTJ142518.03+351559.5,216.3251209705613,35.266526881619214,3.541862925972383E-4,8.040755309173134E-5,3.6091049654099353E-4,4.654612776845068E-5,S,1,1,1.983,1.0,1.983,1,3,Bootes,1.7,0.79,0
4700,217.9544983,35.2787554,4.0614E-57,0.999081,1,1719004,2.5307892536588513E-14,1.2584143164960225E-14,1.0400185494488999E-14,ILTJ143149.04+351643.4,217.9543434205905,35.278739254062934,6.001434601710369E-4,7.201509247902481E-5,6.355718520467938E-4,4.316311267696321E-5,S,1,1,3.0968,0.0,,,,Bootes,2.1,1.01,0
4711,216.6331239,35.278315,1.8779E-19,0.876009,1,1718975,2.638304430137663E-15,3.1127581239779065E-15,7.027975226392857E-16,ILTJ142631.94+351644.2,216.63308170406864,35.27896606144772,6.855136165635268E-4,1.1291769684903703E-4,4.296625050059167E-4,4.668824703695998E-5,S,1,1,0.461,1.0,0.461,1,3,Bootes,1.38,-0.04,0
4718,218.6954639,35.2839875,1.9121E-285,0.965795,1,1722853,4.8573269784734853E-14,7.934624589813763E-14,2.602836200790111E-15,ILTJ143446.87+351702.1,218.69528457417007,35.28393223480195,0.001069292645453475,8.679066933433305E-5,8.495534842389404E-4,4.284834802387485E-5,S,1,1,0.19,1.0,0.19,1,3,Bootes,0.09,0.68,0
4723,216.5847559,35.2867255,2.044E-183,0.998167,1,1724901,1.7243876520539367E-14,1.0688265316947482E-14,6.254786147750567E-15,ILTJ142620.33+351712.6,216.58470125344977,35.286836080441525,2.3584068380887285E-4,6.650248050360919E-5,2.8022825516896494E-4,4.287287508258419E-5,S,1,1,1.755,1.0,1.755,1,3,Bootes,2.4,-0.27,0
4726,216.2347963,35.2832402,5.7277E-10,0.967612,1,1722485,1.0241298656681272E-14,-5.019770850614247E-15,2.7566151012550867E-15,ILTJ142456.28+351700.6,216.234505204507,35.28350185364118,0.08662235892537672,3.602596852495174E-4,0.03683773336791253,8.987725936458446E-5,M,1,1,1.7296,0.0,,,,Bootes,1.91,2.81,1
4727,217.6167813,35.2934175,1.5956E-19,0.995647,1,1729954,1.3658666570108674E-14,6.123383130767494E-15,4.9446093137909245E-15,ILTJ143027.99+351736.6,217.61664129810745,35.2935131384592,4.0626786921198904E-4,8.020905641665542E-5,4.02383534468278E-4,4.228227820567554E-5,M,1,1,1.269,1.0,1.269,1,3,Bootes,-99.0,-99.0,-1
4731,217.5049346,35.2940548,4.3538E-10,0.94372,1,1730544,6.8548744781246434E-15,-5.441865135077565E-16,3.646185496757657E-15,ILTJ143001.09+351738.9,217.5045229130607,35.29413834692141,8.418795852522118E-4,9.462809470023287E-5,6.390769772178085E-4,4.523198918389276E-5,S,1,1,2.067,1.0,2.067,1,3,Bootes,2.28,0.58,0
4733,216.4686042,35.2877892,1.2074E-6,0.801946,1,1725521,2.471643333279746E-15,2.129715511690199E-15,3.4871172753735383E-16,ILTJ142552.40+351715.8,216.46831460481556,35.28773881222043,1.5896235593279166E-4,5.429175108285532E-5,2.3582511871921997E-4,3.858083062255304E-5,S,1,1,1.8814,0.0,,,,Bootes,2.17,-0.12,0
4740,216.5244865,35.2918896,5.1947E-266,0.829442,1,1728821,3.4340844945975847E-14,2.388728830818224E-14,1.2760115219660834E-14,ILTJ142605.91+351731.3,216.52463812486644,35.29203437697178,1.9172555210805435E-4,6.492651376218299E-5,2.316172940020602E-4,4.231374978768828E-5,S,1,1,1.1501,0.0,,,,Bootes,1.7,-0.03,0
4746,216.4074961,35.2932416,2.7076E-118,0.996305,1,1729922,4.028398070540029E-14,4.152191003303272E-14,7.731794013841394E-15,ILTJ142537.78+351735.9,216.40741459504414,35.293320555418454,0.0010277650642491487,7.875394406278228E-5,0.0010465293524301578,4.5959704095410534E-5,S,1,2,0.901,1.0,0.901,1,3,Bootes,1.55,0.62,0
4748,216.7678174,35.2971251,5.6759E-43,0.998027,1,1732662,1.124538794722179E-14,1.1489051939843673E-14,2.1501636378792176E-15,ILTJ142704.06+351750.3,216.76691725970133,35.29731869508587,3.7979227859294244E-4,1.0020484315893409E-4,3.0134226882185965E-4,4.728996008634567E-5,M,1,1,0.635,1.0,0.635,1,3,Bootes,0.99,0.44,0
4751,216.3696744,35.2959965,5.0883E-180,0.99642,1,1731862,6.847623033360702E-14,3.78906409463441E-14,2.6209698501252632E-14,ILTJ142528.73+351744.3,216.36972249343958,35.29565519807409,2.5496515891851844E-4,7.981807153547614E-5,2.5299924738524164E-4,4.4942504352832235E-5,S,1,1,0.766,1.0,0.766,1,3,Bootes,0.78,0.68,0
4761,216.5091839,35.3038173,1.6843E-97,0.999579,1,1737072,3.1048188502322784E-14,1.9374598036249755E-14,1.0574612035103535E-14,ILTJ142602.22+351813.4,216.50926812631297,35.30373696557201,8.848470166672969E-4,7.67247239435237E-5,9.024985086839555E-4,4.486681429352972E-5,S,1,1,1.085,1.0,1.085,1,3,Bootes,1.6,0.69,0
4763,219.2575745,35.3019196,8.4565E-8,0.956263,1,1735827,5.985872096760353E-15,-5.2706992128216975E-15,1.7440349724185333E-15,ILTJ143701.73+351807.6,219.25719957760847,35.30211328706097,5.331313046642662E-4,1.0852699235234508E-4,4.7432430000895245E-4,4.30248932352697E-5,M,1,1,1.8131,0.0,,,,Bootes,2.21,0.32,0
4769,217.1649004,35.3141564,4.6282E-8,0.955673,1,1744612,4.960804141763098E-15,-6.097701620013584E-16,1.8563600866400304E-15,ILTJ142839.51+351852.0,217.16460743682168,35.314463146240854,2.451384203441338E-4,7.606101432462119E-5,2.1879198451615545E-4,4.0145257002847534E-5,S,1,1,0.336,1.0,0.336,1,3,Bootes,0.98,-0.38,0
4771,218.7572795,35.3125359,1.0662E-26,0.981396,1,1743110,1.1782850734993716E-14,1.0942290853403559E-14,2.433578231102155E-15,ILTJ143501.64+351844.7,218.7568249886103,35.31244082633527,2.2043579883551496E-4,7.389177265752843E-5,1.9694765493122424E-4,3.951197365658568E-5,S,1,1,1.2874,0.0,,,,Bootes,1.66,0.19,0
4773,216.9499044,35.3146059,1.2418E-6,0.208714,1,1744609,3.3925193736707176E-15,3.250808436860429E-15,-3.3345147353397666E-16,ILTJ142748.00+351853.4,216.95001437910847,35.31483401302588,2.591554521180142E-4,6.618924792771713E-5,2.8237211134711065E-4,4.037207203577103E-5,S,1,1,2.0682,0.0,,,,Bootes,1.76,0.62,0
4787,216.9964102,35.3213685,1.5653E-57,0.986507,1,1749140,3.331495804588309E-14,2.275695603323998E-14,1.0368256059029296E-14,ILTJ142759.15+351916.9,216.99644637102003,35.32137297733532,8.681350218146058E-4,8.31248761100887E-5,7.877387359865024E-4,4.491932239623893E-5,S,1,1,3.1993,0.0,,,,Bootes,1.88,1.44,1
4788,216.8917617,35.3219151,2.9472E-14,0.454069,1,1749413,6.5513874348700444E-15,5.882197173819647E-15,9.09469021094691E-16,ILTJ142734.01+351918.0,216.89171599153414,35.3216669860593,3.806018930617822E-4,8.478776473436245E-5,3.0983475765164475E-4,4.227718509145533E-5,S,1,1,1.7814,0.0,,,,Bootes,1.2,1.25,1
4790,218.1414719,35.3240714,5.0041E-18,0.927195,1,1751107,1.9115404381133415E-14,1.3061858502658243E-14,6.0670022754665755E-15,ILTJ143234.04+351927.9,218.14185138639286,35.324441864644754,9.111498038721497E-4,1.1017807435814353E-4,8.702949924164506E-4,4.104628441928071E-5,M,1,1,1.5765,0.0,,,,Bootes,1.89,0.76,0
4795,218.5525709,35.3243272,1.4122E-16,0.979703,1,1751070,1.056620043865405E-14,5.047126207392563E-15,3.3440492082626614E-15,ILTJ143412.53+351927.8,218.55222252233162,35.32440149392885,4.592537997808797E-4,8.104024423048747E-5,4.7096918542476117E-4,3.904520668220357E-5,M,1,1,1.249,1.0,1.249,1,3,Bootes,1.88,0.24,0
4801,218.8159994,35.3240205,1.6787E-10,0.675532,1,1751113,4.649317839577239E-15,4.377049530017475E-15,6.047906936083569E-16,ILTJ143515.92+351927.7,218.8163532460436,35.324367821187025,3.086270242094643E-4,8.624485578224751E-5,2.3173587603992572E-4,4.078266199031032E-5,S,1,1,0.463,0.0,,,,Bootes,0.76,0.28,0
4809,217.5411349,35.3328537,7.2063E-64,0.998675,1,1756383,2.6867764766896186E-14,3.057478170092714E-14,3.5805272822031105E-15,ILTJ143012.27+351922.5,217.5511401557874,35.322939342903105,0.03908453271247676,0.0011460168258451038,0.0019167147042033843,4.96132871521695E-5,Z,1,1,0.629,1.0,0.629,1,3,Bootes,0.49,2.99,1
4811,217.1915262,35.3321481,8.2764E-21,0.996319,1,1755926,7.78301085214777E-15,2.7395624548311793E-15,3.0101406170663864E-15,ILTJ142846.03+351955.0,217.1918013883702,35.33194916657435,2.7935063952804824E-4,5.915624036109514E-5,3.351273589952271E-4,3.7790530860408145E-5,S,1,1,1.0336,0.0,,,,Bootes,1.88,-0.16,0
4819,217.6508843,35.3444116,5.9627E-37,0.990169,1,1763496,2.8968152875637107E-14,2.051028724813034E-14,9.628506295163304E-15,ILTJ143036.16+352038.5,217.6506697233607,35.344036304627195,3.5157406874492507E-4,9.769387171185782E-5,2.443232479801492E-4,4.3894384974761905E-5,S,1,1,0.7867,0.0,,,,Bootes,1.31,0.27,0
4825,218.4391268,35.3483562,2.6656E-8,0.831703,1,1766458,8.580222250889091E-15,6.314005597497972E-15,2.4759614206684202E-15,ILTJ143345.51+352056.0,218.43964227839757,35.34890016559256,8.406027655419234E-4,7.886731574498821E-5,7.079706244980563E-4,4.047192464765357E-5,S,1,1,0.546,1.0,0.546,1,3,Bootes,1.26,0.34,0
4830,217.6675996,35.3543046,1.3794E-5,0.982097,1,1769690,6.334432781636479E-15,-7.894265034751645E-16,3.0692225398365253E-15,ILTJ143040.13+352115.9,217.66721729019343,35.354420149214995,4.340716807392876E-4,7.249109583726142E-5,4.0621023588457603E-4,4.0026909759980226E-5,S,1,1,0.525,1.0,0.525,1,3,Bootes,1.28,-0.01,0
4834,216.4208732,35.3525269,1.8158E-5,0.990186,1,1768736,3.761240027504544E-15,3.720157347627434E-15,-3.004090151082137E-16,ILTJ142541.05+352109.4,216.42105442117872,35.35263376050235,0.0017284089914782709,8.98968905457846E-5,0.0015327151291081517,4.7752791855789665E-5,S,1,1,0.555,1.0,0.555,1,3,Bootes,1.75,0.14,0
4846,217.0374758,35.3626011,8.0522E-155,0.994955,1,1774735,5.539061846552218E-14,2.5121559561544575E-14,2.62333834463882E-14,ILTJ142809.07+352144.3,217.03778962905088,35.36230672114568,5.544300019999058E-4,1.6652574288746318E-4,2.742869787735158E-4,4.887425652486854E-5,M,1,1,0.433,1.0,0.433,1,3,Bootes,1.53,-0.36,0
4848,219.3462005,35.3553424,3.436E-6,0.989768,1,1770306,3.677234228728478E-15,-1.9447220833844097E-16,1.806543612109621E-15,ILTJ143723.02+352119.2,219.34590502384955,35.35534223823056,2.496072266308053E-4,8.252737685403237E-5,2.2931175622096188E-4,4.50082681413701E-5,S,1,1,0.736,1.0,0.736,1,3,Bootes,1.38,-0.01,0
4858,218.3420856,35.3693114,3.6461E-11,0.995303,1,1778797,6.3229556692675345E-15,2.639528766398643E-15,2.2330391237203677E-15,ILTJ143322.11+352210.1,218.34214119553798,35.36948173550164,3.0505407267339944E-4,6.92213761475834E-5,2.903187170753715E-4,3.856407613822222E-5,S,1,1,1.82,1.0,1.82,1,3,Bootes,1.78,0.55,0
4859,217.5084298,35.3712272,7.7315E-8,0.828626,1,1779819,4.880479236025382E-15,8.231346911203531E-15,-1.4441942137388256E-16,ILTJ143001.96+352216.2,217.50816052073952,35.37117204947351,4.7675661779756164E-4,8.566632503786211E-5,4.3450156883197193E-4,4.588828904368576E-5,M,1,1,1.5602,0.0,,,,Bootes,1.85,0.51,0
4871,218.8250579,35.3745002,2.1646E-10,0.112349,1,1781952,5.8915198372197465E-15,3.954885852649829E-15,1.4026487963053562E-15,ILTJ143517.95+352228.0,218.8247890242993,35.374469700107454,4.6845747858041047E-4,7.307086703331449E-5,4.587930081369359E-4,4.150129251607071E-5,S,1,1,4.7892,0.0,,,,Bootes,3.03,0.3,0
4876,217.5759606,35.3807257,2.4388E-20,0.998572,0,1785604,9.262055239473643E-15,6.181286373430204E-15,2.735088555842454E-15,ILTJ143018.24+352250.6,217.57599236326053,35.38074394861784,0.001501249311413862,9.801936388253403E-5,0.001532383527213537,5.7323556692450994E-5,S,1,1,1.6891,0.0,,,,Bootes,2.51,0.37,0
4884,217.5117387,35.3864227,6.451E-29,0.99621,1,1789022,1.4046336835328797E-14,6.475591830349141E-15,5.541927391068915E-15,ILTJ143002.79+352310.3,217.51163949552628,35.386196466052205,2.0494315196723238E-4,6.738149766859616E-5,2.3550290745453278E-4,4.2163108211324324E-5,S,1,1,1.009,1.0,1.009,1,3,Bootes,2.05,-0.51,0
4898,218.3171633,35.3911294,3.4365E-8,0.997425,1,1791723,3.5225506598467976E-15,2.732539789640315E-15,6.883121004649339E-16,ILTJ143316.27+352324.9,218.31780438974565,35.39025757143725,4.6368308835681205E-4,1.001950632788312E-4,2.476291010431689E-4,3.906771310357726E-5,M,1,1,0.477,1.0,0.477,1,3,Bootes,0.82,0.42,0
4902,217.6496805,35.3954924,2.9235E-40,0.990188,1,1794424,1.929092460017434E-14,1.1621971568398324E-14,6.750069051935399E-15,ILTJ143035.88+352343.8,217.64950419591037,35.395519414454895,9.167752766067506E-4,6.430638929129232E-5,0.0010072086417172313,3.950693991004818E-5,S,1,1,4.1878,0.0,,,,Bootes,3.32,0.16,0
4903,217.1455523,35.3942477,7.597E-7,0.741426,1,1793816,5.143241520346743E-15,5.0720595731591614E-15,-1.9671749143094803E-16,ILTJ142834.93+352339.9,217.14556189381656,35.394419925947304,7.477441564385644E-4,9.734669577544689E-5,6.022675102568034E-4,4.85171190795723E-5,S,1,1,1.6152,0.0,,,,Bootes,1.62,0.99,1
4909,217.1039376,35.3954356,3.681E-18,0.998238,1,1794403,1.0911948069816802E-14,1.4751369170445913E-14,-3.9870948959349703E-16,ILTJ142824.97+352343.2,217.10404024111924,35.39535564016669,5.954630886818649E-4,1.2360464494691608E-4,5.040607720639715E-4,4.6674646026076514E-5,M,1,1,0.48,1.0,0.48,1,3,Bootes,0.94,0.41,0
4910,217.5639098,35.397095,2.5945E-16,0.86449,1,1795319,6.584396343325902E-15,2.4012669001410387E-15,2.3057111636415187E-15,ILTJ143015.29+352348.0,217.56369953661968,35.396666280730244,0.08436099941945895,2.486832857998648E-4,0.07422246609725326,8.789373176114168E-5,M,1,1,1.8908,0.0,,,,Bootes,1.8,3.01,1
4912,218.474462,35.3953707,1.4011E-7,0.820568,0,1794791,1.3897939798935987E-14,8.535450177346192E-15,3.166355424725113E-15,ILTJ143353.93+352346.9,218.47470447359103,35.39636596730299,2.6077542917253435E-4,6.198467954592084E-5,2.8538243398518187E-4,3.711666006407367E-5,S,1,1,0.0,1.0,0.0,1,3,Bootes,-99.0,-99.0,-1
4913,218.354854,35.3977826,6.1091E-9,0.868057,1,1795652,5.040177156565173E-15,2.541331519290235E-15,1.3566687978066622E-15,ILTJ143325.08+352350.6,218.35449087048892,35.397389641771156,2.1874693092862018E-4,7.19731412411711E-5,1.9613784909924999E-4,3.669171523770987E-5,S,1,1,1.7759,0.0,,,,Bootes,2.08,0.05,0
4918,218.3135996,35.4002279,2.692E-99,0.999029,1,1797325,2.9259944585488705E-14,1.495694147535114E-14,1.1491278779444371E-14,ILTJ143315.28+352359.9,218.31366956478448,35.39998759317028,2.594827926158595E-4,7.808519595133886E-5,2.2055820008431412E-4,4.0007502268308804E-5,S,1,1,2.322105,1.0,2.322105,3,4,Bootes,1.76,0.73,0
4921,218.8193596,35.3978981,5.5229E-6,0.520194,1,1795795,3.214182749152045E-15,4.300109946202913E-15,-1.4470316472649392E-16,ILTJ143516.84+352350.9,218.82015413293874,35.39748077076583,2.871542673247908E-4,7.873867553383531E-5,2.6023621119146417E-4,4.2385111328959874E-5,S,1,1,1.2406,0.0,,,,Bootes,1.39,0.57,0
4929,218.8757201,35.4022297,1.3656E-9,0.994814,1,1798673,5.743161306083934E-15,2.5907926135208195E-15,1.8368078035501123E-15,ILTJ143530.14+352409.1,218.87556622347512,35.40253216134117,0.0012559488672509913,1.7496079600290348E-4,6.054954954611766E-4,4.2305412756832086E-5,M,1,1,0.1229499,1.0,0.1229499,3,4,Bootes,0.29,0.13,0
4933,219.5575414,35.3948482,7.1739E-21,0.983416,1,1794099,3.371806524837153E-14,-5.902873950211849E-15,1.5118457766124258E-14,ILTJ143813.84+352342.0,219.55766769802827,35.39501392960776,5.205934155033884E-4,1.0764325678662389E-4,4.094123165160078E-4,5.2755785460850426E-5,S,1,1,2.546763,1.0,2.546763,3,4,Bootes,2.44,0.4,0
4934,218.6337502,35.4055016,2.9528E-10,0.920827,1,1800505,3.733681634504387E-15,2.1726956555900384E-15,9.002660064123683E-16,ILTJ143432.02+352419.1,218.633396418615,35.40530481685527,4.809760568547771E-4,1.2016796318814875E-4,4.0171199890252376E-4,6.060306818754285E-5,M,1,1,2.1293,0.0,,,,Bootes,2.52,0.1,0
4941,218.7106502,35.4092733,3.9328E-255,0.99929,1,1802872,6.463725178523038E-14,3.9835882674912346E-14,2.358884782668969E-14,ILTJ143450.52+352433.2,218.71048771614494,35.40923179936129,8.416161045065365E-4,7.686043043377014E-5,8.212614487632129E-4,4.350800612289095E-5,S,1,1,0.991,1.0,0.991,1,3,Bootes,1.89,0.27,0
4944,218.5660573,35.4126641,1.7198E-106,0.995919,1,1804885,2.753570909044457E-14,2.3050572570381398E-14,7.673050523194726E-15,ILTJ143415.80+352445.5,218.5658523787006,35.41266261761343,5.72876490865484E-4,9.763492070783801E-5,3.976907316677878E-4,4.3706633918925603E-5,M,1,1,1.182,1.0,1.182,1,3,Bootes,2.14,0.0,0
4945,217.9561536,35.4158673,1.7612E-20,0.996638,1,1807029,8.87872441540685E-15,2.4772649481808132E-15,3.7288513721552575E-15,ILTJ143149.47+352457.8,217.95612293356217,35.41608027498903,4.282231481734066E-4,1.0146731122045335E-4,2.592924526137174E-4,4.025901486561514E-5,S,1,1,1.1678,0.0,,,,Bootes,1.82,0.21,0
4958,216.9940999,35.4223285,3.5393E-12,0.363247,1,1810960,9.766600178492066E-15,8.292591402299683E-15,1.6259791305697718E-15,ILTJ142758.34+352520.2,216.99309814468324,35.42229170495866,0.0018327669374943992,1.1745401504057468E-4,0.0011019986553200641,4.756094953157742E-5,S,1,1,0.1952946,1.0,0.1952946,3,4,Bootes,0.94,0.02,0
4960,219.5978127,35.4108206,1.7786E-12,0.78643,1,1803847,1.770799298705399E-14,1.134255076526617E-14,4.007216720953679E-15,ILTJ143823.23+352438.5,219.5967876275609,35.41070758282399,0.0014976555706832221,1.3692678313832318E-4,0.0010689510861466532,4.9280775245279074E-5,M,1,1,0.2042165,1.0,0.2042165,3,4,Bootes,0.96,-0.04,0
4965,217.8439827,35.4280269,1.8525E-20,0.994686,1,1814384,6.996275047654984E-15,5.8151258278118626E-15,1.3737545550556643E-15,ILTJ143122.50+352540.8,217.8437634551571,35.42801941731372,0.002801593365870314,7.906467297334765E-5,0.0029607489442738124,4.203692946248339E-5,M,1,1,2.319,1.0,2.319,1,3,Bootes,2.28,1.21,1
4967,218.8029635,35.4238397,2.7728E-33,0.922545,1,1811768,1.4297446451809612E-14,8.575537107550726E-15,5.410096411367876E-15,ILTJ143512.74+352525.6,218.8031034901355,35.4237795999025,0.0018788795297955874,7.891624779703029E-5,0.0017027293297252044,4.255601981556959E-5,S,1,1,1.4186,0.0,,,,Bootes,1.39,1.51,1
4969,219.0243761,35.422094,9.9574E-8,0.993311,0,1810586,4.230611011955508E-15,-8.0306109829036E-16,1.3145872913446034E-15,ILTJ143605.83+352518.4,219.02430130416187,35.42178611849607,0.0024969096201119647,1.1893043678097807E-4,0.001848960721072325,5.590536388065375E-5,S,1,1,0.127,1.0,0.127,1,3,Bootes,0.56,0.17,0
4973,216.8952114,35.4287769,0.0,0.998843,1,1814893,1.359714121773597E-13,7.203957911100126E-14,5.545351579209394E-14,ILTJ142734.79+352544.0,216.8949584563287,35.42889961490482,7.508607182940631E-4,8.244439535424832E-5,6.661428003010565E-4,4.350718260503441E-5,S,1,1,0.3403649,1.0,0.3403649,3,4,Bootes,1.33,-0.25,0
4979,217.1361263,35.4335175,7.3416E-52,0.996035,1,1817435,1.4718698461281325E-14,9.447001358210526E-15,5.404973282002346E-15,ILTJ142833.24+352547.2,217.1384832645677,35.429793472170424,0.010498194679390548,6.120615770659193E-4,6.591048583109091E-4,4.868300819362048E-5,M,1,1,1.82,1.0,1.82,1,3,Bootes,1.62,2.26,1
4990,216.7943683,35.4355091,9.5911E-16,0.987382,1,1819021,1.0982920560180814E-14,3.0086966526357476E-15,4.4290926965843915E-15,ILTJ142710.66+352609.2,216.79443243325116,35.43590044893661,6.697213096902956E-4,8.034083346206635E-5,6.23697821558281E-4,4.421402052189534E-5,S,1,1,0.686,1.0,0.686,1,3,Bootes,1.44,0.28,0
4993,216.6629243,35.4365081,3.4194E-28,0.931087,1,1819192,1.588357050673574E-14,1.03582802216701E-14,5.559348465803744E-15,ILTJ142639.10+352610.9,216.66290423728265,35.43637248200459,2.202871842549961E-4,6.831292633108704E-5,2.5174751124439906E-4,4.297196179736563E-5,S,1,1,1.6368,0.0,,,,Bootes,1.63,0.47,0
4994,218.4669637,35.4392123,5.0991E-47,0.985134,1,1820983,4.9256667382654706E-14,1.6858150718378842E-14,2.5041587603733702E-14,ILTJ143352.08+352621.3,218.46701063869358,35.439263160755054,3.11497518555017E-4,8.210452778303463E-5,3.3033374701390607E-4,4.005638625676511E-5,M,1,1,1.664,1.0,1.664,1,3,Bootes,1.67,0.58,0
4997,217.8292389,35.4434472,1.5223E-10,0.981634,1,1823470,3.4851360037630653E-15,3.601681051398339E-15,3.7767340328813294E-16,ILTJ143119.08+352635.8,217.82949975139354,35.44329044990957,5.796454997588587E-4,7.371591640700865E-5,5.660979386985435E-4,4.185097584713158E-5,M,1,1,1.2719,0.0,,,,Bootes,1.46,0.82,0
5005,217.8357912,35.446032,9.7187E-8,0.927809,1,1824906,2.4490382932321134E-15,3.5405689113766913E-15,-2.8872617983598626E-16,ILTJ143120.49+352644.1,217.83535937194844,35.445602300149,4.5098789165808815E-4,1.28164288332802E-4,2.2040866617321567E-4,4.408999016091314E-5,S,1,1,0.686,1.0,0.686,1,3,Bootes,1.27,0.29,0
5018,219.566645,35.4399996,1.3698E-45,0.998059,1,1821515,4.823741352110051E-14,2.8613145034021355E-14,1.4871214884808754E-14,ILTJ143815.93+352623.5,219.5663929772413,35.43986794740589,8.471983067662167E-4,1.3514813123104938E-4,6.228266585671713E-4,6.320261333912966E-5,S,1,1,0.1582706,1.0,0.1582706,3,4,Bootes,0.5,-0.04,0
5023,217.2223047,35.455539,2.4966E-83,0.839687,1,1830805,2.244314852206418E-14,2.570067077480004E-14,3.8939376109339845E-15,ILTJ142853.39+352718.6,217.22245605878692,35.4551864313899,3.9177054040993934E-4,9.607879848324747E-5,3.1978376739810055E-4,4.786619985425288E-5,S,1,1,0.349,1.0,0.349,1,3,Bootes,0.52,0.37,0
5028,218.8386828,35.4528579,1.2573E-5,0.960139,1,1829503,3.621938615563106E-15,-4.921763863013688E-16,1.6262871852621209E-15,ILTJ143521.34+352712.0,218.83892061952423,35.45333866530346,7.011535595334311E-4,6.66937655600768E-5,7.515099421671102E-4,4.0166271731905756E-5,S,1,1,3.607,1.0,3.607,1,3,Bootes,3.25,-0.02,0
5030,216.7732479,35.4562879,5.6923E-17,0.982259,1,1831521,7.926702150188062E-15,9.69949247935517E-15,3.8281527759472167E-16,ILTJ142705.58+352722.7,216.77326910108638,35.45632313079314,3.450911312377572E-4,9.937400456536629E-5,2.745049913738112E-4,4.902114249246632E-5,S,1,1,0.645,1.0,0.645,1,3,Bootes,0.5,0.94,1
5031,219.0979714,35.4530058,6.3968E-21,0.989179,0,1829300,1.1960359501839207E-14,2.6448461476624236E-15,5.490975748421497E-15,ILTJ143623.46+352711.0,219.0977401698196,35.45307684826493,0.10529241239674779,4.193658935463952E-4,0.08729142148914636,1.395787378132809E-4,M,1,1,0.1286645,1.0,0.1286645,3,4,Bootes,0.09,2.31,1
5032,216.4476775,35.4555215,7.1006E-121,0.998528,1,1830937,1.3914204684742302E-14,8.30316799297987E-15,4.9981655521910136E-15,ILTJ142547.41+352719.0,216.4475483545775,35.45530321564784,8.184370165607379E-4,1.1088721991101636E-4,5.945690033863963E-4,5.123844875156285E-5,S,1,1,3.534,1.0,3.534,1,3,Bootes,3.16,0.12,0
5033,219.1846506,35.4535874,4.0809E-10,0.976986,1,1829672,1.0467689388088515E-14,1.0138325986861234E-14,1.1382768713891805E-15,ILTJ143644.33+352712.6,219.1846911420185,35.45350387873503,3.470887305394959E-4,7.225525803455926E-5,3.67432093184929E-4,4.323837581732222E-5,S,1,1,1.5906,0.0,,,,Bootes,1.93,0.31,0
5038,217.2012818,35.4647008,1.0601E-14,0.977627,1,1836239,5.81638789888537E-15,7.016074984834948E-15,7.272440587934223E-16,ILTJ142848.30+352752.1,217.2012379137848,35.464484973302035,9.682381233267904E-4,9.52427247302762E-5,8.823589415638825E-4,5.163486033579757E-5,S,1,1,1.5329,0.0,,,,Bootes,2.44,0.17,0
5039,217.1017789,35.4648527,1.7135E-48,0.99345,1,1836387,1.3824170024959882E-14,5.999775288558051E-15,5.403734424386281E-15,ILTJ142824.52+352752.5,217.1021722956004,35.464595760486056,4.1432241824617224E-4,1.2191497218192319E-4,2.434982004145337E-4,4.7179780911749155E-5,S,1,1,1.1097,0.0,,,,Bootes,1.46,0.53,0
5047,217.5398605,35.4730306,2.8868E-12,0.994268,1,1840947,4.903242426960448E-15,6.399908112270726E-15,-3.649629998206653E-16,ILTJ143009.58+352822.4,217.5399099993137,35.47289013016065,0.0014163219286628614,7.232055272209064E-5,0.0013846219260527334,4.11050466272248E-5,M,1,1,0.978,1.0,0.978,1,3,Bootes,2.01,0.34,0
5048,217.231073,35.471792,0.0,0.999408,1,1840250,1.3806086837262703E-13,8.88504947568679E-14,5.012516081135671E-14,ILTJ142855.46+352818.4,217.23108927392587,35.47178923546571,8.991453461496204E-4,1.54745358868101E-4,6.665216303905927E-4,5.15194110412267E-5,M,1,1,1.627,1.0,1.627,1,3,Bootes,2.13,0.53,0
5055,217.7598915,35.4757249,6.503E-10,0.951781,1,1842693,6.086867793995555E-15,4.765907696087084E-15,1.1109929053616693E-15,ILTJ143102.26+352832.9,217.75943157450263,35.47580923156259,5.269851331514274E-4,6.622636568104385E-5,5.341008450914256E-4,3.856325238366544E-5,S,1,1,1.0412,0.0,,,,Bootes,1.57,0.46,0
5056,218.6853566,35.4723874,2.1277E-5,0.828502,1,1840278,1.7494058392997764E-15,2.603732573510703E-15,-4.401011412449562E-17,ILTJ143444.42+352819.7,218.68508983728873,35.47214132960373,3.387165330018282E-4,8.319035588703418E-5,3.160450219622203E-4,4.563510105837227E-5,S,1,1,0.7428,0.0,,,,Bootes,1.38,0.13,0
5059,216.3488801,35.473422,0.0,0.99777,1,1841266,5.2344286625024585E-14,9.44223644094863E-14,4.936828578757108E-15,ILTJ142523.68+352824.4,216.34866110023984,35.47344890682084,6.859915452038145E-4,1.0193927161266366E-4,5.691551159170948E-4,5.164422810566985E-5,S,1,1,0.184,1.0,0.184,1,3,Bootes,0.43,0.09,0
5066,219.0952991,35.4724716,3.8704E-8,0.968514,1,1840642,4.713518632386962E-15,5.188592921608247E-15,-2.853998397920156E-16,ILTJ143622.88+352820.5,219.0953476233214,35.47237498592645,0.001830738209645946,1.542935654402201E-4,0.001644114664564985,8.277471641064536E-5,S,1,1,1.2509,0.0,,,,Bootes,1.87,0.86,1
5067,217.1042794,35.4785868,0.0,0.998171,1,1844323,7.178070533342695E-14,4.2469992561171833E-14,2.685204354980059E-14,ILTJ142824.94+352842.1,217.10392790299494,35.47838170831896,0.0011387804896909393,9.48079938997951E-5,9.379717189751004E-4,4.796537529059323E-5,S,1,2,2.42,1.0,2.42,1,3,Bootes,2.48,0.64,0
5080,217.9260717,35.4848379,5.4101E-8,0.98611,1,1848407,2.6419524564764563E-15,3.056045128196626E-15,-3.096224983778651E-16,ILTJ143142.19+352905.7,217.92578088936807,35.48493142743449,6.780240177208204E-4,6.501855060241214E-5,7.104029258810655E-4,3.8659305418647584E-5,S,1,1,0.196,1.0,0.196,1,3,Bootes,-0.39,1.04,1
5082,219.4375975,35.473427,8.3773E-27,0.995841,1,1841180,5.5608843748561696E-14,2.216887073058905E-14,1.831938981126882E-14,ILTJ143745.03+352823.3,219.4376433117045,35.47315160574392,3.4458588374937474E-4,9.584898365524074E-5,2.795999314580214E-4,4.607811549962579E-5,S,1,1,0.3941185,1.0,0.3941185,3,4,Bootes,0.8,0.12,0
5093,218.6864469,35.4879575,2.7639E-293,0.999717,1,1850257,7.569946407089666E-14,4.756850618878488E-14,2.7575242127266538E-14,ILTJ143444.76+352915.6,218.68648639218594,35.48769144670493,4.7051957089233896E-4,8.921284720667459E-5,3.875289630053922E-4,4.515836973555993E-5,S,1,1,0.8702131,1.0,0.8702131,3,4,Bootes,1.57,0.23,0
5101,217.8453534,35.4953258,1.1132E-15,0.850071,1,1854809,5.671507707019199E-15,8.83367490822648E-15,-3.048355955634429E-16,ILTJ143122.84+352942.5,217.84517833510824,35.49514674778539,3.1502580094452937E-4,1.1569881326217444E-4,2.2589609072610998E-4,4.10559813681175E-5,M,1,1,1.4427,0.0,,,,Bootes,1.68,0.44,0
5102,218.7207434,35.4917588,1.0731E-17,0.989897,1,1852562,9.005178586673398E-15,9.804651654188495E-15,1.4608829846409194E-15,ILTJ143452.97+352929.7,218.7207052720795,35.49159017487226,2.8728757797872315E-4,6.851118463490263E-5,3.0036045781981434E-4,4.0389797399414276E-5,S,1,1,1.0897,0.0,,,,Bootes,1.42,0.4,0
5103,217.2927207,35.4963742,5.5013E-97,0.998625,1,1855498,2.4406369885598203E-14,1.670552126537896E-14,8.10114787748701E-15,ILTJ142910.23+352947.0,217.29263050416486,35.49639291371822,0.01956878921928536,1.8221158452996455E-4,0.01879327285426174,6.084971958625829E-5,M,1,1,2.215891,1.0,2.215891,3,4,Bootes,2.76,1.49,1
5122,217.0570848,35.5042598,1.8961E-8,0.824035,1,1860121,3.80753323680013E-15,5.71141934911441E-15,-1.1708665110564386E-16,ILTJ142813.71+353015.8,217.05713835800384,35.50440313051851,1.8498844804018666E-4,6.25086281284002E-5,2.3303675738384598E-4,4.1764651356553535E-5,S,1,1,1.5493,0.0,,,,Bootes,1.65,0.32,0
5129,216.6913907,35.5041866,8.2721E-80,0.998829,1,1859984,2.907305123696842E-14,1.3958725382564475E-14,1.1267419372335713E-14,ILTJ142646.01+353011.9,216.69172204266044,35.50331079937579,7.564293719527714E-4,1.3342122143927186E-4,4.2151273565986324E-4,4.5681329087528866E-5,M,1,1,1.885,1.0,1.885,1,3,Bootes,1.8,0.95,1
5130,217.2137908,35.5086184,5.8198E-31,0.997161,1,1862762,7.481239175831225E-15,4.6229711196584036E-15,2.5646428609529366E-15,ILTJ142851.08+353030.0,217.2128143406735,35.50833400356124,0.1333742070186317,7.159514983979875E-4,0.08161788044342697,1.6690255836874712E-4,M,1,1,1.1302,0.0,,,,Bootes,0.81,3.76,1
5137,216.967748,35.5089954,3.5704E-16,0.996911,1,1862901,8.568230167721495E-15,6.218161051905643E-15,1.6637185361674248E-15,ILTJ142752.24+353032.4,216.96765660794148,35.50900203026132,0.00612589821100035,8.33281439914989E-5,0.00566671411241975,4.5633957092216104E-5,S,1,1,2.156,1.0,2.156,1,3,Bootes,2.0,1.78,1
5153,218.3325295,35.5145336,9.8686E-14,0.9695,1,1866238,6.063681137934E-15,-7.559481707250544E-16,3.2522021463710674E-15,ILTJ143319.78+353053.3,218.3324333750492,35.51481415224492,4.8611584513329285E-4,6.814199127921982E-5,5.764863897397994E-4,4.163962956226897E-5,M,1,1,0.3527,0.0,,,,Bootes,0.16,0.85,1
5167,218.8950128,35.516727,2.0945E-11,0.99526,1,1867414,5.587330830406754E-15,5.870853158540522E-15,5.031099765721081E-16,ILTJ143534.76+353100.5,218.89484099121702,35.516824053415206,5.379148918001858E-4,1.0700650473480479E-4,4.488062318248022E-4,4.85206444573123E-5,M,1,1,0.651,1.0,0.651,1,3,Bootes,1.4,0.17,0
5168,218.7071372,35.5190601,1.0005E-5,0.995312,1,1868765,3.312942610622348E-15,2.5663135882743106E-15,-1.9372376684471919E-16,ILTJ143449.72+353108.5,218.7071852232618,35.51905243405863,9.788629595735812E-4,7.355327102428436E-5,9.462201806549544E-4,4.148303042257161E-5,S,1,1,0.574,1.0,0.574,1,3,Bootes,1.19,0.53,0
5173,218.6434934,35.5213088,8.9076E-9,0.98155,1,1869971,2.1177468924030047E-15,-1.0476498012943989E-15,8.971652606811512E-16,ILTJ143434.46+353116.4,218.6436023334288,35.521225697536856,6.319844181555266E-4,1.0216888686986409E-4,5.334237049403219E-4,5.2338485333634514E-5,S,1,1,1.0806,0.0,,,,Bootes,1.2,0.97,1
5179,218.2230592,35.5250533,1.049E-33,0.972933,1,1872052,1.788226867386401E-14,1.3237986125773069E-14,5.219636095517954E-15,ILTJ143253.49+353129.8,218.22288072205382,35.524949875337875,0.0011562476193577211,2.4491255170879043E-4,3.0824386319143433E-4,5.239995556662451E-5,S,1,1,1.5028,0.0,,,,Bootes,1.85,0.86,1
5181,218.5044917,35.526739,1.3206E-8,0.996157,1,1873048,5.980062420106787E-15,-8.06925821179245E-16,2.0653637437296837E-15,ILTJ143401.12+353135.9,218.50467487996846,35.526662687215236,3.4895145343846577E-4,7.987424252384847E-5,3.098863770298266E-4,4.230898672433379E-5,S,1,1,0.478,1.0,0.478,1,3,Bootes,1.0,0.11,0
5187,218.2836118,35.5309736,3.9364E-47,0.997933,0,1875411,1.8678873571411772E-14,1.4596670584640732E-14,6.265603731043929E-15,ILTJ143308.12+353150.4,218.28381395150979,35.53069028385014,0.007704853645026776,1.8835944082408655E-4,0.005511157715864568,4.9259168830758426E-5,M,1,1,0.7272,0.0,,,,Bootes,0.79,2.1,1
5191,216.9059394,35.5308025,3.7865E-6,0.005205,1,1874746,3.569847429626618E-15,2.4800437533082295E-15,7.974934977677473E-16,ILTJ142737.55+353146.5,216.90645088480466,35.529604457184895,8.301790195750969E-4,1.1585889918787997E-4,5.400901483637945E-4,4.9353558856458574E-5,M,1,1,0.387,1.0,0.387,1,3,Bootes,0.89,0.39,0
5197,217.1325063,35.5356495,2.539E-14,0.812608,1,1878117,3.013087654278336E-15,2.031024355233399E-15,6.308392531618878E-16,ILTJ142831.85+353208.2,217.13271943926,35.53561886011444,3.9205326161055105E-4,1.5154707160060444E-4,3.776889342356637E-4,6.700396019732579E-5,M,1,1,1.9376,0.0,,,,Bootes,2.09,0.39,0
5200,217.9366044,35.5377101,1.4276E-6,0.923756,1,1879328,3.720998785835369E-15,2.5914229350652188E-15,8.314069446649768E-16,ILTJ143144.72+353214.3,217.93631679385905,35.537317287116245,0.0026569031896726885,6.899098306797123E-5,0.0026452286376012126,3.970677236220674E-5,S,1,1,1.2776,0.0,,,,Bootes,1.97,0.93,1
5208,218.7376576,35.5371507,8.3444E-33,0.994492,1,1879310,1.8995778234680743E-14,1.0120155956558877E-14,7.884427696158184E-15,ILTJ143456.97+353215.2,218.737365918737,35.537569591410815,3.4631130399447903E-4,9.752635503871986E-5,2.365243763197015E-4,4.274255033019128E-5,S,1,1,0.856,1.0,0.856,1,3,Bootes,1.73,-0.1,0
5215,218.6005688,35.5421871,1.5825E-33,0.999132,1,1882151,8.137728493825102E-15,6.226573826854044E-15,2.509162667332559E-15,ILTJ143424.13+353231.7,218.6005464827486,35.542148557243074,4.929465098782009E-4,1.0124571942759928E-4,5.227503686577E-4,6.0170380744851766E-5,S,1,1,0.735,1.0,0.735,1,3,Bootes,1.81,-0.18,0
5232,216.5155054,35.5461068,8.7847E-6,0.994648,1,1884434,8.236840791922705E-16,1.0222228058657375E-15,1.3720176010535318E-16,ILTJ142603.68+353246.2,216.51533532649566,35.54619152331716,7.068746085991638E-4,1.1240362732973813E-4,6.135684144297586E-4,5.820249132076758E-5,S,1,1,0.7351,0.0,,,,Bootes,0.85,1.01,1
5236,218.0093724,35.5549563,3.5308E-12,0.948584,1,1889579,1.1404204539481226E-14,1.5440357595534038E-14,-3.754167690104385E-16,ILTJ143202.10+353317.0,218.00874235260008,35.554736644342604,0.0014967592634602042,7.087200408301872E-5,0.0014487491593973474,4.001070686813637E-5,S,1,1,0.7403721,1.0,0.7403721,3,4,Bootes,1.89,0.21,0
5248,216.4737639,35.5541002,2.3913E-110,0.996232,1,1889168,6.15400244485871E-15,2.479330758412146E-15,2.388761284852672E-15,ILTJ142553.64+353314.5,216.47349519982018,35.55402646271557,3.678812558354438E-4,1.0108812598844784E-4,3.695121212565559E-4,5.837487479605444E-5,S,1,1,1.223,1.0,1.223,1,3,Bootes,2.24,-0.26,0
5255,216.4197829,35.5572175,2.4834E-6,0.996129,1,1890993,3.8224537191499046E-16,-1.328537001389711E-16,1.2069752668294306E-16,ILTJ142540.73+353325.6,216.41970449202057,35.55711551524399,6.26046223585205E-4,1.7352622577691595E-4,3.242226028750881E-4,6.293529834457465E-5,S,1,1,0.576,1.0,0.576,1,3,Bootes,1.46,0.05,0
5260,217.3541071,35.5642439,6.1965E-11,0.857908,1,1895057,8.872703155473032E-15,5.740797586098622E-15,1.706237939548411E-15,ILTJ142924.95+353351.9,217.3539726994889,35.56442865582996,2.837339522096753E-4,8.312066686934672E-5,2.610834869380685E-4,4.5231665728275554E-5,S,1,1,2.1059,0.0,,,,Bootes,2.4,-0.01,0
5264,217.2768491,35.5647571,2.692E-18,0.980842,1,1895273,5.695692342242597E-15,2.1720849239040646E-15,1.9497049759326833E-15,ILTJ142906.40+353352.5,217.27665937271402,35.56459955530333,3.9724130922206587E-4,8.919377242219298E-5,3.4462555933441265E-4,4.6509188103202764E-5,S,1,1,0.612,1.0,0.612,1,3,Bootes,1.44,-0.07,0
5274,217.0038728,35.5692459,8.9106E-74,0.998668,0,1898039,2.1246200835493462E-14,1.0191620523660285E-14,7.956945150283435E-15,ILTJ142800.87+353409.2,217.00363293627618,35.56923734935797,4.7807968461767637E-4,9.347423761581311E-5,3.991742622338909E-4,4.763686542353178E-5,S,1,1,1.536,1.0,1.536,1,3,Bootes,2.85,-0.58,0
5276,216.2660924,35.5627949,8.4746E-15,0.992504,1,1894151,2.9190714529272227E-15,4.191706784169711E-15,3.748127668456115E-16,ILTJ142503.87+353345.6,216.2661271219373,35.562672553091076,6.554401529764106E-4,9.192133598613154E-5,5.911695005300003E-4,4.949710203138109E-5,S,1,1,1.095,1.0,1.095,1,3,Bootes,1.87,0.27,0
5281,218.7235069,35.5688289,2.0791E-12,0.90381,0,1897995,5.780789299724076E-15,2.9037724456410834E-15,1.7375421298926562E-15,ILTJ143453.72+353408.4,218.72384691267024,35.56902299174977,2.483044710608347E-4,7.550677986324217E-5,2.3417225412262046E-4,4.182105482231085E-5,S,1,2,0.501,1.0,0.501,1,3,Bootes,-99.0,-99.0,-1
5287,219.1225066,35.5665847,1.3797E-14,0.991858,1,1896544,1.091298755103872E-14,1.0888574998653046E-14,2.26118145155551E-15,ILTJ143629.39+353400.5,219.12244453195746,35.56682421970213,4.823475550136003E-4,9.489053062115615E-5,3.836583460312686E-4,4.680853881818587E-5,S,1,1,1.222,1.0,1.222,1,3,Bootes,2.08,0.03,0
5290,217.0426698,35.574349,1.4659E-6,0.965732,0,1900976,2.2946840452531953E-15,2.5941432098816695E-15,-1.3930226771502458E-16,ILTJ142810.22+353428.0,217.04259614114414,35.57445453210425,3.9421872691448363E-4,8.952333696527032E-5,3.429922187571171E-4,4.70503371192337E-5,S,1,1,1.4092,0.0,,,,Bootes,2.13,0.03,0
5292,218.8669312,35.570733,1.2827E-22,0.994833,1,1898942,2.1559452829847416E-14,3.44777491560111E-14,-2.159178269041799E-16,ILTJ143528.05+353415.0,218.86687416372774,35.570844075888104,0.002632664368683851,2.273052457977562E-4,0.001980304670169316,4.696532948946697E-5,M,1,1,0.09739375,1.0,0.09739375,3,4,Bootes,-99.0,-99.0,-1
5317,217.2470354,35.5874673,1.1941E-7,0.987841,1,1908626,2.295881238124872E-15,-4.238972320737164E-16,8.10309249738553E-16,ILTJ142859.23+353514.5,217.246805283691,35.58737069860027,4.01948470765574E-4,1.0982336743668809E-4,3.0419007884570245E-4,5.239064329539174E-5,S,1,1,1.0458,0.0,,,,Bootes,1.69,0.22,0
5324,217.8021075,35.5910509,4.9798E-29,0.994084,1,1910720,2.5899245706729494E-14,1.3999270364296435E-14,8.197240403361291E-15,ILTJ143112.51+353526.6,217.80214130736607,35.59073467350897,0.008018682093110836,1.5608262831131545E-4,0.00651817627283843,4.682553780003218E-5,M,1,1,1.1354,0.0,,,,Bootes,1.64,1.65,1
5330,219.4946145,35.5798969,9.6967E-14,0.978794,1,1904086,1.647344325736168E-14,-5.4265836555325995E-15,6.736942173934076E-15,ILTJ143758.67+353446.2,219.49443928520822,35.57951822454085,2.465716309934104E-4,7.530182154313341E-5,2.7711721219322795E-4,4.533995368457896E-5,S,1,1,2.42911,1.0,2.42911,3,4,Bootes,2.19,0.29,0
5332,217.9117768,35.5936204,1.9319E-29,0.977049,1,1912313,2.1775552229833327E-14,2.721268811334934E-14,1.9312231015714473E-15,ILTJ143138.79+353536.7,217.91161862835108,35.59354590149779,0.004668318990090684,8.775944693341978E-5,0.004854738888915598,5.200182902508528E-5,S,1,1,1.775,1.0,1.775,1,3,Bootes,1.92,1.56,1
5333,218.6629917,35.5905538,1.6571E-10,0.991838,1,1910522,4.069839041200589E-15,7.567557012716759E-15,-5.408125001779593E-17,ILTJ143439.14+353526.6,218.66308504222215,35.59073335571262,2.4513719331210155E-4,7.536017010982023E-5,2.3188957757975157E-4,4.180573493859267E-5,S,1,1,0.9224,0.0,,,,Bootes,1.62,-0.05,0
5342,218.6873361,35.5929185,8.6228E-22,0.900498,1,1911840,9.286165113095894E-15,8.692008547803909E-15,1.5452487749356205E-15,ILTJ143444.82+353534.8,218.68676338256762,35.59302547892088,3.739337728118387E-4,9.509941597246411E-5,2.733440279643915E-4,4.427733076450239E-5,M,1,1,2.0042,0.0,,,,Bootes,2.19,0.28,0
5350,219.4503198,35.5920463,2.7628E-10,0.987856,1,1911368,1.5617349506439596E-14,4.585169117321879E-15,4.1102169092102656E-15,ILTJ143748.10+353531.2,219.45041743982523,35.59200968302387,3.634133894042473E-4,7.52551872875829E-5,3.9907921154802806E-4,4.620921122264481E-5,S,1,1,1.002,1.0,1.002,1,3,Bootes,2.03,-0.24,0
5356,218.6994719,35.6048706,1.3014E-23,0.948435,1,1918930,1.1413613961631116E-14,1.0643864285705E-14,2.691051205745295E-15,ILTJ143447.90+353616.7,218.69958671581446,35.604638312807424,3.098571627037922E-4,9.19960182297452E-5,2.379608734826254E-4,4.412660307245733E-5,S,1,1,1.5746,0.0,,,,Bootes,1.92,0.26,0
5364,216.3098684,35.6052056,1.8803E-107,0.9953,1,1919177,6.51335580943635E-15,3.7710881373480254E-15,2.2871045659783816E-15,ILTJ142514.35+353618.4,216.30980271795923,35.605119256085565,5.00207007733383E-4,1.0796926590983142E-4,3.9891372692831814E-4,5.324691882702274E-5,S,1,1,0.494,1.0,0.494,1,3,Bootes,1.25,0.02,0
5365,216.355836,35.606303,1.8995E-39,0.998,1,1919860,2.0019567686386194E-15,2.0436157473098962E-15,4.2167489303957417E-16,ILTJ142525.41+353622.3,216.35586924926054,35.6062127553751,0.00296775477402431,9.339594522637368E-5,0.002834825067209294,5.2256563739347835E-5,S,1,1,1.7998,0.0,,,,Bootes,2.19,1.08,1
5375,219.1387973,35.6112191,2.0487E-6,0.711643,1,1922403,7.326420910405993E-15,-2.607467708984393E-15,2.8067499987947642E-15,ILTJ143633.32+353638.4,219.13881440515158,35.610679249988046,7.369990502845241E-4,9.347425864721678E-5,6.85235979018968E-4,4.4943532844627043E-5,M,1,1,1.7296,0.0,,,,Bootes,2.03,0.61,0
5376,217.4816977,35.6188889,6.933E-24,0.868754,1,1927342,3.045787410513807E-14,1.89377301356215E-14,1.0168884501068734E-14,ILTJ142955.68+353707.6,217.48198160028068,35.61878408434554,0.07433600670545008,3.728519823059882E-4,0.055194516464358995,1.111624464392662E-4,M,1,1,2.1114,0.0,,,,Bootes,1.72,3.14,1
5382,216.584929,35.6190324,0.0,0.999581,1,1927452,3.118774793717003E-13,1.5576237383834236E-13,1.2244126888183782E-13,ILTJ142620.64+353709.7,216.58599863457945,35.619365501609714,0.03165576287822137,9.030574736411531E-4,0.015975210671132587,6.637316164415097E-5,M,1,1,0.255,1.0,0.255,1,3,Bootes,-0.41,2.97,1
5384,217.2817965,35.6252634,1.0458E-246,0.99735,1,1931253,5.028620562497128E-14,2.2998705078406866E-14,1.9676801417749594E-14,ILTJ142907.67+353731.0,217.28194243499078,35.625303017456694,4.109469636453605E-4,1.0653816601769643E-4,3.1215758350468036E-4,5.0799755568664986E-5,S,1,1,0.236,1.0,0.236,1,3,Bootes,0.67,-0.15,0
5392,219.0742104,35.6240195,2.0226E-66,0.995714,1,1930521,7.410160600767923E-14,3.888272970265333E-14,2.6113785149487342E-14,ILTJ143617.82+353726.3,219.0742302176136,35.623981835758215,9.254222095889576E-4,9.263596682608422E-5,7.880149279063044E-4,4.7874763391054386E-5,S,1,1,1.445828,1.0,1.445828,3,4,Bootes,2.3,0.24,0
5402,216.3239617,35.6315834,2.8545E-9,0.810463,1,1935116,1.3401112988236472E-15,3.3970931998584397E-15,-6.06124106075448E-17,ILTJ142517.78+353752.9,216.32407053316038,35.63136403378532,4.93048135434493E-4,1.3006927972993514E-4,3.0532027487784025E-4,5.369733860841027E-5,S,1,1,1.8622,0.0,,,,Bootes,1.63,0.94,1
5404,217.2612166,35.6405001,4.9777E-206,0.996694,1,1940649,4.1904243145029215E-14,2.4524000857692968E-14,1.4657723503739782E-14,ILTJ142902.68+353825.8,217.2611842160234,35.640518327703816,0.006434010223334672,1.109528082566149E-4,0.0050290630165934205,5.414470441934614E-5,S,1,1,1.6277,0.0,,,,Bootes,2.2,1.31,1
5414,218.1661817,35.6471695,8.9932E-15,0.530875,1,1945093,1.855634768019205E-14,-2.9375765776952393E-15,6.8680973228382444E-15,ILTJ143240.01+353853.0,218.1667259585274,35.64807052977515,5.503099109499048E-4,1.221196397868747E-4,4.6577856552195194E-4,4.4014497645548544E-5,M,1,1,0.8165,0.0,,,,Bootes,1.79,-0.01,0
5426,217.5170135,35.6548093,1.2022E-10,0.95099,1,1948946,1.9334125443788116E-14,1.72998267326928E-14,3.09003880884203E-15,ILTJ143004.07+353917.0,217.51696467523013,35.65474563717723,0.001000560727497686,9.645949362870485E-5,8.672392773158945E-4,5.0568443719866806E-5,S,1,2,2.0571,0.0,,,,Bootes,1.88,1.07,1
5428,218.1391434,35.6549007,1.1125E-39,0.992748,1,1948947,5.5308262104803905E-14,2.6348197684757745E-14,1.8483192223616593E-14,ILTJ143233.42+353917.2,218.13924426246498,35.65478698898931,4.228207500511005E-4,7.729521814631126E-5,4.265679350351058E-4,4.4872295824068834E-5,S,1,1,1.711,1.0,1.711,1,3,Bootes,1.51,0.92,1
5439,218.0674303,35.6636084,2.6018E-10,0.249466,1,1954160,7.825713123389612E-15,-1.2040667991342792E-15,2.7021958602300413E-15,ILTJ143216.04+353949.0,218.06684828326055,35.66361747300504,3.383710678905384E-4,1.0512270386900117E-4,2.3627828948417847E-4,4.6201825900022614E-5,S,1,1,1.0697,0.0,,,,Bootes,1.71,0.14,0
5440,219.7163986,35.6488344,1.0492E-29,0.995415,1,1945525,3.501841619217585E-14,3.577578259394481E-14,6.861759746614553E-15,ILTJ143851.95+353855.3,219.71647897784595,35.64870615175892,0.001066604942460005,1.330117361283388E-4,9.599329179623398E-4,5.3457325797353403E-5,M,1,1,1.1586,0.0,,,,Bootes,1.86,0.56,0
5473,218.4614446,35.6816328,5.9535E-24,0.994677,1,1964623,1.9482238898534966E-14,7.0471631175325994E-15,6.071512709552884E-15,ILTJ143350.72+354054.0,218.4613495189059,35.68167392899616,4.942068419671585E-4,1.1215581766219831E-4,3.200449120292189E-4,4.772355949230357E-5,S,1,1,1.2029,0.0,,,,Bootes,2.13,-0.03,0
5474,217.6939964,35.6836942,8.195E-7,0.992945,1,1965800,7.822312929403355E-15,-5.099224228605177E-15,2.7877740375086376E-15,ILTJ143046.54+354100.6,217.69392618780358,35.68352155416986,4.138941232049249E-4,8.039229250530989E-5,3.834628348746374E-4,4.368760424406273E-5,S,1,1,0.724,1.0,0.724,1,3,Bootes,0.57,1.07,1
5477,216.8322272,35.6849337,9.1423E-78,0.999588,1,1966550,7.197573450141837E-14,5.07441432181108E-14,2.1380509436956344E-14,ILTJ142719.70+354105.7,216.83209728672867,35.68491905490192,0.001316051422872754,1.1534522130493134E-4,0.0011884409833526268,4.484547897300217E-5,M,1,1,0.579,1.0,0.579,1,3,Bootes,1.56,0.27,0
5481,217.9104633,35.6916269,1.8059E-23,0.990502,1,1970441,5.4391240704999134E-14,-9.278932099394845E-15,2.4332296264941613E-14,ILTJ143138.53+354128.8,217.91054658340767,35.69133619118907,2.349739258416695E-4,6.5756833579768E-5,2.5080167728464773E-4,3.95567665442362E-5,S,1,1,0.7995613,1.0,0.7995613,3,4,Bootes,1.53,-0.12,0
5495,218.5250375,35.6989735,2.7713E-21,0.752955,1,1974742,1.7156797253492243E-14,-4.8706662684844055E-15,6.04987290816195E-15,ILTJ143405.96+354156.5,218.52484120869144,35.699038749769464,6.300635479322899E-4,8.430843966759594E-5,5.395605710214585E-4,4.379251959537594E-5,S,1,1,0.9814,0.0,,,,Bootes,1.37,0.69,0
5501,218.1375285,35.7039238,1.0849E-152,0.999552,1,1977570,1.466413557472729E-13,7.134222129043782E-14,5.231957657285751E-14,ILTJ143233.02+354214.4,218.1375714269062,35.7039990044719,5.274972698445417E-4,9.958056976039928E-5,4.236162988651466E-4,4.932413201921717E-5,S,1,1,0.497,1.0,0.497,1,3,Bootes,1.16,0.15,0
5507,216.5457266,35.7008071,2.4225E-97,0.982398,1,1975517,1.3364578840191774E-14,1.952663210933902E-14,2.006747953823517E-15,ILTJ142610.98+354202.0,216.54575187953193,35.70058180562308,0.006551059546450354,1.297611025568574E-4,0.006371837579257321,4.968976898453548E-5,M,1,1,0.7583,0.0,,,,Bootes,1.62,1.17,1
5517,218.3985559,35.7120037,1.2904E-36,0.997016,1,1982497,3.738570069328199E-14,2.435223882051554E-14,1.0580631502971043E-14,ILTJ143335.70+354242.3,218.3987495334143,35.71176585594235,7.370552801666279E-4,1.1814948929691858E-4,6.792764411023425E-4,4.4871082292957E-5,M,1,1,1.297,1.0,1.297,1,3,Bootes,2.3,0.03,0
5523,219.6224554,35.7013962,3.9485E-14,0.957599,1,1975910,2.6795086598106656E-14,2.969163300778222E-14,3.731947001893137E-15,ILTJ143829.52+354204.7,219.6230092348651,35.701306883996466,8.184670499421171E-4,2.2530339937349523E-4,3.286973495476715E-4,6.693501995180511E-5,S,1,1,1.4872,0.0,,,,Bootes,1.95,0.59,0
5527,217.6128518,35.7185244,7.5463E-40,0.99942,1,1986364,7.027690404770482E-14,3.7884169693305116E-14,2.0277789237427796E-14,ILTJ143027.03+354307.3,217.61261408203436,35.71871922812697,6.046962702121501E-4,1.2102581481094047E-4,3.455877198469362E-4,4.721504152962962E-5,S,1,1,0.469,1.0,0.469,1,3,Bootes,0.82,0.52,0
5532,216.2893593,35.7127078,1.4829E-42,0.994062,1,1983146,7.691366651091118E-15,1.263103354581285E-14,7.444023188498988E-16,ILTJ142509.47+354246.4,216.2894450563924,35.712900903632914,0.0018075686560141998,1.092868511865783E-4,0.0015157696758195322,5.588125252641023E-5,S,1,1,0.8151,0.0,,,,Bootes,2.34,-0.09,0
5536,216.3458817,35.7204821,1.0498E-61,0.974716,1,1987747,6.55836642133131E-15,4.642085609660486E-15,2.0455308269277703E-15,ILTJ142523.05+354313.5,216.34602747332178,35.72043682766031,2.0627784486421864E-4,6.547339572740268E-5,2.7573152573366204E-4,4.2855369738829006E-5,S,1,1,3.6493,0.0,,,,Bootes,2.99,-0.27,0
5539,217.9084845,35.7300542,3.3559E-13,0.981212,1,1993108,1.9871980290255812E-14,4.1959262730588044E-15,6.304540656502034E-15,ILTJ143138.09+354346.8,217.9086995597779,35.729690919038106,0.0012066115673337787,7.03869040486046E-5,0.0011837662847893882,4.0114123434185855E-5,S,1,1,0.7202,0.0,,,,Bootes,0.68,1.4,1
5541,216.2063757,35.7226167,8.8246E-17,0.992927,1,1988687,2.0725000329094507E-14,2.518253819517826E-14,2.590858612597573E-15,ILTJ142449.43+354321.5,216.20597064325477,35.72266048429017,4.6034066780045204E-4,1.347836396671615E-4,2.9984853974866527E-4,5.698529114474371E-5,S,1,1,0.5595,0.0,,,,Bootes,1.24,0.13,0
5551,218.4145912,35.7381258,1.9329E-10,0.994703,1,1998042,8.678960526415736E-15,-1.149048161334712E-15,3.0070256331078795E-15,ILTJ143339.51+354417.2,218.41463875522294,35.73812219530871,7.814822182259412E-4,7.430482868266295E-5,7.285088679997177E-4,4.092284524866006E-5,S,1,1,1.1435,0.0,,,,Bootes,1.7,0.58,0
5560,216.759072,35.748415,1.26E-68,0.999157,1,2003871,5.5542462372260515E-14,2.742966181784248E-14,1.9838528699489128E-14,ILTJ142702.13+354454.2,216.75886720355734,35.748409240114604,5.293175205992107E-4,9.824668514589437E-5,4.199208939912108E-4,4.83733282326368E-5,S,1,1,1.1822,0.0,,,,Bootes,1.69,0.45,0
5572,219.4476661,35.764679,8.2829E-8,0.99,1,2013234,1.0978957968740823E-14,1.818618956578203E-14,-1.2553859597118623E-15,ILTJ143747.34+354553.0,219.4472418930285,35.76472303673153,3.65126278851544E-4,7.575791816338187E-5,4.1828320512835536E-4,4.781715310951602E-5,S,1,1,0.425,1.0,0.425,1,3,Bootes,1.19,-0.2,0
5578,219.3162697,35.7820075,5.847E-12,0.956949,1,2022923,1.0853811729908767E-14,-5.3068412173467924E-15,4.06462841803656E-15,ILTJ143715.92+354654.1,219.3163204257436,35.78170094112882,2.798390317436334E-4,7.532177071138893E-5,3.265782288281303E-4,4.809125238461436E-5,S,1,1,2.345775,1.0,2.345775,3,4,Bootes,2.36,0.13,0
5580,217.2718972,35.7928224,6.2845E-11,0.986663,1,2029467,1.594853914017555E-14,5.583678096622557E-15,4.2212343912256455E-15,ILTJ142905.23+354735.9,217.27179208428666,35.79332923928637,4.047937214263839E-4,1.3070399323944195E-4,2.904268352932568E-4,4.867236436257371E-5,M,1,1,2.1925,0.0,,,,Bootes,3.11,-0.59,0
5584,217.1321184,35.799283,6.9775E-19,0.32725,1,2033310,2.5918152553547073E-14,2.2961424752052356E-14,5.320924160282317E-15,ILTJ142831.67+354758.7,217.13193851258868,35.79963906793694,2.4242333406544487E-4,5.001606172426434E-5,3.866723039907596E-4,3.810802542041198E-5,S,1,1,2.646,0.0,,,,Bootes,2.9,-0.4,0
5589,219.7225448,35.8224987,5.9844E-9,0.970165,0,2046043,1.5371308351226024E-14,-6.2600761416490795E-15,6.2221808213757445E-15,ILTJ143853.34+354918.8,219.72226031647094,35.821903192392604,0.002779590599921819,1.1507980114473484E-4,0.0025129425880863936,6.200855828214312E-5,S,1,1,1.557375,1.0,1.557375,2,4,Bootes,-99.0,-99.0,-1
5608,217.172788,32.511529,1.1398E-7,0.972839,1,85935,5.481645959493096E-15,-1.044381838138176E-15,1.587491896858139E-15,ILTJ142841.35+323040.5,217.17229533284458,32.511274702054195,7.524754869002478E-4,1.181017559262506E-4,6.380351528124948E-4,6.091278158170074E-5,S,1,1,1.262,0.0,,,,Bootes,2.35,-0.04,0
5610,217.0507434,32.5209335,3.9623E-7,0.86597,1,90260,1.1932801934808456E-14,-5.1747937736478616E-15,3.8945602509352095E-15,ILTJ142812.05+323116.7,217.05019444904832,32.52132677142127,6.187406622504086E-4,1.3942619696781538E-4,3.9746483796663574E-4,5.918794033839593E-5,S,1,1,0.3358,0.0,,,,Bootes,-0.79,1.94,1
5618,217.1518237,32.5704892,1.0492E-15,0.703129,1,110231,2.441204122139702E-14,3.155075509211727E-14,2.692368569817791E-15,ILTJ142836.45+323411.4,217.1518608892728,32.56984970435517,6.410238292144512E-4,1.785092374986212E-4,4.3471843126176345E-4,5.646822997368872E-5,M,1,1,1.5304,0.0,,,,Bootes,1.5,1.0,1
5622,217.2258676,32.6234421,1.1069E-11,0.981817,1,131976,2.5434121010757827E-14,7.826533127252083E-15,7.88763781023681E-15,ILTJ142854.22+323723.4,217.22592856867004,32.623182689077936,7.490637973984313E-4,2.164949991894569E-4,2.9964972033286305E-4,6.426491187003907E-5,S,1,1,0.1304897,1.0,0.1304897,2,4,Bootes,-0.3,0.6,0
5651,216.1998717,32.8078699,3.84E-8,0.899469,1,210859,1.2847983435290412E-14,1.679150016787648E-14,-1.2199889425173785E-15,ILTJ142447.91+324829.6,216.19961719263264,32.80823721065128,7.233830276260313E-4,1.0389840108276416E-4,7.462263458458145E-4,6.106934640304768E-5,S,1,1,1.7242,0.0,,,,Bootes,1.83,0.81,0
5657,216.5482321,32.8620335,1.1633E-12,0.910771,1,234497,3.373737792625282E-14,-5.9006844224381895E-15,1.6416057598978315E-14,ILTJ142611.66+325142.7,216.54857943776963,32.86187968636322,8.778242782343547E-4,1.4963123312396222E-4,5.600459704415722E-4,5.560081086878199E-5,M,1,1,2.939,1.0,2.939,1,3,Bootes,-99.0,-99.0,-1
5660,217.3227356,32.8952574,3.3925E-8,0.979119,1,257488,1.3654240746110012E-14,-5.710488052566564E-15,5.624075707976641E-15,ILTJ142917.39+325342.4,217.3224645004466,32.89512183268351,3.7588799253114304E-4,9.256905668365462E-5,3.330654826575057E-4,4.918950022328276E-5,S,1,1,1.1865,0.0,,,,Bootes,1.67,0.34,0
5669,218.2692858,32.9698862,3.1159E-5,0.318119,1,306823,8.499706962425107E-16,-3.52147424121574E-16,4.472596271884974E-16,ILTJ143304.44+325808.5,218.2684818769036,32.969043669364325,0.005637502407476606,2.157467171170977E-4,0.0016211855306894792,4.588877754213172E-5,M,1,1,0.3772199,1.0,0.3772199,3,4,Bootes,-0.11,2.27,1
5679,218.1511487,33.0422255,1.1434E-8,0.98757,1,338052,2.7548338263751198E-15,3.431093052989332E-15,-1.264907107910772E-16,ILTJ143236.23+330234.1,218.15096814917513,33.04281324741127,8.728466215581963E-4,1.033443567418354E-4,7.107546915137454E-4,5.182452171348025E-5,S,1,1,0.98,0.0,,,,Bootes,1.57,0.61,0
5681,218.5629261,33.0660804,2.5872E-11,0.989959,1,348035,3.88011440807841E-15,-4.811164140491097E-16,1.1975934227947573E-15,ILTJ143414.99+330358.6,218.56246359583588,33.066295647853714,5.838378840692032E-4,1.6685395165695721E-4,2.336954949067477E-4,4.9475694081149194E-5,S,1,1,0.6305984,1.0,0.6305984,3,4,Bootes,0.63,1.01,1
5688,218.8555647,33.0890606,7.2199E-30,0.982477,0,357456,5.3779880149898966E-14,2.692713643678041E-14,1.785198177187355E-14,ILTJ143525.34+330521.5,218.85560407568502,33.0893300035492,5.647476722746824E-4,1.4531015859564825E-4,2.7246258543990007E-4,4.962953280643977E-5,S,1,1,0.1992639,1.0,0.1992639,3,4,Bootes,-0.48,1.06,1
5693,218.3586267,33.1275134,6.4574E-6,0.421522,1,373850,3.1791176570788393E-15,2.7072816741235962E-15,-1.2032693156290857E-16,ILTJ143325.94+330741.2,218.3580757893456,33.12813084709809,9.615261250231485E-4,1.9604160742518143E-4,2.5208281321755383E-4,4.1521031660506774E-5,S,1,1,1.6933,0.0,,,,Bootes,2.0,0.73,1
5703,218.5132385,33.2136498,2.1263E-6,0.586775,1,409156,2.724889227167328E-15,2.1007224942909693E-15,4.386440118172719E-16,ILTJ143402.88+331251.7,218.51200609676113,33.21436827647222,0.00149250445646275,1.8407421924450875E-4,0.0010239826231311926,8.184034210921111E-5,S,1,1,2.308,1.0,2.308,1,3,Bootes,2.47,0.72,0
5707,217.8554928,33.2304415,4.7537E-12,0.990364,0,416063,1.3905832058574298E-14,7.819674053520933E-15,4.759030719318712E-15,ILTJ143125.25+331349.3,217.85519190654327,33.230359963204876,0.018574222883370125,5.237039642192834E-4,0.004062654196270601,4.810165376693476E-5,M,1,1,0.0226177,1.0,0.0226177,11,4,Bootes,-0.23,0.34,0
5709,216.2867594,33.243899,2.796E-20,0.987237,1,421780,2.1698816136847942E-14,1.730429403380825E-14,4.029296247660325E-15,ILTJ142508.75+331436.8,216.2864531434069,33.243560379741126,9.784337744145328E-4,1.106129258113317E-4,7.540980678409448E-4,5.333972728718929E-5,S,1,1,0.966,1.0,0.966,1,3,Bootes,1.04,1.22,1
5722,218.4427857,33.3245761,2.3256E-6,0.958455,1,456394,6.141721368439821E-15,9.649791017392408E-15,-3.7774130082154796E-16,ILTJ143346.14+331927.0,218.44226453751017,33.32417774161945,4.1456089258523176E-4,1.0494873502934678E-4,2.5993358447109203E-4,4.272019901116286E-5,S,1,1,1.0436,0.0,,,,Bootes,0.77,1.22,1
5740,218.6936818,33.4145393,3.203E-6,0.994491,1,493207,2.9960104919272963E-15,-2.4960480198677293E-15,9.249346126213526E-16,ILTJ143446.51+332451.7,218.6937828594011,33.414370529532974,0.014584646826129536,1.508610807753453E-4,0.010455684802262005,4.160784237988736E-5,Z,1,1,0.2455489,1.0,0.2455489,3,4,Bootes,1.14,0.92,1
5745,218.1459295,33.4755308,1.0111E-6,0.996391,0,527425,1.5081375323701594E-15,-4.501995462724483E-16,8.666088245901692E-16,ILTJ143234.83+332833.8,218.14512660239825,33.47605567837776,0.004568708315436252,2.928054944028121E-4,0.0030645504163764256,5.246863701904658E-5,M,1,1,0.2615,0.0,,,,Bootes,1.6,-0.01,0
5748,219.3263843,33.4784253,1.303E-6,0.880107,1,530545,1.541822413159506E-14,1.0241581461046052E-14,2.7899096822593683E-15,ILTJ143718.09+332842.7,219.32539252681016,33.478551831329554,0.0011260659335240418,8.133083335771287E-5,0.0011442083421289006,4.7458544692142856E-5,S,1,1,1.413,1.0,1.413,1,3,Bootes,2.36,0.24,0
5760,218.3458799,33.5295656,1.3301E-8,0.357201,1,577244,4.5284256321053216E-15,-4.886320249323063E-16,1.478917865733176E-15,ILTJ143322.98+333145.6,218.3457583846403,33.52935490865462,3.723380009354673E-4,7.916548619054941E-5,3.2004781723645836E-4,4.106697087623542E-5,S,1,1,2.0135,0.0,,,,Bootes,2.14,0.34,0
5763,218.9706361,33.5483532,3.2614E-10,0.16984,1,589696,1.2857259721740457E-14,4.555079615184134E-15,3.78833095857298E-15,ILTJ143552.66+333251.5,218.96942410473736,33.54763945761041,2.181498382262096E-4,6.8296111740697E-5,2.344180628215873E-4,4.089202251403876E-5,S,1,1,2.0132,0.0,,,,Bootes,1.72,0.56,0
5764,216.7960513,33.558997,1.4364E-9,0.929075,1,597152,7.772871578112513E-15,-5.563796508653464E-16,3.2314568933086065E-15,ILTJ142711.13+333331.9,216.79635713641758,33.5588721278986,8.184972506179955E-4,1.9636775946011732E-4,4.914423550515633E-4,7.935754679449505E-5,S,1,1,0.216,1.0,0.216,1,3,Bootes,0.46,0.29,0
5767,218.9293541,33.5823167,1.099E-8,0.987546,1,612764,1.1354871695359323E-14,6.6047923929376984E-15,1.7811507978627088E-15,ILTJ143542.95+333455.4,218.9289460209784,33.582072159731915,0.0011803712785597158,1.0252036794302634E-4,0.0012718689622467924,6.212610964165065E-5,S,1,1,0.506,1.0,0.506,1,3,Bootes,1.23,0.45,0
5771,219.2428084,33.6091336,4.0121E-8,0.984361,1,630138,1.123147564769668E-14,-8.751643347234029E-16,5.65113791899899E-15,ILTJ143658.29+333631.6,219.2428906666442,33.608799638529575,2.2847845162698904E-4,5.9702288969327496E-5,3.050427637951475E-4,4.1176809493302156E-5,S,1,1,4.03,1.0,4.03,1,3,Bootes,2.58,0.32,0
5775,216.7323508,33.6356253,8.4349E-6,0.273201,1,647011,1.871790956780659E-15,3.256535981619832E-15,-1.6778140407034762E-16,ILTJ142655.71+333807.9,216.73211425775625,33.63554091103488,9.176386051854799E-4,1.485790344069592E-4,3.971229284766988E-4,4.706756396054218E-5,S,1,1,1.1559,0.0,,,,Bootes,1.48,0.9,1
5779,217.0603215,33.6690143,3.7344E-7,0.990027,1,669699,4.300627995846613E-15,5.591670464629764E-15,-2.2195816101711002E-16,ILTJ142814.48+334008.7,217.06033159562853,33.6690835155514,4.654420477772994E-4,6.761815800335828E-5,4.7063671135234294E-4,3.922236073007801E-5,S,1,1,0.6183,0.0,,,,Bootes,1.59,-0.14,0
5789,219.3060922,33.7151061,3.0527E-11,0.994159,0,700126,8.029136085609786E-15,-8.106639208499255E-16,2.756858311267522E-15,ILTJ143713.42+334253.7,219.30592539773784,33.714915901799024,0.0012750285836781844,7.916285921189744E-5,0.001215284912775205,4.4239365578471576E-5,S,1,1,0.9556,0.0,,,,Bootes,1.93,0.37,0
5793,218.9706857,33.7361604,5.3872E-8,0.414223,1,713614,5.105150509743193E-15,3.799583887037881E-15,1.1175331088428508E-15,ILTJ143552.63+334407.7,218.96929755740527,33.73547171230057,4.8581178534667734E-4,1.0523044786588912E-4,3.5613034829149967E-4,4.908859177374399E-5,S,1,1,1.74,1.0,1.74,1,3,Bootes,2.58,-0.16,0
5797,217.7129863,33.7833381,4.2558E-19,0.976579,1,744348,1.2349141045288543E-14,9.1242494807416E-15,3.2461345035746334E-15,ILTJ143051.07+334657.4,217.71278172126117,33.78261519464225,0.003123640777134231,7.187373675869261E-5,0.003291040729444047,4.2953827288114804E-5,S,1,1,0.677,1.0,0.677,1,3,Bootes,1.42,0.95,1
5801,217.0818618,33.8146962,2.7009E-15,0.817961,1,765245,8.759290574229172E-15,3.3788875304017113E-15,3.654030526890868E-15,ILTJ142819.42+334854.4,217.08092000980884,33.815134948095356,4.744920532656491E-4,1.32470589868119E-4,1.9640117308933084E-4,3.9961672479744605E-5,S,1,1,1.5973,0.0,,,,Bootes,1.97,0.4,0
5802,218.58452,33.8162773,6.4474E-7,0.975205,1,766591,5.841428798089442E-15,6.73847740653866E-15,-3.20569246442669E-16,ILTJ143420.35+334900.2,218.5847818971853,33.81673902488976,0.0012718660069546267,7.031005808292997E-5,0.0012608429523829762,4.0351301119713705E-5,S,1,1,0.548,1.0,0.548,1,3,Bootes,1.23,0.56,0
5811,219.282796,33.858536,4.6322E-5,0.618225,1,793247,8.904532219724145E-15,-4.45230299752115E-15,3.1322190479443804E-15,ILTJ143707.61+335129.6,219.28170876240313,33.85823805175251,3.1850532027867333E-4,9.733739380910991E-5,2.4286518864782616E-4,4.6157977799994786E-5,S,1,1,1.61,1.0,1.61,1,3,Bootes,2.05,0.16,0
5817,216.7264868,33.9051117,3.6121E-7,0.721839,1,824603,3.968778374366797E-15,3.3530868376725684E-15,2.665321608074324E-16,ILTJ142654.33+335417.5,216.7263786419754,33.9048710028782,0.0013516971252779395,7.539746651444194E-5,0.0013438854320741347,4.3346984147565425E-5,M,1,1,1.8638,0.0,,,,Bootes,2.12,0.85,0
5819,218.2611378,33.9109404,1.4783E-6,0.60009,1,828990,2.4892831162062085E-15,1.9149982926902418E-15,4.015296956673385E-16,ILTJ143302.68+335442.8,218.26114838507124,33.91190584949371,2.9002605753529405E-4,6.955310761729893E-5,2.637473286273211E-4,3.732928909166227E-5,S,1,1,0.176522,1.0,0.176522,3,4,Bootes,0.3,-0.19,0
5829,219.5893122,33.9451392,1.3824E-6,0.942855,1,851230,5.731641590368498E-15,1.224470705933465E-14,-1.0439733066076463E-16,ILTJ143821.50+335643.0,219.58959527003054,33.94528855039594,0.0013743414841646071,2.1444967272604113E-4,9.168817684244906E-4,5.2720701438374815E-5,M,1,1,0.9024,0.0,,,,Bootes,1.49,0.81,1
5833,218.8284621,33.9924164,1.3759E-8,0.145846,1,883676,5.509589046021286E-15,6.938456480243341E-15,-2.8834839408414544E-16,ILTJ143518.73+335933.8,218.82804344457685,33.9927352628056,2.682451172108041E-4,6.696568240131825E-5,2.751777253646679E-4,3.909318016847546E-5,S,1,1,3.0707,0.0,,,,Bootes,2.39,0.33,0
5835,217.9469458,34.0001499,1.5438E-5,0.900321,1,888458,4.029607738664845E-15,-9.999435183522697E-16,1.2037807698307464E-15,ILTJ143147.31+340000.7,217.9471410900525,34.000200957843106,1.8170303797967896E-4,5.756703600455432E-5,1.992491687012611E-4,3.4818235916740303E-5,S,1,1,1.3319,0.0,,,,Bootes,2.07,-0.31,0
5846,219.5373018,34.0419504,1.9485E-13,0.964278,1,916870,3.802751539899768E-14,1.7745818580631416E-14,1.1544219565786664E-14,ILTJ143808.86+340231.7,219.53693655175786,34.04216414723634,5.818641801331353E-4,1.8366881609277865E-4,3.9111847858169384E-4,8.043494324481251E-5,S,1,1,1.279,1.0,1.279,1,3,Bootes,1.8,0.45,0
5847,218.7951874,34.0556075,7.2923E-5,0.749978,0,929087,1.496488871540403E-15,-4.569813259087218E-16,6.288053851235053E-16,ILTJ143510.66+340318.4,218.79443110035774,34.055127824811784,2.2374664004160048E-4,7.049693873670183E-5,2.2572750853754132E-4,4.033986783112855E-5,S,1,1,2.0021,0.0,,,,Bootes,2.02,0.24,0
5848,218.5512885,34.0641579,0.0012318,0.854417,0,939922,1.3960865827571032E-15,-8.040249643752254E-16,9.71491647338326E-16,ILTJ143412.27+340354.4,218.5511310836412,34.065126558148634,6.30818103461096E-4,8.350146644323576E-5,4.8572207900166194E-4,3.9922191703958265E-5,S,1,1,0.377,0.0,,,,Bootes,1.22,-0.11,0
5849,217.7227909,34.0673322,7.7301E-4,0.982545,1,942536,3.1728546845943837E-15,-9.014395850551948E-16,2.0748275723125788E-15,ILTJ143053.34+340402.9,217.72226173888328,34.06749091299914,3.083401289135543E-4,6.338799957605228E-5,3.058056892957118E-4,3.560240664988763E-5,S,1,1,1.1512,0.0,,,,Bootes,1.76,0.11,0
5851,218.4450315,34.0803247,1.069E-7,0.950835,0,957124,4.7748167994185286E-15,3.5611566710676825E-15,1.2674331545443378E-15,ILTJ143346.95+340449.5,218.4456166949372,34.08043452238427,3.745420523023324E-4,5.768774138208473E-5,4.3208019964693895E-4,3.64419994159358E-5,S,1,1,2.6799,0.0,,,,Bootes,2.35,0.39,0
5853,217.2696597,34.1077008,4.9639E-6,0.981257,1,983351,3.5706774935844044E-15,3.0834112099565574E-15,5.019612373971321E-16,ILTJ142904.62+340626.3,217.26926384947177,34.10732201157585,0.0010449144060029787,1.2597335931757017E-4,5.113102526524082E-4,4.378578434733946E-5,S,1,1,0.08525514,1.0,0.08525514,3,4,Bootes,-0.33,0.38,0
5863,218.3778133,34.1617821,3.3607E-8,0.514989,1,1019985,9.241668945213146E-15,3.712045809433632E-15,2.7860514129984628E-15,ILTJ143330.53+340943.8,218.3771983338527,34.16217119380952,5.953444987780686E-4,8.824746323159745E-5,4.867605337209126E-4,4.4255971701793216E-5,S,1,1,2.1254,0.0,,,,Bootes,2.28,0.45,0
5872,217.9975281,34.1864721,1.1887E-6,0.952546,1,1036083,5.857350643932048E-15,-1.3732954550738615E-15,2.4933844092000283E-15,ILTJ143159.45+341109.2,217.99769976370422,34.1859052198477,2.122675691089467E-4,6.679361016257309E-5,2.1186892492957622E-4,3.725328619687021E-5,S,1,1,1.003,0.0,,,,Bootes,1.67,-0.09,0
5878,219.1484194,34.2085847,2.768E-6,0.960655,1,1050852,4.1323024816581194E-15,-2.527238017244497E-15,8.866738542843078E-16,ILTJ143635.59+341229.3,219.14827942442986,34.208157788427535,4.230446928122165E-4,8.81750830462894E-5,3.073976708617429E-4,4.063238442274976E-5,S,1,1,1.1849,0.0,,,,Bootes,1.73,0.32,0
5882,218.9834499,34.2455025,3.8838E-5,0.880593,0,1076098,4.186211704827552E-15,-8.569982725825698E-16,2.3368912630940235E-15,ILTJ143556.13+341446.0,218.98389395773663,34.24612227075586,0.0037746880244039125,8.748538973898102E-5,0.002805094527186859,4.108856782040486E-5,M,1,1,0.259,1.0,0.259,1,3,Bootes,1.08,0.46,0
5890,218.9421108,34.2737722,8.3651E-7,0.833871,1,1093622,4.925389258298291E-15,4.669111695599633E-15,-3.9565368200927897E-16,ILTJ143546.13+341626.8,218.94222723123676,34.27413627559805,0.0010620245589768932,1.2588026835512323E-4,4.1068974791959876E-4,3.57041819382052E-5,S,1,1,0.569,1.0,0.569,1,3,Bootes,0.5,1.3,1
5892,217.9425195,34.2881427,2.1293E-6,0.939397,0,1103158,3.988016105049864E-15,-5.041596028891658E-16,1.2097067966911883E-15,ILTJ143146.40+341718.8,217.94332755932024,34.28855477144892,0.0016738696430893523,8.103933860828454E-5,0.0013475134562198363,3.422950324435445E-5,Z,1,1,0.1233346,1.0,0.1233346,3,4,Bootes,-99.0,-99.0,-1
5895,218.7051343,34.3031066,1.1349E-6,0.959531,1,1111639,4.1579917286278364E-15,-5.263285038203091E-16,1.8836914919810366E-15,ILTJ143449.07+341811.4,218.70444021996852,34.303169788340576,8.686176736025198E-4,6.5548057171849E-5,8.249964527488106E-4,3.6525080691172263E-5,S,1,1,0.925,1.0,0.925,1,3,Bootes,1.81,0.29,0
5902,219.3768409,34.3191786,1.5791E-13,0.97666,1,1120640,2.4161932168543724E-14,-4.1781492407546555E-15,1.0616990180853464E-14,ILTJ143730.55+341908.3,219.37727270323674,34.31897654236839,4.763177226514779E-4,1.1960815882661816E-4,4.3630848557588673E-4,6.475710158024036E-5,S,1,1,0.867,1.0,0.867,1,3,Bootes,2.13,-0.38,0
5907,217.7274998,34.3521449,2.0042E-7,0.959511,1,1140103,4.312545674376105E-15,4.068096066473013E-15,6.291405567628771E-16,ILTJ143054.53+342108.8,217.7271945583808,34.35246035041614,9.318886345989327E-4,9.266444554565893E-5,8.460500708208203E-4,4.996105816817795E-5,S,1,1,0.8678,0.0,,,,Bootes,1.95,0.11,0
5920,216.7549571,34.4162084,6.6526E-6,0.855135,1,1175468,2.207458127437813E-15,3.3082945158960915E-15,-3.3596019462238057E-16,ILTJ142701.32+342457.7,216.7554927552498,34.41604244247752,3.525563768480875E-4,9.876273671798344E-5,2.924378165201107E-4,4.0911295891419285E-5,M,1,2,1.967,0.0,,,,Bootes,1.31,1.19,1
5927,216.9355301,34.4857935,3.6875E-6,0.938684,1,1215912,2.4940669875525137E-15,-5.70819724289212E-16,1.2917198643298306E-15,ILTJ142744.37+342908.2,216.93489484187378,34.48561421366647,0.0034673361575640513,8.043549283460868E-5,0.0033353322554905596,4.523312977627528E-5,S,1,1,0.365,1.0,0.365,1,3,Bootes,1.96,-0.2,0
5945,218.4915433,34.5931039,4.4868E-6,0.396744,1,1278174,6.646333266069544E-15,7.63973236413444E-15,-4.3653876845948986E-16,ILTJ143357.58+343533.0,218.48992367710653,34.59251120900602,6.254250812104227E-4,6.263734099008176E-5,6.478614664984077E-4,3.70153839859374E-5,S,1,1,0.809,1.0,0.809,1,3,Bootes,1.08,0.81,1
5956,216.6217981,34.6370538,1.5832E-5,0.954929,1,1312203,3.2674237548823705E-15,-4.493840296479706E-16,-2.081946113542406E-16,ILTJ142629.27+343812.4,216.62194114125523,34.63679286726365,0.0019139014450265167,1.0161604126823058E-4,0.0015164932491284297,5.0024149295587904E-5,S,1,1,1.7328,0.0,,,,Bootes,1.84,1.23,1
5957,219.1007019,34.6388038,2.1716E-7,0.997621,1,1314056,3.085702788596393E-15,8.38489437486831E-15,-9.712221916640637E-18,ILTJ143624.13+343819.8,219.10054065459929,34.6388547367073,0.0010361668960009148,9.410600515252997E-5,9.943113357893866E-4,3.954499486280838E-5,M,1,1,0.8503,0.0,,,,Bootes,0.81,1.37,1
5977,217.0314226,34.7973928,1.2268E-5,0.484968,1,1431201,4.459165047364518E-15,-7.713500282799671E-16,2.499141448877178E-15,ILTJ142807.34+344749.6,217.0305867515855,34.79711541705127,3.210553726415428E-4,1.0611347243968197E-4,1.9937786569839403E-4,4.378129348051877E-5,M,1,1,2.791,1.0,2.791,1,3,Bootes,2.08,0.66,0
5987,216.8730989,34.8132677,1.7806E-11,0.959624,0,1439740,1.414112449112962E-14,1.501913636830096E-14,2.7611041887938063E-15,ILTJ142729.61+344847.5,216.8733617236724,34.813195939260396,4.919514954349328E-4,6.568555302605177E-5,5.23891695110154E-4,3.9458675758210186E-5,S,1,1,1.2758,0.0,,,,Bootes,1.44,0.77,0
5995,216.4548947,34.8424188,7.3276E-7,0.989315,1,1455871,4.622094151943981E-15,-7.957208242375177E-16,2.177651407501082E-15,ILTJ142549.16+345033.2,216.4548523400054,34.84257023101694,0.007999019910101553,9.848651343273526E-5,0.005996540371582136,4.666394587864579E-5,M,1,1,0.07614708,1.0,0.07614708,3,4,Bootes,0.11,0.69,0
5998,217.5094794,34.8610922,7.8649E-7,0.677221,1,1465883,2.377817668570278E-15,-8.628473450580882E-16,1.5518566771606304E-15,ILTJ143002.23+345138.4,217.50929189648292,34.860677561787455,3.314224067909097E-4,8.456674064686943E-5,2.6328538535432867E-4,4.138445247672849E-5,S,1,1,1.3116,0.0,,,,Bootes,1.88,0.15,0
6020,217.1371122,34.9956926,5.5762E-6,0.972312,1,1538253,4.651075098087772E-15,-8.477854778224966E-16,1.942857096679588E-15,ILTJ142832.79+345942.7,217.13664287612264,34.995198212090465,2.4019911438412437E-4,8.11787503859886E-5,2.1366892613561647E-4,4.28378008339794E-5,M,1,1,0.373,1.0,0.373,1,3,Bootes,0.88,-0.17,0
6023,217.9960018,35.0131908,5.3135E-6,0.970587,1,1547884,3.862710975122478E-15,3.840341415488297E-15,-3.958731122389722E-16,ILTJ143158.92+350047.6,217.99551355933616,35.0132403831469,7.244256441593651E-4,8.560614955681739E-5,6.731883205375488E-4,4.7033759975179686E-5,S,1,1,0.8327,0.0,,,,Bootes,1.46,0.48,0
6027,217.8716569,35.0253823,1.0067E-8,0.991992,1,1554378,4.9132716552006704E-15,6.1393243563006326E-15,-2.0801913428851194E-16,ILTJ143129.12+350131.1,217.87131606272462,35.0253250716055,5.489952197375622E-4,7.461390247487906E-5,4.48463970310089E-4,3.754464425518481E-5,S,1,1,0.484,1.0,0.484,1,3,Bootes,0.95,0.37,0
6036,216.3239104,35.0553367,1.5333E-18,0.799429,1,1570809,2.062036582650261E-14,1.3997073226684994E-14,6.604267225827857E-15,ILTJ142517.68+350319.0,216.32365893109576,35.05528093320095,8.448575555938797E-4,1.072935023855476E-4,7.184783806670331E-4,4.50819526486157E-5,M,1,2,1.954,0.0,,,,Bootes,2.13,0.68,0
6037,217.2846413,35.0687265,1.3835E-7,0.918402,1,1578023,2.777096975462151E-15,4.03701205843289E-15,-1.4156090745506563E-16,ILTJ142908.37+350407.3,217.28485549812552,35.06871501355162,9.689227182801085E-4,1.8219872685927026E-4,9.585410130721747E-4,1.0387351474569782E-4,S,1,1,1.6213,0.0,,,,Bootes,2.03,0.67,0
6060,219.4547729,35.2218929,4.6529E-11,0.902621,1,1664926,1.582588782207058E-14,8.577724836246566E-15,4.192588405202214E-15,ILTJ143749.12+351318.6,219.4546637150956,35.221841156900666,2.963072758211155E-4,7.931886107754622E-5,2.863465056107242E-4,4.463057228690298E-5,S,1,1,1.573,1.0,1.573,1,3,Bootes,1.52,0.67,0
6064,219.5192975,35.2336659,3.3935E-23,0.962254,1,1677090,4.1936104949862913E-14,3.3461208336685084E-14,1.0510001181515677E-14,ILTJ143804.43+351403.5,219.5184791259313,35.23431484248553,5.506264644570601E-4,9.305275437881388E-5,4.780631876376424E-4,4.8705189091801816E-5,S,1,1,0.327,1.0,0.327,1,3,Bootes,0.85,0.09,0
6065,216.8773538,35.2582441,7.9201E-8,0.865187,1,1701127,2.6144588344250305E-15,3.2587716861372664E-15,-3.1303448646567877E-16,ILTJ142730.54+351529.4,216.8772345712443,35.25817704934919,0.0021149708639175533,7.068584052243336E-5,0.0020819561787750566,4.031239686070902E-5,S,1,1,2.1149,0.0,,,,Bootes,1.96,1.34,1
6069,216.3949898,35.2699077,1.8927E-7,0.9914,1,1711927,3.7223596497137E-15,1.956580745522692E-15,5.993356164976052E-16,ILTJ142534.70+351611.0,216.39457845402652,35.26974066896495,7.525979461896368E-4,1.5216478899909443E-4,3.2636732792837753E-4,4.6777496809227156E-5,M,1,1,0.6092,0.0,,,,Bootes,0.55,1.17,1
6077,217.4765705,35.3157165,1.4845E-6,0.890757,1,1745324,5.593495881857508E-15,6.6426553657174546E-15,-3.1705749065612024E-16,ILTJ142954.35+351857.0,217.47645176318196,35.31584585476921,4.5435281105440115E-4,9.038134877418115E-5,3.7392325379867567E-4,4.548825865898998E-5,S,1,1,2.132,0.0,,,,Bootes,2.12,0.51,0
6078,217.3903363,35.3238356,1.7047E-14,0.364175,1,1750949,3.194642577466013E-14,-4.123535283513595E-15,1.2383264053164709E-14,ILTJ142933.53+351925.8,217.3897021878197,35.32385787547439,0.0011197848985378344,2.566732405655661E-4,1.7523262799708602E-4,3.50237949811426E-5,S,1,1,1.3297,0.0,,,,Bootes,1.67,0.92,1
6081,217.8409222,35.3329015,1.5408E-6,0.817178,1,1756335,5.519068086733766E-15,5.37339655920726E-15,-2.4361450491918303E-16,ILTJ143122.09+351957.7,217.8420412716137,35.332715993743975,4.01308815869803E-4,9.282058305114995E-5,3.1513374341507716E-4,4.3309239931227435E-5,S,1,1,0.859,1.0,0.859,1,3,Bootes,1.45,0.27,0
6082,217.4165315,35.3335854,2.095E-15,0.922592,1,1756626,3.5737912280637183E-14,2.974555512562183E-14,9.687914004036056E-15,ILTJ142940.12+351959.8,217.41715128001306,35.33329242499137,6.080902141654007E-4,9.047245843509751E-5,4.407005242325999E-4,4.184374558778866E-5,S,1,1,1.49,1.0,1.49,1,3,Bootes,1.79,0.64,0
6083,216.6731676,35.3315654,3.0523E-14,0.073501,1,1755357,3.2217891186425597E-15,2.7567472386381403E-15,7.375601339919889E-16,ILTJ142641.29+351951.6,216.6720290216796,35.331018830339616,4.903655755720607E-4,1.0372691437852666E-4,3.417495293424163E-4,4.67079532969366E-5,S,1,1,0.149,1.0,0.149,1,3,Bootes,0.27,-0.08,0
6090,218.6386377,35.359749,2.0955E-7,0.382828,1,1773313,2.442526092656208E-15,2.320486680608218E-15,2.2640203148418585E-16,ILTJ143433.22+352135.8,218.63842325349603,35.35996908295058,0.26638228999254115,7.03518915393706E-4,0.13328396143583332,1.751916714856634E-4,Z,1,1,1.771,0.0,,,,Bootes,1.74,3.51,1
6097,219.4094321,35.375601,2.7915E-6,0.977065,1,1782535,6.789848323724838E-15,7.60950110906319E-15,-1.6058983594799672E-16,ILTJ143738.37+352232.0,219.40989429226215,35.37556390301822,3.3864712580362313E-4,8.106775065469442E-5,3.302463165559759E-4,4.5894043604133526E-5,S,1,1,0.236,1.0,0.236,1,3,Bootes,0.61,-0.18,0
6098,217.6633582,35.3980564,2.2627E-6,0.97191,1,1795717,4.341374590526076E-15,-8.333836137433747E-16,1.9326109706351966E-15,ILTJ143039.24+352351.0,217.66350580149603,35.39752450151836,0.006535996508835873,8.932747146752617E-5,0.006424521397250139,4.084869853977579E-5,M,1,1,0.0871543,1.0,0.0871543,11,4,Bootes,0.76,0.02,0
6103,217.6285019,35.4286968,1.1175E-5,0.963165,1,1814708,2.689483701026059E-15,3.0617571013252674E-15,-3.144173127983477E-16,ILTJ143030.73+352542.9,217.62806123631887,35.42859024347621,4.068554832729531E-4,6.529150354934286E-5,4.55145205400071E-4,4.057783011730672E-5,S,1,1,0.9876,0.0,,,,Bootes,1.6,0.25,0
6113,216.6547645,35.4611673,4.4842E-11,0.986494,1,1834171,6.472919452559111E-15,-7.389139719757896E-16,2.3641067934166448E-15,ILTJ142637.17+352739.0,216.6548911029608,35.46085288923354,0.0013384237583882234,1.5939377417708133E-4,0.0010359492151539515,4.626849605847383E-5,M,1,1,0.8629,0.0,,,,Bootes,1.98,0.23,0
6119,216.3956195,35.5062822,1.0205E-5,0.912183,1,1861358,7.131696577313101E-16,-1.4658681055582362E-16,9.345828856059161E-17,ILTJ142534.80+353023.1,216.3949948577605,35.506416049714936,3.6300038611033765E-4,8.693679875017848E-5,3.5739039876019415E-4,4.921817094415425E-5,M,1,1,0.9968,0.0,,,,Bootes,1.66,0.15,0
6125,217.7149322,35.5436441,4.5568E-7,0.829729,1,1882882,5.951156881002503E-15,-8.069289038892323E-16,3.1895207005575228E-15,ILTJ143051.57+353235.7,217.7148808757181,35.54326299149863,3.2472646065675163E-4,9.371276273281723E-5,2.212805566150402E-4,4.093941621893612E-5,S,1,1,3.135,1.0,3.135,1,3,Bootes,2.15,0.69,0
6129,218.1375171,35.5606058,4.8054E-8,0.976581,1,1892930,7.54606806502787E-15,9.846673755642906E-15,-6.468638686801475E-16,ILTJ143233.15+353337.5,218.13813630687727,35.56043735762835,4.46719631877826E-4,8.09715992176059E-5,4.5473202368251635E-4,4.688071470308287E-5,S,1,1,0.197,1.0,0.197,1,3,Bootes,0.37,0.03,0
6132,217.648234,35.5656306,2.498E-4,0.902364,1,1895491,4.321548162575075E-15,-8.672926545608634E-16,2.501760068373411E-15,ILTJ143035.51+353353.4,217.64795691313296,35.56485743260039,6.027297267164483E-4,1.523878162199585E-4,2.1902517889943706E-4,4.1913508546275366E-5,S,1,1,0.364,1.0,0.364,1,3,Bootes,0.86,0.23,0
6143,218.1858078,35.6222979,8.0791E-6,0.930976,1,1929746,7.559870084023821E-15,-2.8282064822230472E-15,2.237285049883627E-15,ILTJ143244.64+353721.8,218.18600092981774,35.62273975774212,8.560647751530698E-4,9.282071854671895E-5,7.246056924207878E-4,4.7810915358022376E-5,S,1,1,1.3741,0.0,,,,Bootes,1.95,0.53,0
6148,218.5742748,35.6375628,1.5478E-5,0.585771,1,1938687,4.6000499589130785E-15,-1.171483612628434E-15,1.5525040524587092E-15,ILTJ143417.75+353815.6,218.5739759858494,35.637683094171294,3.290698597226516E-4,1.0155654365221071E-4,2.2905253949018247E-4,4.469056985087004E-5,S,1,1,2.1041,0.0,,,,Bootes,2.29,0.17,0
6152,216.3105883,35.6404261,2.2846E-6,0.975181,1,1940250,7.656816990322613E-16,-1.5225964203654375E-16,3.419305586543684E-16,ILTJ142514.58+353823.4,216.3107314687112,35.639842420197546,9.852990977685593E-4,1.769848859127933E-4,4.0304691060660445E-4,5.3622472980523084E-5,S,1,1,0.129,0.0,,,,Bootes,0.17,0.2,0
6163,216.3248975,35.7113297,1.3847E-4,0.982992,1,1982060,8.319773561047527E-16,-1.4807191217064646E-16,3.4825302566785796E-16,ILTJ142518.08+354239.6,216.3253481686465,35.71101054108678,0.0014894446306397595,2.776745960142269E-4,3.123599908575859E-4,4.877294306239982E-5,S,1,1,0.3283,0.0,,,,Bootes,1.14,0.21,0
6164,218.6551526,35.7291519,2.8689E-8,0.925566,1,1993145,1.7324387768761532E-14,2.0530429962261847E-14,1.2507610150795456E-15,ILTJ143437.46+354346.3,218.65606625537194,35.7295441650978,3.0227985077966885E-4,9.522579642012082E-5,2.3938532162550016E-4,4.688641709546854E-5,S,1,1,0.267,1.0,0.267,1,3,Bootes,0.55,-0.04,0
6174,218.5144428,35.7996694,5.3875E-7,0.935806,1,2032845,8.08208145439904E-15,1.7318662752674937E-14,-5.549468250482703E-17,ILTJ143403.42+354755.3,218.51424850929968,35.79870497150641,3.820105226580824E-4,9.645741240101805E-5,3.101980897655889E-4,4.828526321168068E-5,M,1,1,0.32,1.0,0.32,1,3,Bootes,-99.0,-99.0,-1
6176,218.4020392,35.8123276,4.7703E-7,0.930914,1,2040536,1.0382427619472295E-14,-5.346661557187052E-15,4.075592430730758E-15,ILTJ143336.36+354843.8,218.40149157225468,35.81218632183414,2.6442158496563613E-4,7.918998085386294E-5,2.4362368260410946E-4,4.3223228948474446E-5,S,1,1,4.241,0.0,,,,Bootes,-99.0,-99.0,-1
6201,216.7968985,32.4878147,3.2657E-6,0.992182,1,76262,3.731826605709117E-15,-1.5929971001536935E-16,1.8353244095899876E-15,ILTJ142711.25+322916.6,216.7968615477753,32.4879549657356,0.0013947759092665859,2.127973730384377E-4,9.688823092003461E-4,6.941680981981335E-5,M,1,1,0.1317685,1.0,0.1317685,2,4,Bootes,-99.0,-99.0,-1
6226,216.7055372,32.9025677,4.0502E-4,0.850745,1,264262,2.5815232286569986E-15,-6.489350389387828E-16,1.4490669168771092E-15,ILTJ142649.31+325409.2,216.7054709127231,32.90256600393664,0.006761711829415424,5.516106553861172E-4,0.0028646038496732743,5.30602790240664E-5,M,1,1,0.826,0.0,,,,Bootes,0.56,2.42,1
6233,218.1728486,32.9662676,8.97E-10,0.487871,1,305271,2.9098750416167144E-15,2.6500646601450962E-15,5.689657918804447E-16,ILTJ143241.42+325757.5,218.17257151945853,32.965988543479604,6.007787165181185E-4,9.458017768514696E-5,4.8387215599088323E-4,4.710008209804804E-5,S,1,1,1.6296,0.0,,,,Bootes,2.13,0.35,0
6247,217.1886522,33.1112422,5.0054E-6,0.927328,1,366936,4.716203943918269E-15,4.9215773073730035E-15,-4.3988357432651977E-16,ILTJ142845.20+330643.2,217.18832735108109,33.1120086128137,0.004564757801410208,3.237032085642035E-4,5.965684414688296E-4,4.4489313761005174E-5,M,1,1,0.0212,0.0,,,,Bootes,-0.82,0.31,0
6252,217.436,33.186155,1.0069E-7,0.984172,1,398108,5.9534435039111204E-15,-4.78453311557619E-16,2.8568307089775426E-15,ILTJ142944.51+331109.7,217.43546118965185,33.18605322371307,0.008368201006496337,1.6846731358200539E-4,0.005857588728990188,4.7483482010013994E-5,Z,1,1,0.7317,0.0,,,,Bootes,0.81,2.12,1
6256,218.6845113,33.2340158,4.6369E-6,0.963008,1,417294,2.265861569834705E-15,-4.688276316660744E-16,7.112094023518588E-16,ILTJ143444.31+331400.2,218.68462076245612,33.23339597432637,4.207652157678172E-4,7.92938153330208E-5,4.0376833840076627E-4,4.439493397607123E-5,S,1,1,0.7705,0.0,,,,Bootes,1.63,-0.01,0
6261,217.8326939,33.2914863,7.4097E-6,0.825488,1,441969,6.458908047589662E-15,-8.46054421937003E-16,1.7069955986952333E-15,ILTJ143119.64+331728.1,217.83184137285417,33.291144795664984,4.552171533961775E-4,8.496966589341687E-5,4.6818741246296174E-4,4.982715791311051E-5,S,1,1,1.5911,0.0,,,,Bootes,1.93,0.43,0
6274,219.4404553,33.4659646,1.7866E-5,0.989117,1,518514,5.435275845682833E-15,6.315887222454153E-15,-1.163494743796895E-15,ILTJ143745.72+332756.4,219.44051174778693,33.465692531094255,0.0032900014339251956,9.929393412335472E-5,0.0027800773833621863,5.115654508911502E-5,S,1,1,0.2195588,1.0,0.2195588,3,4,Bootes,1.32,-0.03,0
6275,218.8996805,33.4861542,1.0566E-9,0.968034,1,537885,2.3021165939675463E-14,1.2127385496562954E-14,6.2578948630945155E-15,ILTJ143535.65+332908.9,218.89853078586407,33.48582713981957,2.389996574180946E-4,6.724236123097801E-5,2.562585388371125E-4,3.999336852937447E-5,S,1,1,1.128,1.0,1.128,1,3,Bootes,1.99,-0.26,0
6276,218.8573797,33.5167501,6.6239E-7,0.900221,1,567881,1.2152470924185634E-14,9.14660824331102E-15,1.8290643600813905E-15,ILTJ143525.60+333057.0,218.8566852357979,33.51585567343604,2.1820599535521472E-4,6.537816024077124E-5,2.3884400583915465E-4,3.999365082419917E-5,S,1,1,1.133,0.0,,,,Bootes,1.96,-0.27,0
6279,219.4491497,33.5213651,5.0724E-12,0.756777,1,571661,1.6464059535585652E-14,-5.5218868910906105E-15,6.82435400830682E-15,ILTJ143747.62+333113.8,219.4484125081381,33.520507114549645,9.884514472030673E-4,8.685601711330297E-5,9.382493001406863E-4,4.840542763789291E-5,S,1,1,0.2184253,1.0,0.2184253,3,4,Bootes,-1.39,2.38,1
6282,216.7468258,33.552342,5.3573E-12,0.865965,1,592417,8.435070355954258E-15,-6.116068993994151E-16,3.6296497502913975E-15,ILTJ142659.13+333305.0,216.7463727057635,33.551400431060664,0.0043429579725271575,1.6326869260813694E-4,0.003501906310739585,8.139292054754048E-5,M,1,1,0.15,1.0,0.15,9,3,Bootes,1.39,-0.33,0
6291,217.7846106,33.6436047,7.2764E-8,0.980246,1,652761,3.9044742350516934E-15,6.161628737644546E-15,-2.8738228765242733E-16,ILTJ143108.36+333835.6,217.78484232324203,33.64322346297128,5.153422366946867E-4,7.258943893760979E-5,4.681469649506057E-4,3.921420939271883E-5,M,1,1,1.0,0.0,,,,Bootes,1.7,0.26,0
6297,216.1983914,33.7498671,2.3515E-7,0.493314,1,723744,2.0133072201691855E-14,-1.0416414531311914E-14,7.955165008392975E-15,ILTJ142447.78+334502.5,216.1990793575594,33.75071758326465,7.230045470872339E-4,9.039396467716194E-5,6.802255685783787E-4,5.00194209484934E-5,S,1,1,1.6446,0.0,,,,Bootes,1.93,0.66,0
6301,217.6597912,33.7983456,4.1499E-8,0.827195,1,753721,5.7191534068689945E-15,5.924209646575394E-15,8.291175601026444E-16,ILTJ143038.21+334750.0,217.65922762847165,33.79724049385121,2.379673919698067E-4,7.494212503036454E-5,2.0578191724552315E-4,3.912864832753519E-5,S,1,1,2.26,1.0,2.26,1,3,Bootes,2.37,0.02,0
6304,219.3516709,33.8014045,2.704E-6,0.627861,1,756390,1.0442359865822854E-14,2.2785774994434107E-14,-1.5424482977983068E-16,ILTJ143724.46+334805.2,219.35190909403005,33.80145374019903,4.884785436541861E-4,1.0660424462443686E-4,3.961206966825014E-4,4.279569774007541E-5,M,1,1,1.586,0.0,,,,Bootes,1.74,0.66,0
6307,216.7790672,33.8227633,3.1895E-4,0.932426,1,770320,2.7352290982915985E-15,6.198621967510092E-15,-2.0354425984450792E-16,ILTJ142707.17+334920.4,216.77989052996978,33.822352532394945,4.626286996577309E-4,6.630625395536249E-5,4.959968473525671E-4,4.0071583140396725E-5,S,1,1,0.9171,0.0,,,,Bootes,1.12,0.76,0
6310,219.2561944,33.8319098,2.237E-5,0.083418,1,776796,6.63272530160656E-15,-2.3320332114645676E-15,1.6795920265357187E-15,ILTJ143701.37+334956.4,219.25570555863683,33.83234170374577,5.105430174740176E-4,7.499169740252783E-5,5.219139499962134E-4,4.371555953186351E-5,S,1,1,2.3841,0.0,,,,Bootes,1.66,1.16,1
6313,219.0348782,33.8932692,2.0944E-6,0.962443,1,816897,6.217598532349386E-15,4.683604705421948E-15,1.1367231567396638E-15,ILTJ143608.54+335335.5,219.03557640100283,33.89319995735366,0.004717484713052804,6.832207567419933E-5,0.004837176478617506,4.010674658288594E-5,S,1,1,0.1603924,1.0,0.1603924,3,4,Bootes,-0.71,2.03,1
6314,218.7820226,33.9322984,3.9134E-7,0.76421,1,842414,7.402565955310991E-15,4.160220549444425E-15,1.7289477414455287E-15,ILTJ143508.01+335555.7,218.7833724855692,33.93215673336451,4.795766468596112E-4,1.0868161952192017E-4,4.952175776428282E-4,6.40982769797079E-5,S,1,1,2.639,1.0,2.639,1,3,Bootes,2.62,0.2,0
6320,217.3098436,33.9893803,4.7169E-13,0.992912,0,881345,4.4900913190508916E-15,-5.578821847043994E-16,2.2433950841131967E-15,ILTJ142914.34+335923.0,217.30976015291174,33.98973788183997,0.0027967164369555966,2.5785974962391815E-4,0.0012246224294237178,4.829671775223687E-5,M,1,1,0.1292782,1.0,0.1292782,3,4,Bootes,-99.0,-99.0,-1
6322,216.9909448,34.0058395,3.8261E-6,0.698116,1,891814,4.420149947984067E-15,6.047694592077892E-15,-2.9793208076209866E-16,ILTJ142758.05+340017.4,216.99185825755907,34.00483360172114,4.893073913601389E-4,1.410142780284273E-4,1.950426096844167E-4,4.14909147983091E-5,M,1,1,1.5146,0.0,,,,Bootes,1.82,0.53,0
6339,217.4308527,34.1004061,2.3506E-6,0.878792,1,977686,5.075835872391366E-15,8.410934905699654E-15,-2.7344986928628664E-16,ILTJ142943.37+340601.2,217.43072327218684,34.10034665534827,3.0253253995505956E-4,6.511225980918692E-5,3.5115427825146864E-4,4.1367647115069164E-5,S,1,1,1.1598,0.0,,,,Bootes,1.68,0.21,0
6340,217.0030708,34.1038069,1.4893E-6,0.742569,1,980931,6.676155338205044E-15,4.9225335348231146E-15,8.731500749004677E-16,ILTJ142800.51+340614.9,217.00211135303408,34.104153030004206,5.224463315584979E-4,8.488471127905381E-5,4.214509263937885E-4,4.197954665959164E-5,S,1,1,1.0586,0.0,,,,Bootes,1.49,0.56,0
6341,217.0122255,34.108823,2.5577E-6,0.628334,1,984684,6.278615754841198E-15,5.079514489464392E-15,1.1226869235910625E-15,ILTJ142803.14+340633.2,217.01308329985687,34.10923568850924,3.4956283591259596E-4,9.74003574153575E-5,2.3862440486577816E-4,4.292022798471163E-5,S,1,1,1.0383,0.0,,,,Bootes,1.34,0.53,0
6346,217.6571389,34.1664762,5.3965E-7,0.981408,1,1023060,4.453065072932207E-15,5.275942097030824E-15,-2.579698576470904E-16,ILTJ143037.73+340959.6,217.65719568282995,34.166567944480406,3.765325761168966E-4,6.592402558728591E-5,3.5113636928505305E-4,3.598237807561366E-5,S,1,1,0.716,1.0,0.716,1,3,Bootes,1.46,0.05,0
6347,217.0123109,34.1703518,5.8214E-7,0.729166,1,1025359,4.4154329437469184E-15,6.634717482562507E-15,-2.6808187647112577E-16,ILTJ142802.87+341013.7,217.01197631824763,34.17047166809181,3.1546309769265847E-4,7.868942078046015E-5,2.662871880813938E-4,4.0425259235588284E-5,S,1,2,0.7939,0.0,,,,Bootes,0.98,0.59,0
6354,217.0801349,34.2585045,1.4028E-5,0.988483,1,1083851,2.9210306242723933E-15,-7.554300515315117E-16,7.252354975442843E-16,ILTJ142819.16+341530.4,217.07984161792535,34.25844897586167,4.3141807805392534E-4,7.021161382333749E-5,4.0732736706215777E-4,3.8658559679003183E-5,S,1,1,0.342,1.0,0.342,1,3,Bootes,1.19,-0.34,0
6364,218.2621537,34.3517878,2.3355E-5,0.992984,0,1139809,2.6891815544204525E-15,-1.1137866714352195E-15,1.9597797098894215E-15,ILTJ143303.09+342106.7,218.26286919753588,34.3518692956444,0.007863852072316487,4.500239667422419E-4,0.0016945152922095946,7.78959681338165E-5,M,1,1,0.1913505,1.0,0.1913505,3,4,Bootes,-0.72,2.43,1
6367,217.0891247,34.3673882,2.8958E-6,0.957192,1,1148370,1.9871464287278283E-15,1.6029476869365675E-15,-1.3294931229771496E-16,ILTJ142821.44+342200.8,217.08932965098657,34.36690789291136,2.3447664640015143E-4,7.64546626296002E-5,2.2560045082379923E-4,4.0333470855453065E-5,S,1,1,0.6884,0.0,,,,Bootes,-0.07,1.45,1
6375,219.2015459,34.4542662,1.3939E-8,0.928072,1,1197149,1.396728217382382E-14,1.8400417718456442E-14,-1.307121253375922E-15,ILTJ143648.62+342712.8,219.20259267445257,34.45356572895656,0.0019514422926009203,7.107668510073678E-5,0.001912824930454894,4.047280038359126E-5,M,1,1,0.514,1.0,0.514,1,3,Bootes,1.81,0.05,0
6381,219.1276585,34.5024262,5.9957E-5,0.942274,1,1225452,8.583071790377564E-15,-2.6803844901702216E-15,3.284790991991508E-15,ILTJ143630.66+343009.1,219.12773925853088,34.50253994354862,6.058557522746175E-4,8.130788225373774E-5,4.92954934077894E-4,4.076495403733721E-5,S,1,1,0.822,1.0,0.822,1,3,Bootes,1.48,0.37,0
6384,216.5079502,34.5185389,2.6744E-8,0.95943,1,1234731,1.1379483134395132E-14,4.2849470444679276E-15,4.409090354899168E-15,ILTJ142602.09+343106.3,216.5086996564428,34.51843320492747,0.016624024696110726,2.188375687439037E-4,0.009826566774140823,4.355003785894951E-5,M,1,1,1.423,1.0,1.423,1,3,Bootes,1.47,2.37,1
6388,217.2084239,34.5442017,1.6459E-5,0.184296,1,1249487,2.79062873431172E-15,2.7446690229947024E-15,-1.3694952873869463E-16,ILTJ142849.77+343240.6,217.20739472764913,34.54461351329235,0.009598300740287061,1.4473966798385417E-4,0.007976053532039784,4.211553318600636E-5,M,1,1,0.216,1.0,0.216,1,3,Bootes,-99.0,-99.0,-1
6398,218.3818637,34.6014581,5.8334E-6,0.506042,1,1283305,8.81472708397388E-15,1.1840198561740707E-14,-7.635316459546378E-16,ILTJ143331.55+343559.4,218.38146979787442,34.59984427045504,0.002088307157530757,7.396112005953372E-5,0.0018591212593778836,3.9441203248974126E-5,S,1,1,0.443,1.0,0.443,1,3,Bootes,0.51,1.34,1
6406,219.283821,34.6665264,1.1759E-10,0.896354,1,1343797,1.70857673620017E-14,3.746625784883655E-14,-3.734588321625738E-16,ILTJ143707.88+344002.0,219.28284069971193,34.667244711359146,5.034450596840188E-4,9.580286559028595E-5,5.386340586346394E-4,3.995214796304936E-5,M,1,1,0.191,1.0,0.191,1,3,Bootes,-0.34,0.82,1
6413,218.9828776,34.7714927,4.4216E-12,0.987809,1,1417668,1.346572921312462E-14,1.031096688451875E-14,3.154933155654896E-15,ILTJ143556.04+344619.1,218.9835103233123,34.771995729003876,6.286674990647163E-4,1.6460340891265082E-4,2.1553233478747608E-4,4.3356843264618116E-5,S,1,1,1.5953,0.0,,,,Bootes,1.93,0.57,0
6424,216.6488385,34.8300853,4.5798E-4,0.985847,1,1449108,3.761992424847372E-15,-1.3320390837285174E-15,2.3660258317641524E-15,ILTJ142635.78+344947.9,216.64907744378934,34.82999455644258,2.0147084120626812E-4,6.299132412483817E-5,2.2812676565324693E-4,3.772022567321057E-5,S,1,1,0.07667163,1.0,0.07667163,3,4,Bootes,-99.0,-99.0,-1
6428,219.1527305,34.8427084,2.1215E-6,0.953283,1,1455969,1.1329415730253767E-14,-3.9556214883330406E-15,3.692576411774243E-15,ILTJ143636.60+345033.2,219.15252057766685,34.84255492888538,6.274894486670526E-4,8.879447871044049E-5,6.15339213471803E-4,3.903776287552318E-5,M,1,1,0.279,1.0,0.279,1,3,Bootes,1.26,-0.45,0
6441,218.7227667,34.9444383,2.6406E-4,0.806875,1,1511185,4.162957127226306E-15,-1.050508675881332E-15,2.4772911155464683E-15,ILTJ143453.67+345638.8,218.72363812968695,34.94413070664925,3.918444021186919E-4,7.005468693017345E-5,3.8837691269008156E-4,4.009294840624465E-5,S,1,1,1.209,1.0,1.209,1,3,Bootes,1.83,0.19,0
6453,216.2409544,35.0177717,4.8241E-7,0.885695,1,1550505,1.3711619715683476E-14,1.7343299286178047E-14,-1.3533952852430377E-15,ILTJ142458.18+350104.1,216.2424340867431,35.017805602281115,4.144129931848897E-4,1.286201990426675E-4,3.123089901981273E-4,4.734753552475013E-5,M,1,1,0.304,1.0,0.304,1,3,Bootes,0.88,-0.13,0
6459,217.5386495,35.090312,1.1991E-5,0.45495,1,1589813,4.233396614681599E-15,4.206814960399981E-15,-4.1777485962062535E-16,ILTJ143009.23+350526.0,217.53845614825067,35.09057827038362,2.417491051047793E-4,7.222479549151242E-5,2.3035253321378312E-4,3.814253105883836E-5,M,1,1,1.4943,0.0,,,,Bootes,1.88,0.15,0
6460,218.0579782,35.0988756,1.6389E-6,0.936178,1,1594560,1.20176078055299E-14,-2.8923847317080284E-15,2.8335910941834897E-15,ILTJ143213.83+350558.6,218.05764318120447,35.09961839809973,2.1791987648612303E-4,6.563132567705726E-5,2.2935437410971207E-4,3.8145414707803195E-5,S,1,1,0.77,1.0,0.77,1,3,Bootes,1.63,-0.3,0
6461,218.826673,35.1196334,5.4491E-40,0.987312,0,1605120,2.5708925856791364E-14,9.33073500656413E-15,1.3492542433191767E-14,ILTJ143518.29+350708.9,218.82620476928278,35.11915842134588,0.0997796129577204,7.602814076684842E-4,0.014318206902309553,4.35657723537588E-5,M,1,1,0.028,1.0,0.028,1,3,Bootes,0.43,0.55,0
6468,218.9145244,35.1965513,3.7954E-5,0.922444,1,1646741,1.867335250295036E-15,-7.890145078087539E-16,1.0046160426869122E-15,ILTJ143539.59+351145.3,218.9149671183203,35.19591594708653,0.00540579916992192,2.911290769171969E-4,8.689214499400437E-4,4.160916683031246E-5,M,1,1,0.034,1.0,0.034,1,3,Bootes,-0.28,0.22,0
6469,218.1410483,35.2191869,7.7605E-5,0.945245,0,1662987,3.7366278697489605E-15,6.34927925177324E-15,-3.0406247400581374E-16,ILTJ143233.52+351310.6,218.1396743205993,35.21962641066521,4.703524015944282E-4,1.1415114228044116E-4,4.5675963348952787E-4,6.045784222634447E-5,S,1,1,0.405,0.0,,,,Bootes,-0.49,1.69,1
6478,217.7255193,35.3613465,4.5963E-6,0.274393,1,1773521,8.373076910682076E-15,5.569005041440198E-15,5.839357917606002E-16,ILTJ143054.45+352137.9,217.72686001127906,35.360537190936164,3.962984460114946E-4,8.364559340327722E-5,3.386027222757701E-4,4.3351135107355464E-5,S,1,1,1.8957,0.0,,,,Bootes,2.27,0.17,0
6481,219.5026273,35.3690496,3.2355E-11,0.971307,1,1778649,1.9958684569060062E-14,-4.390836762971575E-15,6.362719478636258E-15,ILTJ143800.46+352209.0,219.50191407590017,35.36917213825244,5.051801572500584E-4,9.756823673735665E-5,4.8171034299782567E-4,5.412480037884159E-5,S,1,1,1.576,0.0,,,,Bootes,1.66,0.76,0
6490,218.4288128,35.4399531,6.4706E-5,0.92411,1,1821703,4.172386325905596E-15,-9.78704242630452E-16,3.3380376420528572E-15,ILTJ143343.16+352625.2,218.42982629045906,35.440356588873115,5.783774270339364E-4,7.450592565084587E-5,5.274786049244833E-4,4.0402114610492406E-5,S,1,1,0.208553,1.0,0.208553,3,4,Bootes,-0.79,1.46,1
6494,218.4218138,35.4720093,3.782E-7,0.908047,1,1840670,5.98188413955346E-15,4.021581309075179E-15,1.4846702400113587E-15,ILTJ143341.44+352821.0,218.42268423580583,35.4725237729117,4.2759934059570433E-4,6.711370193852322E-5,4.263666831768882E-4,3.863831662250722E-5,S,1,1,1.71,1.0,1.71,1,3,Bootes,2.35,0.01,0
6499,218.0724088,35.5582294,1.6976E-6,0.210329,1,1891908,8.795017061586264E-15,1.0788391729384695E-14,-6.032192167795039E-16,ILTJ143217.45+353331.6,218.07271538468012,35.55879023776749,5.01064586187245E-4,9.862909311186133E-5,3.4901596239347794E-4,4.3969405417239864E-5,S,1,1,0.9901,0.0,,,,Bootes,0.89,1.11,1
6502,217.8244176,35.5765729,1.6992E-6,0.748288,1,1902519,5.77578744074787E-15,7.106295215655374E-15,-3.996054347212879E-16,ILTJ143117.97+353436.6,217.8248555870628,35.57684082294189,3.441425087640681E-4,8.241551658854069E-5,3.373595321374953E-4,4.453800475675962E-5,M,1,1,1.2494,0.0,,,,Bootes,1.56,0.46,0
6524,218.3498686,35.7710164,1.4664E-5,0.408343,1,2016506,7.608874310754333E-15,-5.334710453977063E-15,2.8306771372343923E-15,ILTJ143324.40+354611.3,218.35166130705204,35.76982149009002,0.06322799618439923,6.021870306412169E-4,0.011373777613661035,5.414427477808204E-5,M,1,1,1.4198,0.0,,,,Bootes,0.09,4.45,1
6526,216.417916,35.7731401,5.6294E-7,0.963056,1,2018195,4.214768332083596E-15,7.00798575109597E-15,-1.0615715484429919E-16,ILTJ142540.13+354623.7,216.41721734726943,35.773262065052776,0.0019463885372959465,1.810701138514404E-4,0.001040812099731416,5.062839800666552E-5,M,1,1,0.2029,0.0,,,,Bootes,1.1,-0.09,0
6567,217.4416484,33.7122509,0.004793,0.974154,1,698047,-5.415039935788943E-16,-9.465384117506503E-16,9.648014998915773E-16,ILTJ142946.00+334242.3,217.44167157016955,33.71176929187963,2.5298875126259846E-4,6.75090523706828E-5,2.4808448584320863E-4,3.810730865861278E-5,S,1,1,0.428,1.0,0.428,1,3,Bootes,1.03,-0.17,0
6581,217.7325551,34.1732045,1.5604E-4,0.809991,1,1027674,1.974892311085235E-15,-7.680124191048101E-16,9.499890884176251E-16,ILTJ143055.91+341025.0,217.73297491855104,34.17362224664033,2.076008824671381E-4,6.446204452020654E-5,1.9825136454804153E-4,3.593242648400441E-5,M,1,1,1.0816,0.0,,,,Bootes,0.76,0.96,1
6600,219.1334413,34.6414096,5.9048E-5,0.996427,0,1316714,1.7219893329527428E-15,-3.338757908628442E-16,9.37779733021592E-16,ILTJ143631.95+343829.1,219.1331233810076,34.64143250272834,0.012045519694786521,7.766936189856212E-5,0.0124221762466189,4.576720525342584E-5,S,1,1,0.1724,0.0,,,,Bootes,1.61,0.0,0
6602,218.2921491,34.6735228,5.5551E-5,0.995579,0,1350166,2.7373637084913166E-15,-6.090620545048559E-16,1.0337063334943788E-15,ILTJ143310.12+344024.2,218.292147032139,34.67341499507199,4.5560876242098543E-4,6.286741332115819E-5,4.6058495371479246E-4,3.652046859962194E-5,S,1,1,0.4702,0.0,,,,Bootes,0.93,0.29,0
6612,217.2112767,34.8876952,2.1601E-6,0.982587,1,1480455,1.253878218883749E-15,-8.563008250185522E-16,4.6827060023649725E-16,ILTJ142850.72+345314.6,217.21133557632558,34.88740471283767,4.399049836388978E-4,7.837072670577411E-5,4.1572244289993617E-4,4.318414932357605E-5,S,1,1,0.9746,0.0,,,,Bootes,-99.0,-99.0,-1
6626,218.0441154,35.3078544,3.5753E-5,0.996189,1,1739877,1.2664523303912528E-15,-6.277184949195643E-17,6.394051022130936E-16,ILTJ143210.54+351828.2,218.0439153030974,35.307837185496425,2.7868942198646795E-4,7.012725702473803E-5,2.6876402301010516E-4,3.920467129360107E-5,M,1,1,1.133,0.0,,,,Bootes,2.02,-0.22,0
6631,218.5919444,35.4214529,3.2099E-5,0.991999,1,1810331,2.268344719384527E-15,-3.777294792867029E-16,8.695660828813492E-16,ILTJ143421.72+352518.0,218.59049475422117,35.42169172961841,0.028616204939884125,2.84551391220326E-4,0.0133679728052681,4.849394706787704E-5,Z,1,1,0.7765,0.0,,,,Bootes,-99.0,-99.0,1
6635,216.3822535,35.5615879,4.8432E-5,0.994556,1,1893537,3.81970718876225E-16,-1.5172398965810983E-16,2.352031649932861E-16,ILTJ142531.62+353341.4,216.3817431819471,35.56152096787653,0.04608675637275082,3.0253706705298515E-4,0.026237298997122186,7.539230929673858E-5,Z,1,1,0.6877986,1.0,0.6877986,3,4,Bootes,-99.0,-99.0,1
6636,216.4031594,35.5834325,8.57E-4,0.991947,1,1906429,1.7417585990839445E-16,-1.3097140956256707E-16,1.2049611868907735E-16,ILTJ142536.70+353500.2,216.40293586804563,35.58339195082234,0.0010292566901958355,9.318122260480642E-5,9.544555066707608E-4,5.098317482168745E-5,S,1,1,0.9925,0.0,,,,Bootes,2.15,0.07,0
6637,216.3937728,35.5976205,1.8445E-7,0.998132,1,1914649,4.573641669265701E-16,-1.6940359052608068E-16,1.6321007818862504E-16,ILTJ142534.51+353551.2,216.39380702740908,35.597574581249155,0.0057401834936939445,9.061985919813718E-5,0.005704988512456107,5.209276167431319E-5,S,1,1,0.685,1.0,0.685,1,3,Bootes,-99.0,-99.0,-1
6646,217.3892055,32.7726506,1.2222E-5,0.980412,1,195583,7.34146762040708E-15,-1.3034313414523978E-15,3.839577369084298E-15,ILTJ142933.30+324620.5,217.388760792095,32.77238711435773,3.9962420186858235E-4,7.872236479547075E-5,4.447640415828753E-4,4.836924353281849E-5,S,1,1,0.6374,0.0,,,,Bootes,1.52,-0.1,0
6654,218.6517955,33.0163733,1.6808E-4,0.974454,1,327222,2.4794230364841824E-15,-7.119966523700651E-16,1.1245084340482215E-15,ILTJ143436.35+330059.3,218.65147663844442,33.01649027942908,9.153548751336275E-4,8.959964087564711E-5,8.371985796138211E-4,4.868244507393595E-5,S,1,1,0.085,1.0,0.085,1,3,Bootes,0.21,-0.26,0
6669,216.4836116,33.8290124,6.0601E-5,0.837686,1,775095,2.1158165957408445E-15,-1.3667599030378031E-15,8.677219160107754E-16,ILTJ142556.09+334946.9,216.48370360775988,33.82971590911284,0.0067688869940387515,1.6596347027245011E-4,0.005710576619087499,5.0282307871384545E-5,M,1,1,1.0048,0.0,,,,Bootes,0.26,2.94,1
6674,216.3891464,34.0614359,0.0041164,0.984429,0,935415,-8.42635965756999E-16,-1.5735430197855383E-15,1.3227475935018278E-15,ILTJ142533.56+340339.9,216.3898338438173,34.06108727651289,0.00813428174215716,9.53190061056901E-5,0.007485243756488318,5.2001248687883247E-5,S,1,1,0.4392507,1.0,0.4392507,3,4,Bootes,0.02,2.45,1
6682,218.8441078,34.1921639,2.9538E-7,0.336075,1,1040223,4.4269827705544E-15,-4.3499071108536533E-16,1.425356446623547E-15,ILTJ143522.59+341132.0,218.84410745396102,34.19223913743145,1.9983428762952322E-4,5.436300492623784E-5,2.3400756550769037E-4,3.475843437287079E-5,S,1,1,1.3942,0.0,,,,Bootes,1.47,0.43,0
6702,217.5918808,34.8262239,5.7834E-5,0.982889,0,1447292,2.885398823762152E-15,-4.890921874995545E-16,1.283932537721074E-15,ILTJ143021.99+344936.1,217.59162285976063,34.82672039387701,0.0025632385542826465,7.985840294245128E-5,0.002520476953132361,4.5581576789640216E-5,S,1,1,0.1981,0.0,,,,Bootes,-1.51,2.83,1
6703,218.6150951,34.8681627,2.0308E-4,0.928693,1,1470007,3.304664474429949E-15,-5.141429254413609E-16,2.0427573660090097E-15,ILTJ143427.41+345205.5,218.61420482593934,34.86821596837244,2.9064032158155614E-4,5.51322190792302E-5,3.520494047259289E-4,3.600455731619573E-5,S,1,1,0.8613,0.0,,,,Bootes,1.58,-0.01,0
6708,219.3466294,35.374278,2.4925E-5,0.984754,1,1781716,3.679763447092896E-15,-2.9822573486609613E-16,1.8566075165167082E-15,ILTJ143723.32+352227.2,219.34715015474688,35.374242810610326,4.163363201854385E-4,1.0208184605635375E-4,3.107194691629801E-4,4.782022550200341E-5,S,1,1,1.063,1.0,1.063,1,3,Bootes,1.66,0.28,0
6713,217.1401721,32.6101882,0.0014512,0.428299,1,126889,5.423716098670488E-15,-3.625206275426845E-15,3.963487065441542E-15,ILTJ142833.38+323637.5,217.13908453937526,32.61042110266507,0.014265080773197982,1.0741553790868157E-4,0.013045489462092835,5.8380045663915154E-5,S,1,2,1.3685,0.0,,,,Bootes,1.42,2.32,1
6717,217.3875203,32.7671698,1.146E-4,0.956508,1,193171,4.941218800994434E-15,-1.0799265181798752E-15,2.682192269631993E-15,ILTJ142932.99+324559.6,217.38746365119184,32.76657577618302,5.053345205558661E-4,1.261032272331506E-4,3.2504454453267993E-4,5.364084962627374E-5,S,1,1,0.2165696,1.0,0.2165696,2,4,Bootes,-0.84,1.49,1
6723,217.7210053,33.1888589,6.1475E-4,0.927237,1,399167,2.990528635716128E-15,-7.863733841343014E-16,1.912309773048507E-15,ILTJ143053.03+331119.4,217.72096091766048,33.188731879833504,0.0028210645378808803,1.1103587139146532E-4,0.002284721338528589,5.552102775800248E-5,S,1,1,0.169,1.0,0.169,1,3,Bootes,0.57,0.48,0
6742,216.3634527,34.1734494,5.3406E-4,0.845392,1,1028236,3.4814112996791415E-15,-1.5970298190120774E-15,2.3068992600071828E-15,ILTJ142527.20+341028.1,216.36334333700862,34.174492026030045,6.157190164744182E-4,8.470376021237663E-5,6.099070588522325E-4,4.8471052172750146E-5,S,1,1,2.071,1.0,2.071,1,3,Bootes,1.55,1.23,1
6744,216.5634206,34.2370058,1.7334E-4,0.965317,0,1070025,4.944204681663577E-16,-2.504325400833286E-16,3.0346824596232905E-16,ILTJ142615.17+341413.9,216.56318850950765,34.237194283679,0.0010717979845689528,1.7846741492626376E-4,3.6273918818368483E-4,4.646781184262491E-5,S,1,1,1.4092,0.0,,,,Bootes,1.82,0.8,0
6746,217.2086947,34.2584474,3.3563E-5,0.798743,1,1084079,2.846326555764998E-15,-8.55750498594156E-16,1.1324958537192E-15,ILTJ142850.27+341534.1,217.20944583971834,34.25947119919847,5.947506481628648E-4,1.6450483990042985E-4,1.9092916554447936E-4,4.106235414604269E-5,S,1,1,0.717,1.0,0.717,1,3,Bootes,1.24,0.49,0
6749,216.7604205,34.2986634,1.8897E-5,0.940331,1,1109351,3.64506554162348E-15,-4.592441260500284E-16,1.5895085991406119E-15,ILTJ142702.68+341756.9,216.7611804795085,34.299153954231016,5.838297495208158E-4,8.245128164659141E-5,5.992721535211884E-4,4.256951789284358E-5,M,1,1,0.663,1.0,0.663,1,3,Bootes,1.7,-0.09,0
6754,217.8349685,34.4595206,8.1053E-9,0.925294,1,1200665,3.680464551666062E-15,1.0752965241914962E-15,1.0523045940349747E-15,ILTJ143120.42+342734.5,217.83509213591245,34.459585123425505,3.6811238066262114E-4,5.543324873784948E-5,4.4967430544404636E-4,3.974246199140907E-5,M,1,1,1.6791,0.0,,,,Bootes,1.59,0.75,0
6761,217.0557047,34.8756786,4.2613E-4,0.984721,1,1474012,3.1057461313102778E-15,-9.207340352769962E-16,1.797932618514226E-15,ILTJ142813.39+345233.8,217.055798754939,34.87607673938571,1.9112454603700569E-4,7.698398102195068E-5,1.6522787255721842E-4,3.807272777711705E-5,M,1,1,0.502,0.0,,,,Bootes,1.04,-0.15,0
6781,216.3840394,33.5767374,1.308E-4,0.957095,1,609322,5.3589951137167E-15,1.1325867339005063E-14,-2.5651685212667143E-16,ILTJ142532.32+333437.0,216.3846577404092,33.57696500666266,0.0024939108942038514,1.0991651203162756E-4,0.0018678117018262762,5.208403293198981E-5,S,1,1,0.1937039,1.0,0.1937039,3,4,Bootes,0.92,0.17,0
6785,217.5493019,34.1456038,5.0016E-6,0.984085,0,1009091,2.194869928986602E-15,3.5989492979776335E-15,-4.029164690819008E-17,ILTJ143011.74+340844.9,217.54892409003665,34.145820363050966,2.874590625379335E-4,5.674533884738204E-5,3.0457799725272093E-4,3.4021249136882536E-5,S,1,1,0.578,1.0,0.578,1,3,Bootes,1.2,-0.01,0
6793,218.6949604,35.0846842,1.1545E-4,0.956634,1,1586715,2.7590361413860356E-15,5.116101022373742E-15,-3.344312292340085E-16,ILTJ143446.85+350506.2,218.69520986414742,35.085062991927714,5.163186069170153E-4,1.0647934002789173E-4,2.823432752372511E-4,3.938399988692254E-5,M,1,1,0.735,1.0,0.735,1,3,Bootes,1.43,0.24,0
6800,218.2926844,33.0000974,0.0016455,0.957018,1,320039,4.096429713210761E-16,1.4494088111125647E-15,-3.0627785458660114E-17,ILTJ143310.43+325958.5,218.2934709082053,32.99959871768333,4.3373380262807143E-4,8.398993590410358E-5,4.122779345179847E-4,4.6773940578576696E-5,S,1,1,1.1262,0.0,,,,Bootes,1.21,0.84,1
6807,217.2750888,33.6756098,1.8932E-4,0.50271,1,673434,1.0537080886337999E-15,2.5885777531110623E-15,-2.5942437942272014E-17,ILTJ142906.13+334030.6,217.27553906016266,33.67517117657406,2.607822827076012E-4,6.184605938852966E-5,2.9366527515961154E-4,3.8360740280371995E-5,S,1,1,0.9031,0.0,,,,Bootes,1.63,-0.06,0
6813,218.146053,34.661519,1.7292E-5,0.996674,1,1337810,1.4196624197059937E-15,2.52673900963827E-15,-4.012721787832307E-17,ILTJ143235.06+343942.0,218.146084005813,34.661674886438924,4.7751451331259735E-4,1.0398863769123854E-4,2.906625897991138E-4,4.197103642865567E-5,S,1,1,0.6729,0.0,,,,Bootes,1.38,0.17,0
6816,216.5102477,35.3804073,8.9827E-7,0.64954,1,1784998,4.97614637196534E-15,7.8092240462009E-15,-3.1028258487186223E-16,ILTJ142602.58+352246.5,216.51075167815853,35.379605731300664,4.622318266150596E-4,8.763795096443697E-5,4.120086545896201E-4,4.639886429962204E-5,S,1,1,1.1421,0.0,,,,Bootes,1.66,0.4,0
6817,217.0137258,35.4813694,4.4373E-5,0.011816,1,1846049,3.4854935657725488E-15,6.056556464929832E-15,-1.767131687400907E-16,ILTJ142802.68+352852.9,217.0111680606102,35.48136368975017,3.0014707933228175E-4,8.39234894290383E-5,2.7453335441508916E-4,4.5289421887006456E-5,S,1,1,1.5479,0.0,,,,Bootes,1.86,0.29,0
6825,216.2645028,33.6239214,8.0846E-20,0.992168,1,639822,4.5909549911359476E-14,1.9094319437416382E-14,1.3322319186041621E-14,ILTJ142503.50+333725.7,216.26459813888582,33.62381804834563,6.335987398288332E-4,1.138753610531344E-4,4.5662392744193577E-4,5.2342845617891276E-5,S,1,1,0.776,1.0,0.776,1,3,Bootes,0.98,0.87,1
6837,216.2245774,34.0653078,1.1842E-5,0.935792,0,940844,5.850000025355043E-15,7.007278829250271E-15,-2.140218812441608E-16,ILTJ142453.81+340357.0,216.22420783631262,34.06584735491106,3.1189223637473996E-4,8.22718334542684E-5,3.198604295151405E-4,4.813123813273743E-5,S,1,1,0.6236,0.0,,,,Bootes,0.94,0.39,0
6846,216.7719524,34.6701272,3.7668E-6,0.967679,0,1346462,3.315936392835746E-15,-1.1170188128287424E-15,4.561137328779887E-16,ILTJ142705.37+344011.4,216.7723677470305,34.66983750529955,3.125545869086442E-4,9.636857001116027E-5,2.3802987522029184E-4,4.580883384484354E-5,S,1,1,1.5786,0.0,,,,Bootes,2.02,0.16,0
6850,216.9226607,32.9092522,7.4748E-6,0.871724,1,269128,3.830091400388196E-15,-4.744529572366112E-16,8.82738465644842E-16,ILTJ142741.62+325431.8,216.92342939245827,32.908838315782404,0.0018727057954641142,9.590935661894052E-5,0.0017482707466747287,5.285786938423038E-5,S,1,1,1.3972,0.0,,,,Bootes,0.44,2.52,1
6864,218.0629941,34.0167106,1.4059E-19,0.987868,1,899411,1.435564657180954E-14,1.1091606946829522E-14,3.997507406414366E-15,ILTJ143215.15+340100.0,218.0631396581249,34.01669255472476,1.9869189098924516E-4,6.310871765171219E-5,2.0024569572220502E-4,3.6417320603143406E-5,S,1,1,1.112,1.0,1.112,1,3,Bootes,1.83,-0.18,0
6885,219.2809524,34.31428,7.0587E-13,0.815157,0,1117765,2.4747575034480618E-14,-5.339143772844424E-15,1.1275241265396093E-14,ILTJ143707.01+341849.8,219.27921811571605,34.31384394023526,0.010592743659263602,7.541095166444394E-5,0.010135197451499434,4.22432553534877E-5,S,1,1,0.1220354,1.0,0.1220354,3,4,Bootes,-99.0,-99.0,-1
6888,219.5634107,33.8614245,1.4983E-39,0.998043,1,795443,8.66914875446998E-14,4.089846462185151E-14,2.976927975858566E-14,ILTJ143815.19+335140.8,219.5632930060915,33.86133322369167,0.0012002343784438187,1.0720921912814618E-4,0.0010066807002364,5.485412881069192E-5,S,1,1,0.721,1.0,0.721,1,3,Bootes,1.82,0.17,0
,149.77076122199605,1.7465918827598907,1.0E-8,0.9930059,,,4.7963999579795497E-14,2.9994198991927304E-14,1.3587800149091316E-14,,149.770786,1.746605,13.0815,,,,,,,1.2642,,,,,COSMOS,,0.0,0
,149.8201109482885,1.7615737249139372,1.0E-8,0.99425286,,,1.9524400813545478E-14,1.968179986393606E-14,3.3660100412919976E-15,,149.820135,1.761588,48.3628,,,,,,,1.44,,,,,COSMOS,1.259,1.0,1
,149.5864218936198,1.7693215249580558,1.0E-8,0.98715633,,,2.4319600017619E-14,3.6549698678852924E-14,1.824820041235642E-15,,149.586431,1.769319,56.98761,,,,,,,0.7855,,,,,COSMOS,2.416,0.0,0
,149.81271121973637,1.8239614502951167,1.0E-8,0.98915553,,,6.422169924764215E-15,3.536459963575638E-15,1.7740699563217823E-15,,149.812725,1.823974,36.32178,,,,,,,0.53,,,,,COSMOS,1.161,0.0,0
,149.816866090247,1.846707858996904,1.0E-8,0.99470574,,,1.9881499739712524E-14,1.3980599819919236E-14,5.10827994555413E-15,,149.816881,1.8467,17.33397,,,,,,,1.0337,,,,,COSMOS,1.875,0.0,0
,149.7160320271961,1.863191593932616,1.0E-8,0.9673499,,,4.589919922273495E-15,5.5658899188247395E-15,4.900600172381584E-16,,149.716096,1.863202,27.82641,,,,,,,2.448,,,,,COSMOS,1.675,0.0,0
,149.57537905326546,1.873641311499868,1.176836E-14,0.98697,,,3.1110599004320312E-15,1.3190700091990186E-15,8.330519802455985E-16,,149.575391,1.873661,44.42692,,,,,,,1.4223,,,,,COSMOS,2.043,1.0,1
,149.67497381047903,1.91190735880085,1.0E-8,0.997039,,,1.3987099950756466E-14,1.7711899384219992E-14,1.8812400588193038E-15,,149.675028,1.911796,16.08201,,,,,,,1.315,,,,,COSMOS,1.558,0.0,0
,149.66080820472425,1.6372586923145311,7.54908E-9,0.7842987,,,2.272130093867639E-15,0.0,7.565200123623307E-16,,149.660808,1.637259,52.41511,,,,,,,6.062,,,,,COSMOS,2.671,0.0,0
,149.49103199033084,1.6787868370846166,1.0E-8,0.98212665,,,5.753589878837451E-15,4.186190138294205E-15,1.204790018021363E-15,,149.491038,1.678813,15.8483,,,,,,,1.45,,,,,COSMOS,3.009,0.0,0
,149.8045613804526,1.7581222839051869,1.0E-8,0.990528,,,7.463650296489054E-15,8.931749823526836E-15,1.0070200009361006E-15,,149.804588,1.758124,27.84937,,,,,,,2.612,,,,,COSMOS,1.614,0.0,0
,149.52977448084152,1.78570795424209,1.0E-8,0.99634135,,,3.017590111164051E-14,2.611790009255082E-14,6.652230002469114E-15,,149.529785,1.785705,18.39448,,,,,,,1.115,,,,,COSMOS,1.544,0.0,0
,149.47096236380673,1.7943931628065064,1.0E-8,0.98650914,,,2.133499980687143E-14,1.087749969985079E-14,6.4467499738605875E-15,,149.471056,1.794419,15.50949,,,,,,,1.8826,,,,,COSMOS,1.395,0.0,0
,149.69175030154923,1.818170074847263,1.0E-8,0.963193,,,5.310880062141992E-15,5.367549954445093E-15,9.759690436391788E-16,,149.691776,1.818185,54.96649,,,,,,,0.738,,,,,COSMOS,-3.231,1.0,1
,149.52412450729034,1.8346660159792063,1.0E-8,0.96918863,,,9.788129779354088E-15,9.792020201680827E-15,1.7482100404421085E-15,,149.52413,1.834671,14.45564,,,,,,,0.816,,,,,COSMOS,-0.1221,1.0,1
,149.5171499161306,1.8634727201849963,1.0E-8,0.99229413,,,2.5852699158963183E-14,1.4791900682293614E-14,7.248979960402819E-15,,149.517164,1.86347,22.44776,,,,,,,1.377,,,,,COSMOS,1.688,0.0,0
,149.70965760572477,1.8831194728083345,1.0E-8,0.98134726,,,2.9470800393159927E-15,2.7710299587015803E-15,6.506669931582304E-16,,149.709684,1.883122,30.75557,,,,,,,1.5898,,,,,COSMOS,-2.644,1.0,1
,149.63764241652427,1.90684274823724,5.850875E-14,0.9788247,,,2.3047899902478705E-15,1.9220299891855187E-15,4.458850255773601E-16,,149.637625,1.906827,15.87397,,,,,,,0.691,,,,,COSMOS,1.421,0.0,0
,149.78042640773268,1.6335533858070284,3.879144E-7,0.98719025,,,2.943879948841266E-15,0.0,7.608990138809578E-16,,149.780438,1.633546,15.48588,,,,,,,1.527,,,,,COSMOS,1.292,0.0,0
,149.72779534998105,1.7189365236642196,1.0E-8,0.7932167,,,8.10523963755156E-15,6.069530203547989E-15,2.120999934319685E-15,,149.727818,1.718978,17.89881,,,,,,,2.5162,,,,,COSMOS,1.912,1.0,1
,149.50601381230652,1.8091346558869137,1.0E-8,0.99673593,,,1.6989500558890584E-14,1.081299983498327E-14,4.580760107981887E-15,,149.506024,1.809148,15.97004,,,,,,,2.402,,,,,COSMOS,2.883,0.0,0
,149.51721359878687,1.607258903930369,4.718448E-14,0.9667087,,,8.093470114749462E-15,6.267530084199313E-15,1.1860100270313142E-15,,149.517183,1.607254,16.29734,,,,,,,0.6405,,,,,COSMOS,-0.1749,0.0,0
,149.50934134719776,1.649172992085143,1.110223E-16,0.96487916,,,1.004069975763227E-14,6.1449999921154E-15,2.472750059183057E-15,,149.509321,1.649199,14.64302,,,,,,,1.095,,,,,COSMOS,0.3685,0.0,0
,149.6796167624627,1.7334239403959422,8.293366E-13,0.51494753,,,2.7842699307001123E-15,1.5171599929801063E-15,5.167599780432717E-16,,149.679639,1.733425,26.74521,,,,,,,3.06,,,,,COSMOS,1.292,0.0,0
,149.61511804019,1.7895482309388535,5.099543E-11,0.98111314,,,2.7898499719983868E-15,0.0,8.576560109622901E-16,,149.615128,1.789538,150.8037,,,,,,,1.039,,,,,COSMOS,2.271,0.0,0
,149.50690900196506,1.812102931585733,1.110223E-16,0.9041189,,,5.899949972342942E-15,3.8203799017811225E-15,1.4632699569307748E-15,,149.506914,1.812114,20.46224,,,,,,,0.526,,,,,COSMOS,1.916,0.0,0
,149.5278524393495,1.817141529164905,7.093465E-7,0.9278234,,,2.827449976285242E-15,0.0,9.154279990088881E-16,,149.527848,1.817166,260.4611,,,,,,,0.7857,,,,,COSMOS,-0.2388,1.0,1
,149.7445079108232,1.8194213023879413,8.693528E-8,0.96046025,,,3.236310027067814E-15,0.0,1.0065400508923626E-15,,149.744523,1.819444,11.19895,,,,,,,1.272,,,,,COSMOS,1.659,0.0,0
,149.5685407001174,1.7360528191818885,6.014032E-8,0.9747977,,,1.6169200394968103E-15,2.7519300010157063E-15,0.0,,149.56856,1.73605,12.53384,,,,,,,0.8704,,,,,COSMOS,-2.488,0.0,0
,149.6882702840011,1.678535560931633,9.41429E-7,0.9738806,,,1.3681199931086206E-15,1.8703099456679343E-15,0.0,,149.68827,1.67854,138.1546,,,,,,,0.22,,,,,COSMOS,0.02514,1.0,1
,149.61254260659842,1.8603070428564068,2.752074E-8,0.97295904,,,1.8122399079030212E-15,0.0,3.6382799412805055E-16,,149.612541,1.860319,15.36809,,,,,,,1.229,,,,,COSMOS,-0.6434,1.0,1
,149.83052770965526,1.902139453680764,3.19693E-8,0.9780373,,,2.0851499001018573E-15,3.2950100455872476E-15,0.0,,149.830551,1.902133,25.97816,,,,,,,0.7335548,,,,,COSMOS,0.9685,0.0,0
,149.80342778339048,1.861124181463121,3.107298E-6,0.9179126,,,1.1529900357693814E-15,9.00263991670668E-16,1.445190012201852E-16,,149.803448,1.861137,16.3135,,,,,,,3.2896,,,,,COSMOS,1.417,0.0,0
,149.69718584135995,1.905180224488299,1.0E-8,0.9784869,,,4.352610089573047E-15,7.997499587759655E-15,0.0,,149.697203,1.905187,29.47483,,,,,,,0.663,,,,,COSMOS,1.91,0.0,0
,149.52153556010614,1.777751806025171,4.464829E-10,0.71401376,,,3.415090094871227E-15,5.637750076487426E-15,0.0,,149.521518,1.777721,24.83923,,,,,,,,,,,,COSMOS,,0.0,0
,149.58678939868267,1.626799485852937,1.387153E-10,0.8459642,,,2.960080089232215E-15,4.872189840297728E-15,0.0,,149.58673,1.626853,33.31593,,,,,,,1.3563,,,,,COSMOS,2.142,0.0,0
,149.80797555906662,1.825713481420296,9.9586E-7,0.6139889,,,1.882980076251201E-15,2.611850021539395E-15,0.0,,149.808004,1.825728,16.64509,,,,,,,1.0796,,,,,COSMOS,0.9671,0.0,0
,149.79568522015995,1.7473615345781752,2.788879E-6,0.70048326,,,1.7393800396043376E-15,0.0,3.6370599491386633E-16,,149.795731,1.747353,17.05681,,,,,,,,,,,,COSMOS,,0.0,0
,149.77780814860617,1.7362467729053888,-1.0,0.95194584,,,9.676290513613945E-16,0.0,3.236110021413144E-16,,149.777831,1.736267,49.80481,,,,,,,0.4293,,,,,COSMOS,-0.2867,0.0,0
,149.6545804711296,1.9597188756548567,8.365266E-8,0.9279106,,,2.181770101362208E-15,0.0,6.465610009464152E-16,,149.654552,1.959771,21.2721,,,,,,,0.7501,,,,,COSMOS,0.452,0.0,0
,149.73835605887797,1.9787445136978312,1.0E-8,0.99488205,,,1.8816999553580155E-14,3.148819909242623E-14,8.520409766153822E-16,,149.738367,1.978761,43.52672,,,,,,,0.526,,,,,COSMOS,-0.1857,0.0,0
,149.62584763771383,1.981265295736609,1.0E-8,0.9838543,,,3.3446999628885003E-15,3.703180188034281E-15,5.056969865983017E-16,,149.625847,1.981283,48.93797,,,,,,,3.96,,,,,COSMOS,1.441,0.0,0
,149.57037373963314,1.990555783427136,1.0E-8,0.99853045,,,3.018230129258996E-14,2.2153999351703403E-14,7.54559988710296E-15,,149.570372,1.990575,19.2775,,,,,,,1.0,,,,,COSMOS,1.134,0.0,0
,149.63931633102715,2.003176159984624,1.0E-8,0.98649156,,,1.9386400511712913E-14,1.6237999375559413E-14,4.277740000332292E-15,,149.639287,2.00318,46.37105,,,,,,,2.622,,,,,COSMOS,2.679,0.0,0
,149.8182917705758,2.0530311591975687,1.0E-8,0.9980528,,,1.504640020162564E-14,1.0358099943627401E-14,3.8622999858572114E-15,,149.818262,2.053038,13.56793,,,,,,,1.229,,,,,COSMOS,1.889,0.0,0
,149.7376516159429,2.0651937196078136,1.0E-8,0.9949143,,,1.7829499744550885E-14,1.0860499748599397E-14,5.009249935558841E-15,,149.73766,2.065198,40.13673,,,,,,,0.678,,,,,COSMOS,2.238,0.0,0
,149.4914751201699,2.0751498962994543,1.0E-8,0.99726516,,,2.305150021602101E-14,1.9299000264083425E-14,5.116309817894101E-15,,149.491478,2.075144,16.81733,,,,,,,1.379,,,,,COSMOS,2.086,0.0,0
,149.83017083254583,2.08904163915776,2.939525E-10,0.97625786,,,2.574060070114118E-15,0.0,7.590420000232211E-16,,149.830225,2.089122,19.69623,,,,,,,1.4383063,,,,,COSMOS,1.08,1.0,1
,149.86731688934438,2.1063435266253387,1.0E-8,0.9914018,,,9.150290253149077E-15,9.057459677294741E-15,1.7038600305985837E-15,,149.86733,2.106333,38.27972,,,,,,,1.053,,,,,COSMOS,1.037,0.0,0
,149.87660390235226,2.115596656488098,1.0E-8,0.89604473,,,8.045889733003346E-15,5.38737010189437E-15,2.2393399661717675E-15,,149.876608,2.115567,14.40051,,,,,,,2.226,,,,,COSMOS,,0.0,0
,149.70180604608993,2.1218207708159182,1.0E-8,0.96786785,,,8.819889805479486E-15,5.74235017514386E-15,2.049739899500128E-15,,149.701795,2.121823,27.075,,,,,,,0.89,,,,,COSMOS,0.9254,0.0,0
,149.80631830868842,2.145408262696092,1.0E-8,0.99609697,,,1.0300999758587094E-14,7.124810012533022E-15,2.606970052972026E-15,,149.806326,2.145421,12.10346,,,,,,,4.8912,,,,,COSMOS,1.473,0.0,0
,149.63818064610797,2.1495889574139047,1.0E-8,0.9979189,,,1.3624299645821451E-14,1.1199600071670236E-14,3.2054600283376285E-15,,149.638207,2.149599,13.61857,,,,,,,0.952,,,,,COSMOS,-0.01152,0.0,0
,149.70991100303223,2.1550204153473795,1.0E-8,0.9936865,,,5.298089864638452E-15,8.50192973070622E-15,2.823829969226914E-16,,149.709924,2.155017,43.94714,,,,,,,1.845,,,,,COSMOS,,1.0,1
,149.87615522524982,2.166695817566687,1.0E-8,0.937239,,,1.7696800174902237E-14,8.604509655783452E-15,5.5880999697346945E-15,,149.876155,2.166708,15.16069,,,,,,,2.415,,,,,COSMOS,1.465,0.0,0
,149.76244612799758,2.1800710939076704,1.0E-8,0.99293536,,,1.1225399848210655E-14,8.365289763786945E-15,2.8461799923314027E-15,,149.762442,2.180065,23.95352,,,,,,,0.34,,,,,COSMOS,-0.6162,0.0,0
,149.73398737849044,2.2192743431167483,1.0E-8,0.99115056,,,1.9131499498763888E-14,1.2302700396241931E-14,4.83326020604192E-15,,149.733994,2.219261,25.51769,,,,,,,1.211,,,,,COSMOS,0.4335,0.0,0
,149.53004342691395,2.222073840308058,1.0E-8,0.98548895,,,1.0859700149497189E-14,6.6537500030929616E-15,3.0437999787058826E-15,,149.53005,2.222075,17.93224,,,,,,,2.361,,,,,COSMOS,2.584,0.0,0
,149.77910071173022,2.2327466785871803,1.0E-8,0.9678616,,,5.6928199235531645E-15,4.761630017824413E-15,1.0885299814503819E-15,,149.77909,2.232729,21.86935,,,,,,,0.762,,,,,COSMOS,-12.09,1.0,1
,149.72701341918483,2.234432143946376,1.0E-8,0.99186367,,,1.1580599726509957E-14,1.3821000177931687E-14,1.5543199636508629E-15,,149.727012,2.234421,27.82661,,,,,,,0.483,,,,,COSMOS,-0.3216,0.0,0
,149.57238778902487,2.262669247606021,1.0E-8,0.9976568,,,1.1711100398627532E-14,1.711649959680421E-14,7.355870224390391E-16,,149.572387,2.262683,1825.48,,,,,,,0.706,,,,,COSMOS,1.057,1.0,1
,149.69585139196357,2.264500679679214,1.0E-8,0.9372059,,,4.1664100555033334E-14,3.9194701358189615E-14,8.504969731953915E-15,,149.695868,2.2645,103.9637,,,,,,,0.55,,,,,COSMOS,-1.853,0.0,0
,149.66253771841943,2.269576406679892,1.0E-8,0.9445346,,,1.0437200115406744E-14,7.462100226195579E-15,2.7371600757561962E-15,,149.662524,2.269598,14.10845,,,,,,,0.675,,,,,COSMOS,-0.3326,0.0,0
,149.8340491285653,2.3087152857422044,1.0E-8,0.9971802,,,2.6796500538243603E-14,2.0546000474965312E-14,6.686940142098174E-15,,149.834041,2.30873,99.52625,,,,,,,1.162,,,,,COSMOS,0.7824,0.0,0
,149.78976610684475,2.321206070259497,1.0E-8,0.99801254,,,6.189019701461143E-14,3.4433898468038196E-14,1.8225699405629084E-14,,149.789758,2.321216,20.62343,,,,,,,0.378,,,,,COSMOS,3.225,0.0,0
,149.48694568867413,2.3264192945512416,1.0E-8,0.99033874,,,4.656069807322267E-15,3.829540139589204E-15,7.734609889447719E-16,,149.48696,2.326429,43.60769,,,,,,,0.84,,,,,COSMOS,0.3418,0.0,0
,149.79376769393613,2.327211440157876,1.0E-8,0.9597617,,,8.529189792047705E-15,8.674169645365645E-15,1.3869400064054271E-15,,149.793761,2.327203,46.57438,,,,,,,0.8999149,,,,,COSMOS,1.289,1.0,1
,149.7916199877131,2.338202846804484,1.0E-8,0.99493176,,,1.1663199838427354E-14,6.141060018361247E-15,3.3211399532188587E-15,,149.791609,2.338213,26.75202,,,,,,,1.0107826,,,,,COSMOS,2.971,0.0,0
,149.6317511875491,2.371722068100988,1.0E-8,0.9447639,,,1.6515900721158182E-14,1.0098099792335904E-14,4.8054601611965606E-15,,149.631737,2.371708,15.35811,,,,,,,0.93,,,,,COSMOS,0.2384,0.0,0
,149.64842862424177,2.3789263551022355,6.451308E-8,0.9741888,,,1.0351200013239067E-15,0.0,4.238179908865931E-16,,149.648359,2.379039,16.73795,,,,,,,0.824,,,,,COSMOS,-0.251,0.0,0
,149.6460586832822,2.388029620905897,1.0E-8,0.9982929,,,4.404250130828763E-14,5.428519978911521E-14,5.704060050763229E-15,,149.64603,2.388041,92.3811,,,,,,,1.845,,,,,COSMOS,0.8456,0.0,0
,149.6886587807495,2.4118331164462985,1.0E-8,0.99325764,,,1.770059996470362E-14,1.2302700396241931E-14,4.600659876528206E-15,,149.688717,2.411779,11.8232,,,,,,,1.122,,,,,COSMOS,0.2245,0.0,0
,149.78111005841455,1.9321497726965209,1.052147E-11,0.9797635,,,2.8760199042719876E-15,2.8549899820157947E-15,4.594550227879661E-16,,149.781124,1.932168,1538.633,,,,,,,1.778,,,,,COSMOS,1.771,1.0,1
,149.8239161320794,1.9996261414761112,5.131573E-7,0.98751134,,,1.6971100250419142E-15,0.0,4.58371985285783E-16,,149.823927,1.999644,15.98222,,,,,,,1.7554,,,,,COSMOS,1.787,0.0,0
,149.5786863322267,2.001765891859905,4.196643E-14,0.97608835,,,2.9268999028641326E-15,0.0,9.57547982860529E-16,,149.578674,2.001787,19.98405,,,,,,,0.987,,,,,COSMOS,0.5965,0.0,0
,149.56126591929842,2.0091424393423103,1.638715E-8,0.97262865,,,2.6462200774401328E-15,2.151510061079785E-15,5.245720040971205E-16,,149.561261,2.009161,13.86944,,,,,,,0.93,,,,,COSMOS,-1.41,0.0,0
,149.55424304585767,2.0662735688979703,1.0E-8,0.97126716,,,6.898160089473769E-15,5.5931897907147456E-15,1.5576899901106325E-15,,149.554246,2.066288,16.99909,,,,,,,1.725,,,,,COSMOS,1.599,1.0,1
,149.5163499198165,2.078984389661473,1.0E-8,0.7864506,,,1.1732999588445845E-14,1.0020199866242821E-14,2.630040054081681E-15,,149.516359,2.078992,33.47735,,,,,,,3.029,,,,,COSMOS,0.6906,0.0,0
,149.6868684370784,2.1833978666144374,1.0E-8,0.9763201,,,3.500760065947711E-15,2.8861599474418057E-15,7.701939828672121E-16,,149.686883,2.183396,33.07485,,,,,,,0.633,,,,,COSMOS,1.892,0.0,0
,149.76523854546122,2.190940559897828,1.0E-8,0.99604326,,,6.720350086153199E-15,9.432320037332763E-15,6.729160075837591E-16,,149.765262,2.190901,12.88267,,,,,,,1.26,,,,,COSMOS,1.069,0.0,0
,149.85293778513042,2.205796736548143,4.639327E-10,0.97452366,,,1.953879910309938E-15,1.7363999659376602E-15,3.5465301265273077E-16,,149.852932,2.20581,15.87554,,,,,,,0.948,,,,,COSMOS,-1.875,1.0,1
,149.7892028177659,2.20978665189625,4.51916E-9,0.9732883,,,2.956969996008134E-15,3.783660176484701E-15,4.2543201216758617E-16,,149.7892,2.209786,24.55893,,,,,,,0.8349,,,,,COSMOS,1.19,0.0,0
,149.64881420772647,2.232749148281366,1.0E-8,0.9674927,,,5.7395697894944975E-15,4.81355991375468E-15,1.1830800341876432E-15,,149.648806,2.232746,259.0491,,,,,,,0.673,,,,,COSMOS,0.4636,1.0,1
,149.59694935086128,2.2487796742222623,7.233103E-13,0.9123087,,,5.027329853817984E-15,3.9022901053629815E-15,9.863359857597426E-16,,149.596956,2.248789,44.79154,,,,,,,2.547,,,,,COSMOS,2.677,1.0,1
,149.5087302296036,2.2613770197887604,1.0E-8,0.9774547,,,5.806739925728237E-15,2.7742400018134373E-15,1.7501400050124274E-15,,149.50874,2.26138,1220.00009,,,,,,,0.943,,,,,COSMOS,-1.167,1.0,1
,149.6932724188778,2.267455579470728,1.0E-8,0.8963465,,,8.798990114538933E-15,5.751590034048983E-15,2.5041900163610053E-15,,149.693235,2.267478,2898.435,,,,,,,0.905,,,,,COSMOS,1.09,1.0,1
,149.59709720978174,2.4412336641971843,1.0E-8,0.97127205,,,5.3678701328991555E-15,7.0113999241921965E-15,5.933290036179819E-16,,149.597106,2.44123,46160.0013,,,,,,,1.168,,,,,COSMOS,1.081,1.0,1
,149.80907932776583,2.480271029694988,1.0E-8,0.91210145,,,4.932609970974798E-15,6.332840136080882E-15,5.058470173090841E-16,,149.80908,2.480303,54.48948,,,,,,,1.5826377,,,,,COSMOS,2.102,1.0,1
,149.57224479780697,1.9550319339904327,1.0E-8,0.98860765,,,4.6497899050513235E-15,1.5648800292834006E-15,1.5118899657405268E-15,,149.57225,1.955009,18.40252,,,,,,,0.81051,,,,,COSMOS,1.682,0.0,0
,149.83747290882798,1.9718507337128872,6.77236E-15,0.9798456,,,2.1456600280295732E-15,1.427220022937395E-15,4.688859935018139E-16,,149.837485,1.971851,30.64127,,,,,,,1.02,,,,,COSMOS,1.397,0.0,0
,149.74060465439342,2.1144069808130337,1.0E-8,0.95925754,,,3.8377999813743544E-15,2.7370300561987927E-15,9.231969852011046E-16,,149.740616,2.11441,11.93336,,,,,,,2.1416,,,,,COSMOS,-2.772,0.0,0
,149.48063196518328,2.128854223937398,1.0E-8,0.974074,,,8.348060266606845E-15,6.48770020521207E-15,1.870870046204306E-15,,149.480624,2.128841,27.18031,,,,,,,1.096,,,,,COSMOS,-0.1926,0.0,0
,149.81514626482024,2.149052705011381,7.307946E-10,0.97942966,,,1.852270049715549E-15,0.0,5.224539982125111E-16,,149.815146,2.149067,104.4334,,,,,,,0.168,,,,,COSMOS,0.8423,0.0,0
,149.8215862249852,2.1518825799185426,1.0E-8,0.9719934,,,4.034040151077757E-15,2.60415006853238E-15,1.0895999958210009E-15,,149.821588,2.151898,14.75514,,,,,,,1.052,,,,,COSMOS,-1.824,0.0,0
,149.6441444979849,2.359180490015049,6.017697E-11,0.97746444,,,3.093940094018601E-15,0.0,1.1148600006157818E-15,,149.644123,2.359209,19.53345,,,,,,,0.953,,,,,COSMOS,0.243,0.0,0
,149.83900535131016,2.4077665740253904,1.0E-8,0.99127257,,,3.4609601053385997E-15,0.0,1.0976900075002267E-15,,149.838995,2.407779,124.6511,,,,,,,0.733,,,,,COSMOS,-5.139,1.0,1
,149.61069175100727,2.4108278378892702,1.942053E-6,0.9652785,,,1.400199989557338E-15,0.0,5.311410093008736E-16,,149.610688,2.410808,21.33073,,,,,,,2.21244,,,,,COSMOS,1.46,0.0,0
,149.75867383571403,2.476991710053076,1.0E-8,0.9820694,,,4.7254900865803875E-15,3.696040123805401E-15,9.549590266572463E-16,,149.75868,2.476993,22.94361,,,,,,,1.533,,,,,COSMOS,2.689,0.0,0
,149.58125785673028,1.992333015451644,1.061639E-9,0.98019564,,,2.4617199961439115E-15,0.0,8.479850122870142E-16,,149.581241,1.992353,12.88609,,,,,,,1.332,,,,,COSMOS,-1.849,0.0,0
,149.5810352556039,2.0067523627276462,2.156899E-10,0.9607551,,,1.981750047131683E-15,0.0,5.985909840445624E-16,,149.581064,2.006841,14.41437,,,,,,,1.171,,,,,COSMOS,1.23,0.0,0
,149.62107403713003,2.079607491163385,6.709887E-10,0.963936,,,2.0561699383609723E-15,2.220580092214216E-15,2.517200071853917E-16,,149.621073,2.079609,48.00109,,,,,,,1.4519149,,,,,COSMOS,0.9127,1.0,1
,149.85487255652137,2.111895327762574,4.576806E-11,0.9939319,,,2.7861200624151525E-15,2.245540035587432E-15,5.301990027844084E-16,,149.85487,2.11188,12.97371,,,,,,,,,,,,COSMOS,-13.87,0.0,0
,149.8188412300376,2.162310506678765,9.375134E-11,0.9763813,,,2.006849962699433E-15,0.0,7.720640198565127E-16,,149.818841,2.162323,176.2858,,,,,,,0.354,,,,,COSMOS,0.01927,1.0,1
,149.5133806074693,2.2326070872575063,1.584857E-9,0.9793004,,,2.110600063793297E-15,0.0,6.099909887234212E-16,,149.513372,2.232611,13523.29,,,,,,,2.5909,,,,,COSMOS,1.821,1.0,1
,149.44539081685073,2.360477371744779,1.110223E-16,0.978719,,,4.012910067175551E-15,1.5243399736366257E-15,1.2455900069038264E-15,,149.445383,2.360477,445.3147,,,,,,,0.34,,,,,COSMOS,2.086,0.0,0
,149.82381357305343,2.385383272112676,1.0E-8,0.9673723,,,5.7191999176624524E-15,3.713339924720123E-15,1.525600041024785E-15,,149.823808,2.385394,29.07658,,,,,,,1.234,,,,,COSMOS,0.3147,1.0,1
,149.79359619438193,2.2320652049341265,3.220129E-6,0.9732767,,,1.970899978593829E-15,0.0,3.635730107411474E-16,,149.793588,2.232068,39.64586,,,,,,,0.76,,,,,COSMOS,1.715,0.0,0
,149.6495099665126,2.3860724220310376,7.718048E-12,0.9566626,,,2.256480101375932E-15,4.137390029104043E-15,0.0,,149.649505,2.386076,18.76278,,,,,,,0.957,,,,,COSMOS,-0.3098,0.0,0
,149.6425100685362,2.4159269826083265,1.0E-8,0.9879674,,,9.436040206037104E-15,1.470329934194492E-14,2.306739913032009E-16,,149.642526,2.415906,11.30758,,,,,,,0.956,,,,,COSMOS,0.5765,0.0,0
,149.4939638303654,2.0400541783383126,1.098743E-9,0.9768394,,,2.6969399868052467E-15,3.147370085298455E-15,2.5445100022601717E-16,,149.493982,2.040081,169.4077,,,,,,,0.979,,,,,COSMOS,-0.2697,1.0,1
,149.67312196015268,2.0786409458082176,9.703047E-7,0.9686936,,,2.0799198951690356E-15,4.27398002107943E-15,0.0,,149.673116,2.078656,93.27868,,,,,,,1.798,,,,,COSMOS,1.256,1.0,1
,149.52746257231166,2.091635220250879,9.442334E-7,0.9767278,,,1.4268999503624512E-15,2.3528599570374993E-15,0.0,,149.527461,2.091639,34.27069,,,,,,,2.423,,,,,COSMOS,1.606,1.0,1
,149.65397135419093,2.1072685908331765,4.746521E-7,0.97130686,,,1.8184799996254436E-15,1.7357400213926307E-15,0.0,,149.653983,2.107269,57.26772,,,,,,,2.182,,,,,COSMOS,1.3,0.0,0
,149.7488808811384,2.274320222006044,2.216825E-7,0.63038456,,,1.706799976079385E-15,0.0,3.9481100350073476E-16,,149.748874,2.274306,16.68857,,,,,,,2.151,,,,,COSMOS,1.674,0.0,0
,149.45629702398912,2.276594194366512,2.609602E-8,0.9294332,,,4.1252198597178935E-15,3.7736402002351566E-15,6.264700147122536E-16,,149.456321,2.276598,43.03375,,,,,,,2.104,,,,,COSMOS,1.874,0.0,0
,149.84252595896865,2.324356819372244,1.0E-8,0.98141205,,,3.3486399366426537E-15,5.599810200230485E-15,0.0,,149.842525,2.324373,33.66498,,,,,,,0.969,,,,,COSMOS,0.6042,0.0,0
,149.78206859637032,2.471334014163933,6.015188E-12,0.77753377,,,2.4433800387699614E-15,3.2555800266178495E-15,3.4174600401180855E-16,,149.782081,2.471306,18.40874,,,,,,,3.326,,,,,COSMOS,,0.0,0
,149.61841195080092,2.1328681494741977,6.661338E-16,0.9245665,,,2.57806992408642E-15,3.9560800856454185E-15,0.0,,149.618419,2.132876,20.10217,,,,,,,0.632,,,,,COSMOS,-0.36,0.0,0
,149.8267580016331,2.149895002907771,1.45739E-12,0.9753755,,,2.7083399914841055E-15,5.374360099341018E-15,0.0,,149.826763,2.149913,34.79242,,,,,,,0.228,,,,,COSMOS,0.1206,0.0,0
,149.86183314193448,2.1730916090024666,2.414676E-7,0.9761284,,,2.0615901021904526E-15,0.0,0.0,,149.861825,2.173094,125.6926,,,,,,,0.88409317,,,,,COSMOS,1.455,0.0,0
,149.64962078995725,2.209246305701184,2.3194E-11,0.92837214,,,2.5259500810177315E-15,2.164179979904815E-15,4.659290014829491E-16,,149.649632,2.209241,1354.324,,,,,,,0.953,,,,,COSMOS,-0.2401,1.0,1
,149.84103923290797,2.2549146158075946,2.484475E-8,0.9914731,,,1.6861600066162843E-15,3.033180091371445E-15,0.0,,149.841038,2.254916,43.59363,,,,,,,0.345,,,,,COSMOS,0.7268,0.0,0
,149.54467870261072,1.945274699289908,1.930678E-12,0.9652266,,,2.9175399770387358E-15,5.018309799962673E-15,0.0,,149.544696,1.945268,13.05729,,,,,,,0.37,,,,,COSMOS,-0.1129,0.0,0
,149.5804067995381,1.96777984807478,1.019207E-8,0.923991,,,1.936060031165602E-15,3.257900049860379E-15,0.0,,149.580395,1.967795,35.31223,,,,,,,0.764,,,,,COSMOS,-0.25,0.0,0
,149.49187811560432,1.973684599441932,1.945156E-6,0.92090684,,,3.018139962601761E-15,3.110189997595201E-15,3.899509931471856E-16,,149.4919,1.973683,18160.00044,,,,,,,2.239,,,,,COSMOS,1.573,1.0,1
,149.8331135491864,2.1343012789637363,3.825912E-9,0.95649683,,,1.5923100266099287E-15,3.7870199326699855E-15,0.0,,149.833113,2.13432,14.76055,,,,,,,1.0197815,,,,,COSMOS,-0.4462,0.0,0
,149.6863573662032,2.14796293798228,2.819184E-10,0.9240311,,,1.7734899505111499E-15,2.0341299293151786E-15,0.0,,149.686349,2.147929,26.57903,,,,,,,2.368,,,,,COSMOS,1.672,1.0,1
,149.6807014674418,2.2682839457271604,3.931777E-11,0.9772493,,,2.46006002332553E-15,2.4680299680844824E-15,3.0625198832962355E-16,,149.680692,2.268295,35.82024,,,,,,,0.902,,,,,COSMOS,-0.02716,1.0,1
,149.6341118723352,2.066096311329105,8.698079E-8,0.96994835,,,1.3015800493876382E-15,1.4326399750086384E-15,8.210590127989922E-17,,149.634113,2.066116,36.54201,,,,,,,2.8965,,,,,COSMOS,1.319,1.0,1
,149.6217533157802,2.2170597388640507,1.240321E-6,0.8822474,,,1.1818500364691115E-15,2.0439599584263016E-15,0.0,,149.621765,2.217057,15.52293,,,,,,,1.0072,,,,,COSMOS,-0.6142,1.0,1
,149.79252581688934,2.42311314683176,2.42444E-6,0.96484715,,,1.3813900347767801E-15,2.2976600904143574E-15,0.0,,149.792526,2.423125,21.25034,,,,,,,1.025,,,,,COSMOS,1.676,0.0,0
,149.5645604477511,2.193160011155152,-1.0,0.8715477,,,1.1985399736618102E-15,0.0,3.563990122548179E-16,,149.56454,2.193168,107.0385,,,,,,,0.265,,,,,COSMOS,1.766,0.0,0
,149.73303700838255,2.334585506988458,-1.0,0.9905085,,,0.0,0.0,4.64430017864105E-16,,149.733044,2.334598,16.76129,,,,,,,1.5860767,,,,,COSMOS,3.004,0.0,0
,149.4415878237759,2.4258814054099647,-1.0,0.9871188,,,9.935480477891393E-16,0.0,7.4027799678005185E-16,,149.441629,2.425833,812.0343,,,,,,,0.481,,,,,COSMOS,-0.2231,1.0,1
,149.64986976349113,2.4401216193326167,-1.0,0.97917926,,,1.5496800230449222E-15,2.406220068099205E-15,0.0,,149.649863,2.440083,23.95534,,,,,,,1.423,,,,,COSMOS,1.611,0.0,0
,149.85675409952026,2.2731216738612727,-1.0,0.8499116,,,1.2231499865486919E-15,1.7240000388645677E-15,0.0,,149.856753,2.273131,31.5096,,,,,,,0.764,,,,,COSMOS,1.35,1.0,1
,149.56573279709258,2.472017300502612,1.0E-8,0.9860375,,,8.198809673168848E-15,3.965879833328677E-15,2.571560052370297E-15,,149.565737,2.47202,14.1252,,,,,,,1.428,,,,,COSMOS,2.824,0.0,0
,149.58281261431245,2.484320659598767,1.0E-8,0.99846965,,,2.0462200456174834E-13,1.2241799913180473E-13,6.055359935263488E-14,,149.582822,2.484318,43.01863,,,,,,,0.345,,,,,COSMOS,2.845,0.0,0
,149.7123868369153,2.487520882259389,5.343503E-13,0.9914501,,,3.280560087023563E-15,1.7798800729443547E-15,7.75649986778273E-16,,149.712395,2.487511,41.07048,,,,,,,1.4844308,,,,,COSMOS,2.02,0.0,0
,149.5246307423467,2.5310268795104087,1.0E-8,0.98842824,,,3.9200600095634294E-15,2.3373399841031955E-15,1.2325500405599649E-15,,149.524628,2.531026,15.15605,,,,,,,4.31,,,,,COSMOS,1.321,0.0,0
,149.69580956852337,2.5490452319984804,1.0E-8,0.99204063,,,5.313159851319527E-15,6.0709998057114755E-15,7.659470126092382E-16,,149.695825,2.549033,26.72822,,,,,,,1.776,,,,,COSMOS,2.043,0.0,0
,149.5524083695706,2.5907568845335494,1.0E-8,0.99810404,,,2.1878500191543047E-14,1.2221499582753398E-14,6.601970031994359E-15,,149.552398,2.590783,28.95092,,,,,,,1.0053922,,,,,COSMOS,0.2916,0.0,0
,149.65569208022634,2.600844360639699,1.0E-8,0.9419309,,,2.2375799672326446E-13,1.4197799565792563E-13,6.293580158975645E-14,,149.655694,2.6008,14.14796,,,,,,,0.735,,,,,COSMOS,,0.0,0
,149.59412649833212,2.614013137775949,1.0E-8,0.43133336,,,1.2467799823156003E-14,9.946440237195917E-15,2.8531000397522335E-15,,149.59409,2.613962,33.37551,,,,,,,1.73,,,,,COSMOS,2.008,0.0,0
,149.78541000867526,2.646389820079373,1.0E-8,0.9897393,,,6.741220130940598E-15,7.775110240425091E-15,9.508789748294407E-16,,149.785422,2.646397,41.83564,,,,,,,1.941,,,,,COSMOS,1.163,1.0,1
,149.7741348235031,2.674156469955924,1.0E-8,0.9617951,,,8.557960113134144E-15,6.253479925186732E-15,2.12216989857808E-15,,149.77415,2.674155,16.13223,,,,,,,1.124,,,,,COSMOS,,0.0,0
,149.59815645887045,2.6850306364536625,1.0E-8,0.9931535,,,1.3590499643094216E-14,9.350789728027747E-15,3.65243020899954E-15,,149.598156,2.685041,21.00478,,,,,,,2.402,,,,,COSMOS,1.481,1.0,1
,149.73413036284904,2.691088077098886,1.0E-8,0.9795299,,,5.705990015333548E-15,2.9648399908793104E-15,1.6834900528874203E-15,,149.734124,2.691094,2014.6,,,,,,,0.91099566,,,,,COSMOS,2.45,1.0,1
,149.4357333645507,2.70300640221848,1.0E-8,0.9912681,,,7.587329812282391E-15,1.1818200091511313E-14,4.145009990437102E-16,,149.435754,2.703002,26.34677,,,,,,,1.894,,,,,COSMOS,1.603,0.0,0
,149.58508672384005,2.709023566323513,1.0E-8,0.96831906,,,4.231699948000758E-15,2.076419955030981E-15,1.2079200165197044E-15,,149.585085,2.709018,26.65494,,,,,,,1.98,,,,,COSMOS,1.466,0.0,0
,149.64261313286198,2.725699854825528,1.0E-8,0.99467665,,,2.951209833153626E-14,3.1656199607184646E-14,4.299820031684843E-15,,149.642586,2.725692,45.75049,,,,,,,0.393,,,,,COSMOS,-0.8281,0.0,0
,149.49809264576078,2.7804925931537325,1.0E-8,0.99253565,,,6.4068598042425935E-15,1.1685499674829718E-14,6.580250095523509E-16,,149.498083,2.7805,71.0295,,,,,,,0.30172,,,,,COSMOS,0.9712,1.0,1
,149.64433779009963,2.560596058608538,1.0E-8,0.9799914,,,4.644869914177197E-15,5.1501699599605915E-15,5.763829977774163E-16,,149.644345,2.560583,68.70596,,,,,,,1.0,,,,,COSMOS,1.562,0.0,0
,149.62065347170414,2.6143105101876176,1.0E-8,0.98980623,,,8.336470314789565E-15,1.0603799637670403E-14,9.051810179294792E-16,,149.62065,2.614296,27.83631,,,,,,,0.9479,,,,,COSMOS,0.2206,1.0,1
,149.64292587916233,2.6841699689563234,1.0E-8,0.9888862,,,8.942550340637276E-15,1.0300799858811542E-14,1.0702899739642078E-15,,149.642914,2.684195,29.32177,,,,,,,1.071,,,,,COSMOS,0.8886,0.0,0
,149.7022789486435,2.7298493055996502,1.28686E-12,0.98080707,,,2.8304800248958074E-15,1.4386499914067629E-15,7.365340052740694E-16,,149.70228,2.729821,52.66374,,,,,,,1.276,,,,,COSMOS,1.456,0.0,0
,149.80994234347446,2.5761829590140484,1.0E-8,0.97274446,,,4.546580210977808E-15,6.1481302023719785E-15,3.8290698774848004E-16,,149.809958,2.576191,14.66615,,,,,,,0.971386,,,,,COSMOS,1.787,0.0,0
,149.4411803445311,2.5764241993662425,1.0E-8,0.9808443,,,5.284359884079933E-15,1.9999400796739692E-15,1.8056999665172708E-15,,149.44119,2.576424,20.57105,,,,,,,1.954,,,,,COSMOS,0.9931,1.0,1
,149.6818304797751,2.652270540570217,1.0E-8,0.96867543,,,3.2752000625333377E-15,2.093290098483208E-15,6.951329935759698E-16,,149.681838,2.652266,25.36792,,,,,,,2.4417,,,,,COSMOS,1.643,0.0,0
,149.68131591758026,2.681063295293073,1.0E-8,0.97574073,,,1.2283299953618019E-14,8.417169684773324E-15,3.304700102503837E-15,,149.681315,2.681087,101.9886,,,,,,,0.659,,,,,COSMOS,1.929,0.0,0
,149.5731645740723,2.710658577471579,1.0E-8,0.9747631,,,5.144809935470366E-15,5.937190199385451E-15,6.621860059661784E-16,,149.573125,2.710606,14.30806,,,,,,,0.867,,,,,COSMOS,0.2528,0.0,0
,149.7728706429,2.5557900111529914,1.726369E-9,0.6921882,,,1.6889799910559306E-15,1.317559961212301E-15,2.771680003549039E-16,,149.77289,2.555756,18.2252,,,,,,,0.7349186,,,,,COSMOS,,0.0,0
,149.7659636009474,2.648305287683948,1.0E-8,0.7877477,,,1.244119960048043E-14,1.3067999746283875E-14,1.954039999536969E-15,,149.766003,2.648333,12.52048,,,,,,,2.083,,,,,COSMOS,0.4598,0.0,0
,149.60458342385274,2.52380764563202,4.32987E-15,0.77054805,,,2.674499966450112E-15,4.465480194409998E-15,0.0,,149.604589,2.523742,38.18059,,,,,,,0.515,,,,,COSMOS,,0.0,0
,149.76960180242546,2.579624844838253,1.0E-8,0.9907545,,,4.23854016256631E-15,7.023249915124284E-15,0.0,,149.769616,2.579615,17.07854,,,,,,,1.778,,,,,COSMOS,1.413,0.0,0
,149.80986325191543,2.606713046080816,4.440892E-16,0.97496897,,,2.761589988262668E-15,4.130340173884046E-15,0.0,,149.80988,2.606708,14.33495,,,,,,,0.508,,,,,COSMOS,0.7853,0.0,0
,149.82336372932238,2.5397679710675614,1.565414E-14,0.56502193,,,2.5682199897010365E-15,4.076989803701234E-15,1.1225399424694181E-16,,149.823394,2.539776,25.19276,,,,,,,2.2993,,,,,COSMOS,1.049,0.0,0
,149.742731269866,2.54035918578875,3.996692E-12,0.9896639,,,3.0673900580451517E-15,4.206050096292003E-15,2.198339945164854E-16,,149.74275,2.540354,13.62456,,,,,,,1.728,,,,,COSMOS,2.201,0.0,0
,149.56737977795925,2.564940730315416,1.033775E-7,0.95939344,,,1.7922499303478197E-15,1.7131299591733348E-15,0.0,,149.567368,2.564935,14.02484,,,,,,,0.502,,,,,COSMOS,1.036,0.0,0
,149.76303741018845,2.6952334544553915,1.0E-8,0.9418067,,,5.080789914767465E-15,8.202479866929301E-15,0.0,,149.763048,2.695244,30.7576,,,,,,,1.27399,,,,,COSMOS,1.245,1.0,1
,149.56194357569953,2.6959186983271097,4.16296E-8,0.98792845,,,1.5254399517977539E-15,1.243220008717409E-15,0.0,,149.561932,2.695922,154.3854,,,,,,,1.887,,,,,COSMOS,2.894,1.0,1
,149.751793356069,2.734835666213754,1.8813E-9,0.98092216,,,2.3065200550426374E-15,3.830950025929909E-15,0.0,,149.751799,2.734818,39.32152,,,,,,,0.462,,,,,COSMOS,,0.0,0
,149.5183674819581,2.5553783985132554,2.405656E-7,0.7955848,,,1.2635600226380632E-15,1.3448999612881833E-15,0.0,,149.518374,2.55534,48.50685,,,,,,,,,,,,COSMOS,,0.0,0
,149.59506749331533,2.601174733914994,2.306424E-8,0.9700404,,,2.1365700939561137E-15,2.029580091839002E-15,3.065069981863063E-16,,149.595076,2.601238,38.57133,,,,,,,1.4606,,,,,COSMOS,1.237,0.0,0
,149.65466207879135,2.596865714871726,5.222303E-7,0.9347494,,,1.448559959252283E-15,0.0,3.568140054594133E-16,,149.654683,2.59686,588.236,,,,,,,2.95,,,,,COSMOS,1.42,1.0,1
,149.78743110933965,2.6721944809950973,1.060992E-6,0.42058155,,,1.3838300190604645E-15,0.0,3.1078800858084794E-16,,149.78744,2.672214,170.2726,,,,,,,0.079,,,,,COSMOS,-0.7264,0.0,0
,149.69350049396405,2.674203249820589,1.443559E-6,0.9666553,,,1.4604299613377495E-15,2.284250076551664E-15,0.0,,149.693509,2.674213,49.35927,,,,,,,0.919,,,,,COSMOS,2.043,1.0,1
,149.4574047844319,2.6639314152300013,-1.0,0.9768248,,,1.4025400239532464E-15,0.0,4.219149990216883E-16,,149.457396,2.663943,58.48695,,,,,,,0.40098,,,,,COSMOS,0.3967,1.0,1
,149.79045083852407,2.751377344719546,-1.0,0.55537784,,,1.5415200252684295E-15,0.0,6.548400068519971E-16,,149.79045,2.75137,94.602,,,,,,,0.908,,,,,COSMOS,-0.1423,1.0,1
,149.43710453177476,2.7905504840097537,-1.0,0.9703078,,,2.8780500304883194E-15,0.0,7.13118997057086E-16,,149.437085,2.790543,34.49744,,,,,,,1.8437,,,,,COSMOS,2.345,1.0,1
,150.17315109494737,1.6163469258366434,1.0E-8,0.9938236,,,3.312920006685524E-14,1.3221100104467143E-14,1.1413199758111142E-14,,150.173187,1.616301,176.2584,,,,,,,0.52499,,,,,COSMOS,-0.4357,0.0,0
,150.15962052003047,1.6189677897191814,1.0E-8,0.997399,,,5.985020286444417E-14,3.170379947068855E-14,1.829430060402721E-14,,150.159627,1.618982,13.99312,,,,,,,1.248,,,,,COSMOS,,0.0,0
,149.97411731826705,1.64348691507807,1.0E-8,0.97573286,,,4.097859848488632E-15,2.4179099698042614E-15,1.1482199697269188E-15,,149.974093,1.643508,45.45596,,,,,,,1.04,,,,,COSMOS,2.595,0.0,0
,150.04586662070002,1.644571786965041,1.0E-8,0.9967126,,,1.4616900287259087E-14,1.96837006058697E-14,1.298030028426577E-15,,150.045857,1.644605,28.7928,,,,,,,0.9161354,,,,,COSMOS,0.2364,1.0,1
,150.20688328653458,1.6802272837550123,1.0E-8,0.9904958,,,8.246130015800157E-15,1.0452300171757446E-14,1.0450900026295635E-15,,150.206906,1.680273,182.2678,,,,,,,1.11,,,,,COSMOS,2.336,0.0,0
,149.88080035924767,1.6884178692810512,1.0E-8,0.9951141,,,2.6027599604109934E-14,1.7075199964361985E-14,7.116280390754171E-15,,149.880802,1.688445,14.27545,,,,,,,1.700083,,,,,COSMOS,1.322,0.0,0
,150.07822318785918,1.709016739945076,1.0E-8,0.99484485,,,1.3841500069321135E-14,9.954980023370134E-15,3.618500186714901E-15,,150.078231,1.709019,20.51609,,,,,,,0.7332209,,,,,COSMOS,1.4,0.0,0
,150.36039259723785,1.720007201289253,1.0E-8,0.9924347,,,9.774920300541657E-15,4.771099846174716E-15,2.9343199114820803E-15,,150.360404,1.720005,26.02253,,,,,,,1.444,,,,,COSMOS,1.336,0.0,0
,149.85834040922708,1.7456018565037557,1.0E-8,0.9876608,,,7.536279983584322E-15,5.111120047026274E-15,2.0301600976496345E-15,,149.858354,1.745622,21.66146,,,,,,,0.667,,,,,COSMOS,,1.0,1
,150.2425144965011,1.7663830952561228,1.0E-8,0.9949599,,,9.420110226804682E-14,6.964409924410317E-14,2.442919930473013E-14,,150.242523,1.766371,73.90053,,,,,,,0.623,,,,,COSMOS,0.2395,1.0,1
,150.24321315839586,1.7703164467925898,1.221245E-15,0.98032284,,,3.524429978142259E-15,1.83520000648777E-15,8.509180226855598E-16,,150.243231,1.770306,30.53208,,,,,,,1.4093009,,,,,COSMOS,0.781,0.0,0
,149.86358516864456,1.7763318515951103,1.0E-8,0.99165404,,,9.52978981263921E-15,5.832360131283838E-15,2.5158600127918014E-15,,149.863595,1.776348,37.37081,,,,,,,0.427,,,,,COSMOS,-0.2962,0.0,0
,150.2440986769474,1.7821778105093309,1.0E-8,0.9662913,,,4.0470899641796305E-15,2.162910065758644E-15,1.0752600456613408E-15,,150.244108,1.782173,232.0666,,,,,,,1.12,,,,,COSMOS,1.026,1.0,1
,150.1280003559419,1.7864245563839358,1.0E-8,0.99726886,,,7.300610006669758E-15,8.284489596882463E-15,1.2672099934869004E-15,,150.128021,1.786452,80.0418,,,,,,,1.5518628,,,,,COSMOS,1.702,1.0,1
,149.98351065490496,1.791035743996474,1.0E-8,0.99434316,,,1.8438399543080006E-14,8.225909645283302E-15,5.6612501585760495E-15,,149.983518,1.791039,77.21575,,,,,,,0.337,,,,,COSMOS,-1.03,1.0,1
,150.02125978109635,1.7913736892907388,1.0E-8,0.9933002,,,1.5013599697776166E-14,1.4318900543887868E-14,3.0132299243647645E-15,,150.021279,1.79137,26.89247,,,,,,,1.165,,,,,COSMOS,0.4776,0.0,0
,150.19503222887394,1.793726762367581,1.0E-8,0.9853437,,,9.491299788483027E-15,5.1098401802429725E-15,2.8442000528171958E-15,,150.195039,1.793725,28.64666,,,,,,,1.867,,,,,COSMOS,1.905,0.0,0
,149.8528996754004,1.8033551759652384,1.0E-8,0.9913364,,,5.427450006892549E-15,7.150039735899939E-15,5.176080168421509E-16,,149.852928,1.803349,24.73043,,,,,,,1.429,,,,,COSMOS,1.607,0.0,0
,150.16531569133454,1.805972316165056,1.0E-8,0.9951961,,,1.0113199848686607E-14,5.069869966011463E-15,2.9847998987648844E-15,,150.165329,1.805993,19.15391,,,,,,,0.907,,,,,COSMOS,1.72,0.0,0
,150.19972268926418,1.8265674022404408,1.0E-8,0.9947846,,,5.6274900511006296E-14,3.2857698902205926E-14,1.6103800557594125E-14,,150.199725,1.826557,28.57254,,,,,,,0.893,,,,,COSMOS,1.955,0.0,0
,150.06785507471764,1.8512925413359689,1.0E-8,0.99802786,,,4.750920048536035E-14,2.421800010966174E-14,1.4394399978608433E-14,,150.067867,1.851289,69.12552,,,,,,,1.1342,,,,,COSMOS,0.5106,0.0,0
,150.06607967008645,1.879338616909608,1.0E-8,0.9982658,,,2.701710010496062E-14,2.0494199328043028E-14,6.45853982545342E-15,,150.066094,1.879332,13.28247,,,,,,,1.3437355,,,,,COSMOS,1.817,1.0,1
,149.86202502448387,1.8948205653736525,1.0E-8,0.9987938,,,6.38600974943275E-14,5.766489851810955E-14,1.3534599703740168E-14,,149.86203,1.894808,80.30583,,,,,,,0.444,,,,,COSMOS,1.02,0.0,0
,150.30888384614437,1.9122725413540351,1.0E-8,0.99764705,,,3.962839916784276E-14,2.456129917505212E-14,1.106280001552393E-14,,150.308881,1.912249,3157.00029,,,,,,,1.514957,,,,,COSMOS,,1.0,1
,150.122133233733,1.9131601881066416,1.0E-8,0.9918914,,,2.1571200026410976E-14,1.387219993146142E-14,5.871429949492416E-15,,150.122152,1.913162,16.38611,,,,,,,1.4452481,,,,,COSMOS,0.6864,1.0,1
,149.90614560033637,1.917186776276798,1.0E-8,0.995474,,,2.419959916591559E-14,1.4309600122127016E-14,6.7085000952211114E-15,,149.906133,1.917192,70.89828,,,,,,,1.4944081,,,,,COSMOS,-0.2792,0.0,0
,150.14366940656646,1.930339115398,1.0E-8,0.992742,,,1.694469929224441E-14,1.5565099461601652E-14,3.5126399147911895E-15,,150.143671,1.930347,31.84628,,,,,,,0.895,,,,,COSMOS,1.201,0.0,0
,150.04704587408952,1.931313996660215,1.0E-8,0.9871793,,,9.245799994215577E-15,6.8624301221762146E-15,2.2319599798605776E-15,,150.047053,1.931329,19.21752,,,,,,,2.22,,,,,COSMOS,0.09837,0.0,0
,149.98872435236845,1.9324077726928928,1.0E-8,0.9940334,,,5.077220094411262E-15,2.909859929305981E-15,1.408890018200575E-15,,149.988734,1.93239,14.21095,,,,,,,2.406,,,,,COSMOS,2.007,0.0,0
,150.01200740275766,1.6521143354894352,1.0E-8,0.99126667,,,4.185819984896255E-15,1.6718599728842635E-15,1.2439199755691962E-15,,150.011999,1.652125,661.7351,,,,,,,1.5166414,,,,,COSMOS,2.64,1.0,1
,150.07471653779876,1.6595504084693375,6.1251E-13,0.9214673,,,2.6235399232444516E-15,2.0651999448534136E-15,5.417170097407316E-16,,150.074728,1.659568,29.1668,,,,,,,0.748,,,,,COSMOS,1.545,0.0,0
,150.34879326674522,1.6846966808470898,8.748291E-11,0.9826173,,,1.9972100924849686E-15,1.6861199843095265E-15,5.734640163620596E-16,,150.348808,1.684726,35.58755,,,,,,,2.03,,,,,COSMOS,2.56,1.0,1
,150.25029981868283,1.7441856336347796,8.881784E-16,0.9261704,,,3.1237499362895584E-15,1.3491899714077895E-15,1.0819000428139857E-15,,150.25031,1.744168,26.2844,,,,,,,0.9583,,,,,COSMOS,-0.8886,1.0,1
,150.0503700300123,1.7444202968897935,1.0E-8,0.9891508,,,1.1220799612274117E-14,4.212720057235157E-15,3.7599199605555314E-15,,150.050381,1.744414,40.22725,,,,,,,1.149,,,,,COSMOS,0.01681,0.0,0
,150.10612154502437,1.7496158306334246,1.0E-8,0.99059206,,,3.002510087142551E-15,6.00390981997037E-16,9.438620480152677E-16,,150.106143,1.749616,33.85876,,,,,,,1.6734874,,,,,COSMOS,1.397,0.0,0
,150.17997432227227,1.7688634526663716,1.0E-8,0.9901006,,,8.121159621795205E-15,1.1780199652398644E-15,3.009029911495804E-15,,150.179991,1.768835,39300.00215,,,,,,,0.346,,,,,COSMOS,0.3275,1.0,1
,149.86103841445603,1.8332307749705048,1.0E-8,0.96696234,,,3.650770024422921E-15,3.2033199995963905E-15,7.459019779124652E-16,,149.861058,1.833211,29.33388,,,,,,,1.8852,,,,,COSMOS,1.771,0.0,0
,149.92495009617338,1.8438580759628265,7.661258E-9,0.88397586,,,1.2710900396600356E-15,0.0,5.525290147355183E-16,,149.924968,1.843863,25.66922,,,,,,,0.0,,,,,COSMOS,1.697,1.0,1
,150.23079346647046,1.8712299679936413,5.777712E-12,0.9805715,,,2.015410077664385E-15,2.011700073355411E-15,2.2647400490402006E-16,,150.230778,1.87122,19.51062,,,,,,,0.415,,,,,COSMOS,-0.1964,0.0,0
,150.340372581723,1.887216842207733,1.059424E-10,0.96229285,,,1.8327800333574644E-15,1.1865200467446797E-15,5.062029829051677E-16,,150.340395,1.887198,61.95258,,,,,,,2.965,,,,,COSMOS,1.851,1.0,1
,150.29625328023508,1.8895954733911275,7.771561E-16,0.98538315,,,3.334999953334781E-15,1.5870100355798401E-15,8.049830024394855E-16,,150.296245,1.889598,41.83034,,,,,,,1.5794502,,,,,COSMOS,1.153,1.0,1
,150.11214335560334,1.904063222578436,1.0E-8,0.80577487,,,4.633010182366216E-15,2.0287300942764324E-15,1.3771599522381921E-15,,150.11222,1.904139,12.25254,,,,,,,0.97020555,,,,,COSMOS,1.193,0.0,0
,149.89075147669848,1.9435887374895475,1.0E-8,0.9235614,,,3.934650152079885E-15,3.442839953014462E-15,7.903439967098854E-16,,149.890757,1.943579,16.24042,,,,,,,0.667,,,,,COSMOS,-0.08159,0.0,0
,150.31690525820818,1.6577940948497676,1.0E-8,0.9783053,,,4.87754012390906E-15,6.4618699354855504E-15,3.4906799503589114E-16,,150.316904,1.657793,30.49516,,,,,,,0.684,,,,,COSMOS,1.438,1.0,1
,150.15454205719251,1.6896746208082676,1.0E-8,0.9253457,,,3.2262900508182694E-15,1.133079996948577E-15,9.589410344214072E-16,,150.154555,1.689672,12.70942,,,,,,,0.914,,,,,COSMOS,0.4845,0.0,0
,150.15056760230615,1.6989878573049375,1.0E-8,0.95813596,,,3.745899871212578E-15,4.217390173389844E-15,5.939029743188651E-16,,150.150608,1.698992,11.70029,,,,,,,1.689,,,,,COSMOS,1.651,0.0,0
,150.02495464242807,1.914778777024128,1.0E-8,0.991042,,,2.3056200825361797E-15,1.5590900296933254E-15,5.318930157393578E-16,,150.024966,1.914763,73.85609,,,,,,,0.969,,,,,COSMOS,3.09,0.0,0
,150.12878853448305,1.9207809044014383,1.0E-8,0.9685668,,,4.1806899298512095E-15,4.13479980235134E-15,7.558040048241048E-16,,150.128795,1.92078,27.55387,,,,,,,1.009,,,,,COSMOS,1.397,0.0,0
,150.0630807833313,1.9446515860530973,1.32474E-8,0.98332703,,,2.4558500578194392E-15,0.0,6.804759883962406E-16,,150.063093,1.944664,16.32121,,,,,,,2.15,,,,,COSMOS,-0.8973,0.0,0
,150.3659295858384,1.6051344709419002,1.0E-8,0.99235904,,,1.7044100302670596E-14,2.199139951901668E-14,1.6661000429638159E-15,,150.365915,1.605084,33.09824,,,,,,,0.684,,,,,COSMOS,-0.7366,0.0,0
,150.34641153308823,1.670412602826622,4.168402E-10,0.9781802,,,1.947619913313255E-15,1.1447600518956218E-15,5.062489873821155E-16,,150.346405,1.670423,627.7845,,,,,,,0.7064,,,,,COSMOS,1.492,1.0,1
,150.3214915421685,1.714093249186344,1.0E-8,0.9171941,,,6.5997901927046E-15,4.831110012905315E-15,1.466419966582495E-15,,150.321503,1.714092,32.34396,,,,,,,0.63066,,,,,COSMOS,0.05024,0.0,0
,149.95564696366048,1.778301316583364,1.286929E-6,0.9865095,,,7.593970127072391E-16,0.0,2.4148800800123736E-16,,149.955662,1.778285,19.92348,,,,,,,1.4524,,,,,COSMOS,2.378,0.0,0
,150.3703036060577,1.8555617869754144,1.110223E-16,0.93743885,,,3.604849827253424E-15,1.9820799664646387E-15,7.635459918411275E-16,,150.370323,1.855555,38.86567,,,,,,,1.7354,,,,,COSMOS,1.327,0.0,0
,149.87588996750242,1.882800035782524,3.723792E-7,0.98008204,,,1.3577400278564928E-15,0.0,5.160459822082955E-16,,149.875918,1.882793,12.06935,,,,,,,1.4345118,,,,,COSMOS,1.404,0.0,0
,149.9170743339146,1.899874595456503,1.0E-8,0.9651061,,,3.367599922133994E-15,4.4366899680492976E-15,4.598680042893117E-16,,149.917087,1.899882,15.22227,,,,,,,2.162,,,,,COSMOS,0.8301,1.0,1
,149.94840610016328,1.9321661226402889,1.487749E-6,0.97806114,,,1.5597600327546036E-15,0.0,4.24957991354479E-16,,149.948405,1.93214,75.93088,,,,,,,0.342,,,,,COSMOS,1.783,0.0,0
,149.89439738160598,1.947541944731348,6.573075E-12,0.9652696,,,2.624779979479232E-15,9.012559731310212E-16,7.861650008459287E-16,,149.894383,1.947522,41.31196,,,,,,,0.772,,,,,COSMOS,1.635,0.0,0
,149.9641120575124,1.6803280598194308,1.0E-8,0.94023824,,,2.2772199571993376E-14,1.0654800338457532E-14,7.365209821425054E-15,,149.964125,1.680343,275.9259,,,,,,,0.375,,,,,COSMOS,0.07547,1.0,1
,149.85174023353213,1.7810673852785628,1.552425E-6,0.9323568,,,1.8709899013663427E-15,0.0,9.25845974864524E-16,,149.851794,1.78105,48.25042,,,,,,,0.127,,,,,COSMOS,-0.8955,0.0,0
,150.20663034163474,1.8232580346596297,8.599421E-8,0.93011445,,,1.7765899852189822E-15,1.171460012700735E-15,4.36036997016108E-16,,150.206634,1.823255,5867.0002,,,,,,,0.53,,,,,COSMOS,-0.7057,1.0,1
,150.2395314519266,1.6307086245557816,5.934783E-9,0.95620584,,,2.802490032912026E-15,4.16986019010409E-15,0.0,,150.239561,1.630684,17.8209,,,,,,,2.265,,,,,COSMOS,0.9792,0.0,0
,150.260691560092,1.738523841847417,3.792675E-9,0.96491516,,,2.1301400550952695E-15,4.0360798064147455E-15,0.0,,150.26071,1.738537,18.31469,,,,,,,1.905,,,,,COSMOS,1.045,0.0,0
,150.03644937570598,1.821423756602667,4.065903E-11,0.9811224,,,2.6269100555833397E-15,2.8056799589913856E-15,3.560979979211874E-16,,150.036474,1.821403,17.72015,,,,,,,1.0237665,,,,,COSMOS,1.929,0.0,0
,149.86359325583936,1.841466677616952,1.019562E-11,0.97625154,,,1.4407599504783733E-15,2.177019940594006E-15,0.0,,149.863634,1.841467,16.72665,,,,,,,2.008,,,,,COSMOS,1.804,0.0,0
,150.2095168453105,1.894270721756704,9.186251E-7,0.9729892,,,2.252139904554201E-15,4.564639800446217E-15,0.0,,150.209528,1.894287,16.02225,,,,,,,1.217,,,,,COSMOS,-0.8035,0.0,0
,150.2968952427415,1.6069386419278695,4.263256E-14,0.80755866,,,3.3844399959165935E-15,4.597489855723107E-15,0.0,,150.296872,1.606912,42.78282,,,,,,,1.45,,,,,COSMOS,3.201,0.0,0
,149.98383349524326,1.685837396412379,2.904987E-8,0.9929838,,,3.0674400329890397E-15,3.3397700193772435E-15,3.98262001016306E-16,,149.983847,1.685871,54.93276,,,,,,,1.6499349,,,,,COSMOS,2.756,0.0,0
,150.25444728474508,1.6924459083869037,2.906595E-9,0.9808667,,,3.0004899135633494E-15,3.053710052430521E-15,2.0689999993525924E-16,,150.254453,1.692461,19.09053,,,,,,,1.391,,,,,COSMOS,1.318,0.0,0
,150.3123643479392,1.7300465115935908,1.0E-8,0.9964686,,,6.208959873479046E-15,1.0590299626557064E-14,0.0,,150.31236,1.730053,116.7466,,,,,,,0.58,,,,,COSMOS,1.72,0.0,0
,150.04588514261616,1.7947891022718938,1.0E-8,0.9940612,,,2.8161098991874014E-15,4.143940134885161E-15,2.6050598877968493E-16,,150.045898,1.7948,11.63289,,,,,,,1.115,,,,,COSMOS,1.151,0.0,0
,150.25811087045275,1.8000816633704515,1.0E-8,0.9891727,,,5.64996979730099E-15,1.041759977300728E-14,0.0,,150.25813,1.800096,68.56361,,,,,,,0.90795845,,,,,COSMOS,0.9118,1.0,1
,149.95944616648427,1.8014546057135044,7.653968E-8,0.97434336,,,1.1448500491462676E-15,1.8949099000385673E-15,0.0,,149.95946,1.801463,3235.118,,,,,,,0.6827,,,,,COSMOS,0.3466,1.0,1
,150.36447130152428,1.8106582375442728,1.0E-8,0.96503913,,,3.2782400637810334E-15,5.531309798753083E-15,0.0,,150.36449,1.810665,19.37017,,,,,,,0.9705,,,,,COSMOS,1.797,0.0,0
,150.2241208893216,1.668636679192454,6.810724E-7,0.9428853,,,1.2854500009730745E-15,0.0,1.9193900257169434E-16,,150.224141,1.66863,24.98381,,,,,,,1.585,,,,,COSMOS,2.244,0.0,0
,150.20262304268869,1.7897729688339536,5.026723E-7,0.7561003,,,1.2505500200847108E-15,0.0,0.0,,150.202618,1.78976,21.95709,,,,,,,,,,,,COSMOS,-13.56,1.0,1
,150.34540368889398,1.803425846190903,3.472973E-8,0.98742247,,,2.03282994549938E-15,2.7729899929415268E-15,0.0,,150.345424,1.80344,17.1046,,,,,,,1.037,,,,,COSMOS,1.244,1.0,1
,149.94188821049303,1.8123920651534933,1.0E-8,0.9688926,,,5.0395398337526546E-15,7.856270396332157E-15,2.722719911010964E-16,,149.941905,1.812419,36.15324,,,,,,,0.9244,,,,,COSMOS,0.3029,0.0,0
,150.2527826997073,1.870993578785452,6.179501E-13,0.98884,,,2.680910100036696E-15,3.6184798579241666E-15,2.0185900246368348E-16,,150.252786,1.870983,30.00509,,,,,,,1.376,,,,,COSMOS,0.5339,0.0,0
,149.95045647457783,1.6827982991434276,1.0E-8,0.9700043,,,3.3066599249855465E-15,3.712430211334772E-15,3.5072000045061264E-16,,149.950456,1.682809,28.80477,,,,,,,0.776,,,,,COSMOS,1.406,0.0,0
,149.91075239567698,1.6625036763201513,7.747122E-7,0.9551138,,,1.6573499808604421E-15,2.3187899625583264E-15,0.0,,149.910741,1.662521,39.42607,,,,,,,0.633,,,,,COSMOS,2.018,0.0,0
,150.04093859399538,1.7637023013509,4.950558E-8,0.9675918,,,1.9718799957138024E-15,2.1520799024950504E-15,2.249299961900735E-16,,150.040952,1.763696,32.51436,,,,,,,0.92659533,,,,,COSMOS,1.41,0.0,0
,149.9764922530307,1.6373988648144664,-1.0,0.9652059,,,7.382350062508337E-16,0.0,3.106219901231861E-16,,149.976475,1.637408,97.02192,,,,,,,1.234,,,,,COSMOS,2.283,0.0,0
,150.27968577177987,1.695624477590835,-1.0,0.8500836,,,1.1193999913339464E-15,0.0,4.582570005631933E-16,,150.279676,1.69564,18.78637,,,,,,,0.525,,,,,COSMOS,-1.445,0.0,0
,150.33156576995532,1.921239898933472,-1.0,0.76053613,,,1.0206300204534642E-15,0.0,6.360919913557072E-16,,150.331561,1.921199,553.354,,,,,,,0.098,,,,,COSMOS,2.569,0.0,0
,150.3316081108816,1.6427210711153934,-1.0,0.9760202,,,1.9653199372955546E-15,0.0,6.144020186753664E-16,,150.331598,1.642728,223.3922,,,,,,,0.368,,,,,COSMOS,0.1154,0.0,0
,150.20607829959425,1.9125338642685248,-1.0,0.96334517,,,1.3073800016148436E-15,0.0,4.1310400348567146E-16,,150.206075,1.912527,20.80278,,,,,,,1.1871,,,,,COSMOS,-0.4545,0.0,0
,150.35261680455133,1.9319720744414988,1.0E-8,0.9959046,,,6.6315899271268946E-15,5.052820039816181E-15,1.6794399648501239E-15,,150.352629,1.931957,12.06473,,,,,,,1.373,,,,,COSMOS,0.3484,0.0,0
,150.27335487488222,1.9342244269328088,1.0E-8,0.9949074,,,6.219819852302383E-14,4.495809987855627E-14,1.5631699968178363E-14,,150.273355,1.93421,89.72727,,,,,,,0.916,,,,,COSMOS,-11.93,0.0,0
,150.2640260472401,1.9473146749006744,1.0E-8,0.9866821,,,1.0076099805596869E-14,5.1396400698768E-15,2.955449995384286E-15,,150.264024,1.947311,15.46828,,,,,,,2.134,,,,,COSMOS,0.4381,0.0,0
,149.97984901075478,1.9603285652420668,1.0E-8,0.991392,,,3.656370182753693E-15,3.8110100233185954E-15,5.829209803994762E-16,,149.97985,1.960333,55.3169,,,,,,,1.169,,,,,COSMOS,0.8322,1.0,1
,150.39497667063023,1.9770165327749487,1.0E-8,0.65667486,,,1.294730009239898E-14,8.976509585558595E-15,3.499839976408756E-15,,150.394989,1.977024,47.75626,,,,,,,1.784,,,,,COSMOS,2.501,1.0,1
,150.06081824162212,2.01056598754202,1.0E-8,0.9840065,,,5.492630039216715E-15,6.929269915560525E-15,6.992090219972759E-16,,150.060815,2.010607,34.77302,,,,,,,1.776,,,,,COSMOS,1.99,0.0,0
,150.3119126194314,2.035726861018263,1.0E-8,0.99468386,,,5.1515998362788515E-14,3.42906008221535E-14,1.3882999601538912E-14,,150.31192,2.035728,3425.0,,,,,,,0.97,,,,,COSMOS,3.011,1.0,1
,150.37006738422085,2.04228131312693,5.329071E-15,0.98525816,,,5.357189894467226E-15,3.810969789253601E-15,1.1460499771951717E-15,,150.370078,2.042262,17.55278,,,,,,,0.976,,,,,COSMOS,1.556,0.0,0
,150.30498646240378,2.052563043567303,1.0E-8,0.9974348,,,4.827330128378193E-15,6.781920064056167E-15,5.367490026864075E-16,,150.304998,2.052557,39.1651,,,,,,,1.178,,,,,COSMOS,1.045,0.0,0
,150.26173796687303,2.0546462437667934,1.0E-8,0.9972134,,,1.2509600052070056E-14,1.032249999588725E-14,2.9943400308498095E-15,,150.261765,2.054627,19.3363,,,,,,,2.065,,,,,COSMOS,2.29,0.0,0
,150.26749838177574,2.0555752582346405,1.0E-8,0.997001,,,1.3893400319098248E-14,9.239940220286472E-15,3.711609859925356E-15,,150.267486,2.055623,32.37652,,,,,,,2.062,,,,,COSMOS,1.196,0.0,0
,150.04261755427115,2.0632761629078864,1.0E-8,0.99603045,,,3.4015101661993147E-14,2.2165900164612326E-14,9.3273895958269E-15,,150.042607,2.063266,52.71615,,,,,,,2.018,,,,,COSMOS,1.264,1.0,1
,150.19472311051717,2.067908568168294,1.0E-8,0.9974937,,,3.416439968927619E-14,1.3445800157681816E-14,1.1292799953889574E-14,,150.194719,2.067896,26.42014,,,,,,,0.552,,,,,COSMOS,2.431,0.0,0
,150.41833963027847,2.08513327202489,1.0E-8,0.9972081,,,5.014879909449356E-14,3.150380143931465E-14,1.4081300178886511E-14,,150.418323,2.085142,55.6233,,,,,,,0.4246,,,,,COSMOS,3.006,0.0,0
,149.89354522272,2.107697307628152,1.0E-8,0.99414325,,,3.756550124678175E-14,2.3411699282775006E-14,1.0563800200802213E-14,,149.893565,2.107738,61.55139,,,,,,,0.686,,,,,COSMOS,2.494,0.0,0
,150.41412284120463,2.1091835113795296,4.959588E-12,0.9925324,,,3.283820105079308E-15,0.0,1.1123900525415883E-15,,150.414098,2.109243,17.42702,,,,,,,1.77,,,,,COSMOS,1.626,0.0,0
,150.17974892510898,2.1103380567644585,1.0E-8,0.99718356,,,7.39801015586794E-14,4.142189995409544E-14,2.187989948997191E-14,,150.179804,2.110326,47.09675,,,,,,,0.36,,,,,COSMOS,1.845,0.0,0
,150.1156586218322,2.126735604731415,5.551115E-16,0.6655566,,,3.165859967504069E-15,2.0290199913026302E-15,8.586129993740099E-16,,150.115677,2.126752,25.16903,,,,,,,2.235,,,,,COSMOS,0.7552,1.0,1
,150.3533573003278,2.133150762080612,1.0E-8,0.9904484,,,1.729120014217541E-14,1.8557700745568985E-14,3.1279800188281463E-15,,150.353357,2.133176,40.95268,,,,,,,1.2968401,,,,,COSMOS,1.411,0.0,0
,150.16557970976513,2.1334926399540985,1.0E-8,0.99769616,,,8.174489663187283E-15,5.822280015695038E-15,1.983159933472388E-15,,150.165583,2.133521,20.91846,,,,,,,0.838,,,,,COSMOS,2.224,0.0,0
,150.28049924760617,2.183475546007831,8.350374E-7,0.99279374,,,1.3527699561593598E-15,0.0,4.1012001229161297E-16,,150.28051,2.183487,71.26486,,,,,,,1.241,,,,,COSMOS,0.1504,1.0,1
,150.0646183699118,2.190917964201229,1.0E-8,0.9748504,,,1.2559600406946477E-14,1.2815300171964764E-14,2.228309903132622E-15,,150.064642,2.190931,61.00039,,,,,,,2.887,,,,,COSMOS,-1.066,0.0,0
,150.06687764100784,2.210364462030617,1.0E-8,0.98201793,,,4.688479828983058E-15,7.314440360632526E-15,2.144149953573076E-16,,150.066933,2.210365,248.65,,,,,,,0.187,,,,,COSMOS,0.9957,0.0,0
,149.9609051616457,2.218306175577844,1.0E-8,0.9935568,,,1.3169599654241134E-14,1.0805700105043833E-14,2.9281300064617826E-15,,149.960893,2.218322,33.1222,,,,,,,0.734,,,,,COSMOS,2.066,0.0,0
,150.05910446540207,2.2199580231853204,1.0E-8,0.9887411,,,7.312420187053324E-15,3.1437200085704994E-15,2.338829915057416E-15,,150.059135,2.219936,428.7335,,,,,,,1.14,,,,,COSMOS,1.22,1.0,1
,150.34241274900845,2.22623228503158,1.0E-8,0.9955754,,,6.462740092432265E-14,4.033850076884393E-14,1.8177799692461853E-14,,150.34241,2.226232,13.66885,,,,,,,0.8922,,,,,COSMOS,2.234,0.0,0
,150.18000762460184,2.231270911465526,1.0E-8,0.98969185,,,1.0354699953377122E-14,6.91862991119359E-15,2.9102999629220796E-15,,150.180006,2.23127,21.29812,,,,,,,2.150701,,,,,COSMOS,1.295,0.0,0
,150.0558989349336,2.233460463495025,1.0E-8,0.99791455,,,1.235139970851137E-14,8.558990105198006E-15,3.2421799653922865E-15,,150.055907,2.233461,20.47863,,,,,,,0.936,,,,,COSMOS,2.183,0.0,0
,150.00445413900098,2.237108236048832,1.0E-8,0.9984879,,,3.570859835036119E-14,2.0411899912821906E-14,1.0366200119701994E-14,,150.004436,2.237088,18.92558,,,,,,,1.4058626,,,,,COSMOS,2.832,0.0,0
,150.0368646510667,2.257741546768452,1.0E-8,0.97390294,,,4.831710135748445E-15,4.567449832248733E-15,8.409900024503513E-16,,150.036879,2.257755,28.10327,,,,,,,2.492,,,,,COSMOS,0.1768,1.0,1
,149.89196263693904,2.2851141788344487,1.0E-8,0.9866324,,,4.212990091338742E-14,2.72481994920918E-14,1.1554300200530658E-14,,149.891955,2.285109,83.94051,,,,,,,2.937,,,,,COSMOS,1.995,1.0,1
,150.29126592251927,2.291016438212696,1.0E-8,0.99105,,,4.830229945673118E-15,1.5565099673359888E-15,1.6181899536429813E-15,,150.291259,2.290992,25.07108,,,,,,,1.694,,,,,COSMOS,1.102,0.0,0
,150.11956660289314,2.2958927160767546,1.0E-8,0.92856574,,,2.4381099691787346E-14,1.6372499737253923E-14,6.40941996132567E-15,,150.119588,2.295873,26.69938,,,,,,,1.831,,,,,COSMOS,,0.0,0
,149.92882033257902,2.297956577915641,1.0E-8,0.9939502,,,1.2969999728352447E-14,6.727460080712452E-15,3.936040133146329E-15,,149.928828,2.297959,54.3886,,,,,,,1.6263307,,,,,COSMOS,2.709,0.0,0
,150.1330127901381,2.3032319098212244,1.0E-8,0.94034916,,,9.573320191051324E-14,7.277909693089932E-14,2.406180045792447E-14,,150.133037,2.303221,47.79551,,,,,,,1.6032711,,,,,COSMOS,,1.0,1
,150.16174069986766,2.3323835650058937,1.0E-8,0.93864137,,,1.2733900305733625E-14,7.307160112450875E-15,3.675289934180039E-15,,150.161759,2.33237,38.12286,,,,,,,0.63558,,,,,COSMOS,,1.0,1
,149.93237137962112,2.33552033760351,1.0E-8,0.9108527,,,1.099229976925806E-14,1.747360021703715E-14,5.686880210889662E-16,,149.932367,2.335491,75.99151,,,,,,,0.49,,,,,COSMOS,,0.0,0
,150.0736134350457,2.3468210954756805,1.0E-8,0.9961115,,,1.9440500506054045E-14,2.250970067350748E-14,3.0336499828989344E-15,,150.073658,2.346836,61.12521,,,,,,,0.7961,,,,,COSMOS,2.016,1.0,1
,149.99341534919594,2.3772313422039235,1.0E-8,0.9971236,,,2.4700600519491668E-14,4.146349943620099E-14,1.2000000467046398E-15,,149.993403,2.377225,37.2176,,,,,,,0.930758,,,,,COSMOS,1.628,0.0,0
,150.40297541884604,2.3898613467864416,1.0E-8,0.99869585,,,1.7737799957681134E-14,7.49720974185927E-15,5.847660087410092E-15,,150.40298,2.389874,165.9432,,,,,,,1.189,,,,,COSMOS,1.917,1.0,1
,150.3660909632216,2.399466076232124,1.0E-8,0.9835522,,,3.933020037172894E-15,0.0,1.3211099821733622E-15,,150.36607,2.399559,15.51822,,,,,,,0.986,,,,,COSMOS,1.136,0.0,0
,150.173966773209,2.4029561682743603,1.0E-8,0.9965908,,,4.576460060521856E-14,2.7298599646519324E-14,1.2833800218565745E-14,,150.173968,2.402978,26.21579,,,,,,,0.979,,,,,COSMOS,2.952,0.0,0
,150.31120559291364,2.413681699374065,1.0E-8,0.9917212,,,1.2163699748498659E-14,7.71380030163693E-15,3.237979952523326E-15,,150.311191,2.413706,28.40207,,,,,,,1.6446,,,,,COSMOS,1.47,1.0,1
,150.15834130549325,2.415384857976409,1.0E-8,0.9970928,,,1.7871199176544214E-14,1.489169979820501E-14,4.040079919508154E-15,,150.158358,2.415412,11.59121,,,,,,,0.9,,,,,COSMOS,2.713,0.0,0
,149.88100486492206,2.450836253956842,1.0E-8,0.9430024,,,1.2057600401525585E-14,3.548359929451614E-15,4.183850209777415E-15,,149.881003,2.450829,49.60755,,,,,,,1.314191,,,,,COSMOS,2.108,0.0,0
,150.31720880618553,2.4516430915299687,1.0E-8,0.8708851,,,6.0618899663637555E-15,5.439790006384624E-15,1.2818799688586345E-15,,150.317202,2.451614,40.89372,,,,,,,2.873,,,,,COSMOS,,0.0,0
,150.28989856225132,2.454832522908252,1.0E-8,0.99289805,,,2.2873299730511755E-14,1.4957400755791737E-14,6.227160070416699E-15,,150.289906,2.454847,48.92318,,,,,,,1.4298325,,,,,COSMOS,1.458,1.0,1
,150.13033412677456,2.472127313415656,1.0E-8,0.9896478,,,8.161500412941138E-15,5.250769945523617E-15,2.319130046286649E-15,,150.130331,2.472161,34.84755,,,,,,,0.926,,,,,COSMOS,0.06012,1.0,1
,150.15022554094648,2.475154900452605,1.0E-8,0.9978795,,,2.9320601122821005E-14,4.18840987283578E-14,2.9874600057357365E-15,,150.150227,2.475165,314.939,,,,,,,0.689,,,,,COSMOS,1.961,0.0,0
,150.3797848510598,2.490176867445252,1.0E-8,0.99468195,,,1.7474999515466015E-14,5.2997098151500756E-15,6.0525200879012284E-15,,150.379782,2.490184,2969.639,,,,,,,0.349,,,,,COSMOS,0.2696,1.0,1
,150.3660666028006,1.9245431746661457,1.0E-8,0.964382,,,3.2243098995458257E-15,2.154820054079418E-15,8.701590113571517E-16,,150.366078,1.92453,16.61147,,,,,,,0.447,,,,,COSMOS,-1.242,0.0,0
,150.17650386668117,1.946590641150429,2.001225E-9,0.99293786,,,2.480379920213687E-15,1.4076299508124159E-15,6.192230125737826E-16,,150.176501,1.946581,20.65207,,,,,,,1.3878633,,,,,COSMOS,1.744,0.0,0
,150.37923588769914,1.9592526051144592,2.95648E-11,0.9728342,,,2.176349937532728E-15,8.855979867658742E-16,5.370009949882157E-16,,150.379236,1.959247,29.32718,,,,,,,1.047,,,,,COSMOS,0.4862,0.0,0
,150.00765032269763,2.063173880006104,2.200011E-7,0.9865342,,,1.4326700446782659E-15,0.0,2.837899980574196E-16,,150.007657,2.063182,19.42232,,,,,,,2.093,,,,,COSMOS,2.154,1.0,1
,150.40640744330975,2.075624537966217,1.0E-8,0.99086285,,,1.2198999846575482E-14,8.454250246105275E-15,2.920449958729028E-15,,150.406393,2.075637,46.16626,,,,,,,1.2575,,,,,COSMOS,0.869,0.0,0
,150.09304041404377,2.101376620925329,1.0E-8,0.9718148,,,4.429480023602269E-15,2.5653100080107443E-15,1.2146599635601252E-15,,150.09305,2.101398,29.35717,,,,,,,2.269,,,,,COSMOS,2.247,0.0,0
,150.05947951576752,2.112251905369896,1.0E-8,0.9210663,,,4.684639805116681E-15,4.99828001185895E-15,6.978259760130872E-16,,150.059492,2.112265,54.91558,,,,,,,1.2,,,,,COSMOS,2.279,0.0,0
,150.34370692024157,2.140621522530932,1.0E-8,0.990938,,,1.9607299928093257E-14,1.197880007940957E-14,5.456399898963807E-15,,150.343711,2.140628,95.29665,,,,,,,1.787,,,,,COSMOS,0.1176,1.0,1
,150.01886889346426,2.1477943332625107,1.0E-8,0.9855382,,,1.0040599807744494E-14,1.362359999660702E-14,1.005079977849533E-15,,150.018839,2.147798,46.55589,,,,,,,0.959,,,,,COSMOS,1.637,0.0,0
,150.00277785216537,2.15761939721776,1.068243E-7,0.9757931,,,1.8863699021061126E-15,1.2978799977157946E-15,4.550930148678432E-16,,150.002771,2.157636,37.95098,,,,,,,0.37109,,,,,COSMOS,0.1934,1.0,1
,149.96199204348628,2.201915542864418,1.0E-8,0.9799616,,,2.4352400521468476E-15,1.8696200373323956E-15,5.900640092436718E-16,,149.961952,2.20188,51.84345,,,,,,,0.859,,,,,COSMOS,1.379,1.0,1
,150.29872526805184,2.2140460645838007,1.0E-8,0.98739016,,,4.891899873463862E-15,6.540660093206198E-15,5.677910131978239E-16,,150.298734,2.214056,69.09052,,,,,,,1.147,,,,,COSMOS,-0.1874,1.0,1
,150.25020632050234,2.214609638590022,1.0E-8,0.9360796,,,1.1588599952696774E-14,1.7714999524806943E-14,9.195630020991468E-16,,150.250218,2.214571,60.99761,,,,,,,0.497,,,,,COSMOS,,0.0,0
,149.93207554973898,2.2245694965735847,1.0E-8,0.6209075,,,4.178879820442927E-15,5.453400131781106E-15,4.889789914392251E-16,,149.93194,2.224485,12.60653,,,,,,,,,,,,COSMOS,,0.0,0
,150.02436252495482,2.2329924618236,1.207899E-9,0.96042407,,,2.1252399694954033E-15,1.3027999885899212E-15,4.511359945756264E-16,,150.024366,2.232993,29.6527,,,,,,,1.697,,,,,COSMOS,0.725,1.0,1
,150.10465327807034,2.2436570232733315,1.0E-8,0.9894592,,,4.586680021250247E-15,7.402550421871813E-15,3.6287500265305066E-16,,150.104682,2.243678,18.52587,,,,,,,1.83346,,,,,COSMOS,1.378,0.0,0
,150.0025571188399,2.258634534170083,1.0E-8,0.99480784,,,1.1774400017808793E-14,1.6025199288220715E-14,1.3933700452662713E-15,,150.002553,2.258631,6749.455,,,,,,,2.447,,,,,COSMOS,1.461,1.0,1
,150.07900911361514,2.2665616654853444,4.996004E-15,0.9842836,,,5.3745299294469424E-15,5.5369099570838545E-15,8.7589601844846425E-16,,150.079034,2.266562,13.6598,,,,,,,1.839,,,,,COSMOS,1.523,0.0,0
,150.22808253695098,2.269740713858885,1.0E-8,0.98883075,,,7.057580160476501E-15,6.033480057796373E-15,1.6015999663380586E-15,,150.228095,2.269771,89.60308,,,,,,,0.678,,,,,COSMOS,2.269,0.0,0
,149.90186225934897,2.2706898764234813,1.0E-8,0.9113757,,,6.742849822331115E-15,7.138930051763751E-15,1.127550036473309E-15,,149.901856,2.270683,19.09268,,,,,,,2.09,,,,,COSMOS,1.873,0.0,0
,150.07045108375348,2.286264877626635,1.0E-8,0.9823684,,,6.182950032767708E-15,4.3362000967694155E-15,1.429179951298223E-15,,150.070481,2.286268,21.66334,,,,,,,0.21,,,,,COSMOS,-0.7271,0.0,0
,150.08435505673626,2.2904810583080666,1.0E-8,0.9971518,,,7.505020232665902E-15,4.593280101975253E-15,2.1425600992008593E-15,,150.084361,2.2905,13.17173,,,,,,,2.1032228,,,,,COSMOS,1.776,0.0,0
,150.0964664079871,2.2930482852310274,1.0E-8,0.8937335,,,8.215419989264505E-15,9.128369887507082E-15,1.3698399993871389E-15,,150.096495,2.293024,17.27377,,,,,,,1.349,,,,,COSMOS,,0.0,0
,150.04867611909643,2.322107498223384,1.0E-8,0.99121946,,,8.278009794835967E-15,3.656110143638886E-15,2.4529100064595195E-15,,150.048695,2.322109,19.21302,,,,,,,0.625,,,,,COSMOS,-1.099,0.0,0
,149.919517133471,2.3453789738525126,1.959544E-13,0.9763748,,,2.7769500837281774E-15,0.0,1.0434199712949332E-15,,149.919498,2.345413,34.31666,,,,,,,3.015,,,,,COSMOS,-1.269,0.0,0
,150.270954869653,2.365060714669668,1.0E-8,0.94200814,,,2.8457600757478014E-15,2.6241400460875813E-15,4.94449024333475E-16,,150.27102,2.364948,18.81288,,,,,,,2.969,,,,,COSMOS,3.074,0.0,0
,150.28851593520628,2.381904639671724,1.0E-8,0.9672361,,,4.239820029349611E-15,1.8405799362522556E-15,1.3018599937767057E-15,,150.288524,2.381895,335.8552,,,,,,,1.5804858,,,,,COSMOS,1.84,1.0,1
,149.87069740621374,2.417277414976476,1.0E-8,0.94333494,,,1.0351999612341276E-14,5.003959791286764E-15,3.132850034758385E-15,,149.870692,2.417285,11.59753,,,,,,,1.5284406,,,,,COSMOS,1.594,0.0,0
,150.10097006835522,2.419455604654504,6.878076E-11,0.7587387,,,2.6586299571503555E-15,1.4421599900610663E-15,6.462139821358369E-16,,150.100987,2.419449,22.61054,,,,,,,4.6335,,,,,COSMOS,0.6814,0.0,0
,150.1814024833166,2.423415349873339,1.0E-8,0.41084132,,,2.9053399497411952E-15,4.786249877469307E-15,2.191959934187457E-16,,150.18141,2.423422,269.2695,,,,,,,0.727,,,,,COSMOS,0.003867,1.0,1
,150.41212076320318,2.4734806228686144,1.0E-8,0.9758404,,,3.5281899573951208E-15,4.398819972010505E-15,4.433559969550956E-16,,150.412146,2.473543,15.47568,,,,,,,1.2645,,,,,COSMOS,-1.993,0.0,0
,150.0591796926239,2.5052835733122474,1.0E-8,0.9303708,,,4.1583401185049575E-15,3.003780001288722E-15,1.0220699764637966E-15,,150.059222,2.5053,92.8135,,,,,,,1.224,,,,,COSMOS,-1.925,0.0,0
,150.33264548382405,1.9312524523868144,1.0E-8,0.97896624,,,4.143760140383869E-15,2.2241700296029166E-15,9.827139669981648E-16,,150.332655,1.931246,24.57469,,,,,,,1.977,,,,,COSMOS,1.009,0.0,0
,150.38137174783407,1.9326236587920669,3.067789E-10,0.9858423,,,1.7796100811924174E-15,0.0,3.2218600155645703E-16,,150.38139,1.9326,29.95667,,,,,,,0.908,,,,,COSMOS,1.602,0.0,0
,150.106158979616,2.0143782948681364,2.553513E-14,0.9878274,,,3.2997500419600827E-15,2.9272499392295854E-15,5.995669777580362E-16,,150.10618,2.014393,653.2904,,,,,,,1.8524,,,,,COSMOS,0.5023,1.0,1
,150.14290023604633,2.050615279804626,1.0E-8,0.9948204,,,4.9745999352690355E-15,6.114070160529936E-15,8.468519998409431E-16,,150.142933,2.050618,42.66904,,,,,,,2.584,,,,,COSMOS,1.863,0.0,0
,150.29116995271144,2.089269452705914,1.0E-8,0.96319556,,,3.161330035302153E-15,3.947430185188058E-15,2.6580399457630337E-16,,150.291166,2.089271,34.26125,,,,,,,1.778,,,,,COSMOS,1.27,1.0,1
,150.1195800128712,2.1171863069566323,1.0E-8,0.8904973,,,3.92278999675243E-15,2.804419997482345E-15,9.504280356641462E-16,,150.119554,2.117176,11.72739,,,,,,,0.958,,,,,COSMOS,0.9594,0.0,0
,150.19262049430418,2.219864460882865,1.0E-8,0.77523404,,,3.1968999133726765E-15,1.9406200330371456E-15,8.352750182156674E-16,,150.192623,2.219833,11.46453,,,,,,,3.079,,,,,COSMOS,,1.0,1
,149.9845103951405,2.2357433964721536,1.0E-8,0.989487,,,3.4088000282049167E-15,4.159719935176035E-15,3.961860026719245E-16,,149.984506,2.23574,12.93605,,,,,,,1.6396171,,,,,COSMOS,0.9362,0.0,0
,150.33551706509027,2.304953561431016,1.0E-8,0.93374985,,,8.250129705377092E-15,3.927950121467103E-15,2.5288498983126566E-15,,150.335518,2.304907,188.000005,,,,,,,0.123,,,,,COSMOS,,0.0,0
,149.97475052215557,2.3148878753328828,1.114331E-12,0.8924243,,,3.2178900250803485E-15,2.6443599930879623E-15,6.317620118689025E-16,,149.97465,2.314891,23.63415,,,,,,,0.85241944,,,,,COSMOS,1.46,0.0,0
,150.03650735020312,2.321272016763038,1.0E-8,0.793134,,,2.9472799390915447E-15,1.9603899937842978E-15,6.980469986727614E-16,,150.03652,2.321237,15.14131,,,,,,,,,,,,COSMOS,,0.0,0
,150.01069965422553,2.3329651853268625,1.0E-8,0.9001439,,,2.71982004077648E-15,3.731969990878508E-15,2.573420030843349E-16,,150.010696,2.332965,17.97515,,,,,,,2.256564,,,,,COSMOS,0.1067,0.0,0
,150.18794702683226,2.352915064660776,1.0E-8,0.9811522,,,4.776550079673824E-15,3.854669913068345E-15,1.0062199783174189E-15,,150.187957,2.352931,24.75581,,,,,,,0.265,,,,,COSMOS,1.307,0.0,0
,149.90593356021992,2.396453653216565,1.0E-8,0.92091554,,,4.580509809745973E-15,2.448970032705366E-15,1.2801700210963649E-15,,149.905913,2.396447,1386.37,,,,,,,0.742,,,,,COSMOS,0.9851,1.0,1
,150.21148741992448,2.401873537672308,6.439294E-15,0.9715692,,,2.5084899791177418E-15,1.5383200406728212E-15,5.822320249760033E-16,,150.211546,2.401877,24.46066,,,,,,,0.905,,,,,COSMOS,0.1464,0.0,0
,150.05555662532188,2.4492039809050183,1.0E-8,0.82432985,,,2.654429944281395E-15,3.521330049313545E-15,3.234130081898937E-16,,150.055563,2.449165,12.44082,,,,,,,0.732,,,,,COSMOS,,0.0,0
,150.00188007018093,2.4609105496102983,1.001665E-11,0.91399896,,,2.5967499651886926E-15,0.0,7.384949924260815E-16,,150.001855,2.460936,16.53756,,,,,,,0.732,,,,,COSMOS,-1.518,0.0,0
,150.03514256654003,2.046462240119072,2.157619E-9,0.9873742,,,2.050709963982971E-15,1.8844799598425515E-15,2.1317900223369617E-16,,150.03515,2.04647,81.09522,,,,,,,0.37,,,,,COSMOS,0.6755,0.0,0
,150.39141444695443,2.0865160183601343,7.720986E-7,0.973826,,,1.7830299767169567E-15,0.0,5.295469991732594E-16,,150.391417,2.08651,28.18285,,,,,,,0.961,,,,,COSMOS,1.109,0.0,0
,149.94009833715248,2.1402046365852883,1.532108E-14,0.9929585,,,3.1391900763685834E-15,4.014059914401449E-15,4.224669998055021E-16,,149.9401,2.140214,39.31666,,,,,,,1.4778876,,,,,COSMOS,1.417,0.0,0
,150.17600914848643,2.215562262581449,9.681809E-10,0.9783355,,,1.9801500018943197E-15,0.0,7.388489992584746E-16,,150.176008,2.215564,20.47944,,,,,,,0.676,,,,,COSMOS,,0.0,0
,149.8680161572467,2.3518646981984133,1.0E-8,0.9828604,,,3.76269992268842E-15,3.700880070066012E-15,6.657749904428133E-16,,149.867993,2.351864,29.91559,,,,,,,0.36123726,,,,,COSMOS,2.976,0.0,0
,150.44573494042345,2.4130065829162994,1.54321E-14,0.72149974,,,2.227799989298375E-15,0.0,7.40505001609916E-16,,150.445735,2.413015,13.61672,,,,,,,2.5222,,,,,COSMOS,1.788,1.0,1
,150.20878283586245,2.4143184729448346,1.0E-8,0.8540177,,,2.5561499819608995E-15,1.5512599512497883E-15,6.982940146560044E-16,,150.20874,2.41437,11.72475,,,,,,,2.5699,,,,,COSMOS,1.415,0.0,0
,150.0933733703365,2.507336324788211,2.132738E-13,0.8559993,,,1.9003800388119356E-15,1.4342299617297531E-15,5.204349893036121E-16,,150.093393,2.507339,54.42694,,,,,,,2.4559,,,,,COSMOS,2.431,0.0,0
,149.89456141343936,2.207983038414733,1.328743E-6,0.9881231,,,1.4548900482253511E-15,0.0,4.281580024198669E-16,,149.894575,2.208017,342.4463,,,,,,,0.345,,,,,COSMOS,1.666,0.0,0
,149.99601212650106,2.473260055220561,3.483109E-10,0.970051,,,2.851350069683206E-15,0.0,9.419400243788293E-16,,149.99601,2.473265,63.80271,,,,,,,0.348,,,,,COSMOS,-0.06037,1.0,1
,150.31280606275232,2.0090287530734865,2.015548E-6,0.9707317,,,1.996060033500834E-15,0.0,7.227719962822328E-16,,150.312808,2.009038,45.24358,,,,,,,0.311,,,,,COSMOS,-0.7389,0.0,0
,150.39715284822154,1.997866592796452,1.110223E-16,0.9730404,,,3.596680194477156E-15,5.9196401002348156E-15,0.0,,150.397169,1.99788,32.1602,,,,,,,2.709,,,,,COSMOS,2.265,0.0,0
,150.15697586592475,2.089462541997691,4.089062E-12,0.9603294,,,3.3609500782233372E-15,5.757830125771406E-15,0.0,,150.156983,2.089463,28.6913,,,,,,,1.129,,,,,COSMOS,0.7236,0.0,0
,149.88540217414229,2.177129231515321,1.0E-8,0.9891429,,,9.749760033876415E-15,1.638919983884199E-14,0.0,,149.885426,2.177159,309.4418,,,,,,,0.66,,,,,COSMOS,0.3346,1.0,1
,150.25779257584594,2.010531296972994,1.0E-8,0.9843044,,,3.85955009339395E-15,6.772470140980124E-15,0.0,,150.257799,2.01055,15.69908,,,,,,,1.7585,,,,,COSMOS,0.7948,1.0,1
,150.2664191905928,2.049844059628473,2.019163E-12,0.9680015,,,2.32163006403047E-15,2.6221700592105046E-15,3.0383400043278814E-16,,150.266405,2.049853,105.1653,,,,,,,0.962,,,,,COSMOS,0.7292,1.0,1
,149.89699379190583,2.196247946540956,8.113645E-10,0.97531855,,,2.8152700660201988E-15,4.511250043231357E-15,0.0,,149.897003,2.196247,37.24818,,,,,,,1.5546076,,,,,COSMOS,-1.868,1.0,1
,150.1363628102534,2.225265789844891,2.298817E-8,0.98659706,,,2.1714900859978563E-15,4.87373016971231E-15,0.0,,150.136374,2.225255,48.76828,,,,,,,1.024,,,,,COSMOS,0.3463,0.0,0
,149.9701065250423,2.335392946392946,1.287859E-14,0.97323537,,,3.386959918934675E-15,5.633940122290676E-15,1.5634100036034408E-16,,149.970048,2.335286,30.34151,,,,,,,0.934,,,,,COSMOS,1.239,0.0,0
,149.85013024340716,2.4522313550656816,1.9535E-9,0.97490865,,,3.166730082099136E-15,3.5488499380116004E-15,5.579040211209981E-16,,149.85014,2.452239,869.0686,,,,,,,0.714,,,,,COSMOS,1.47,1.0,1
,150.35089520592305,1.9295956035186843,1.150371E-6,0.9930164,,,2.156200082508732E-15,2.3237400231020805E-15,1.4037699687322188E-16,,150.350901,1.929577,13.63595,,,,,,,1.1618,,,,,COSMOS,1.2,0.0,0
,150.3234618509107,1.9713697351538504,1.0E-8,0.97381955,,,3.045250099111582E-15,5.818320136666624E-15,0.0,,150.323467,1.971372,15.90955,,,,,,,0.88944817,,,,,COSMOS,0.4799,0.0,0
,150.00858205695516,2.0257410446786297,1.196353E-6,0.901352,,,1.3028299523804303E-15,1.6947200157021178E-15,0.0,,150.008637,2.025744,50.45821,,,,,,,1.193,,,,,COSMOS,,0.0,0
,150.2948128118305,2.034479531865657,9.446921E-11,0.91754556,,,2.2857999350869027E-15,3.911740028439024E-15,0.0,,150.294827,2.034485,1173.414,,,,,,,0.972,,,,,COSMOS,0.6177,1.0,1
,149.9164837019542,2.058050907549804,8.245789E-8,0.9177522,,,1.3435200387379876E-15,1.4963099593460864E-15,0.0,,149.916474,2.058043,128.6693,,,,,,,1.471,,,,,COSMOS,1.671,1.0,1
,150.1382342671104,2.2250033517110017,3.254521E-9,0.99072576,,,2.649739922852448E-15,5.648340105910473E-15,0.0,,150.138251,2.225015,12.1692,,,,,,,1.62348,,,,,COSMOS,1.048,0.0,0
,150.26188108329782,2.276641938239396,1.0E-8,0.9883982,,,2.6489100423223756E-15,4.31693009721938E-15,1.6848900130607744E-16,,150.26191,2.276636,18.9479,,,,,,,1.3330885,,,,,COSMOS,1.504,0.0,0
,150.1521559924007,2.307795769614504,1.44329E-14,0.97091097,,,3.1294100222013484E-15,4.418059901890913E-15,2.321150061047173E-16,,150.152169,2.307821,25.08921,,,,,,,3.1787236,,,,,COSMOS,2.022,1.0,1
,150.17112219572397,2.3370376087602422,1.0E-8,0.9679749,,,4.09113991260159E-15,5.917019803812484E-15,2.665859912750763E-16,,150.171131,2.337065,24.65736,,,,,,,1.26,,,,,COSMOS,0.908,0.0,0
,149.93213387585757,2.3567104889183623,1.0E-8,0.98139906,,,5.9701101348804894E-15,9.407810291971012E-15,2.575010070504023E-16,,149.932149,2.356728,35.65937,,,,,,,1.097,,,,,COSMOS,0.8655,0.0,0
,150.09493624738582,2.425169347642468,7.705733E-8,0.97552073,,,2.6348600950680317E-15,3.451289953696271E-15,2.1436099700692014E-16,,150.094944,2.425179,32.02511,,,,,,,0.348,,,,,COSMOS,0.6645,0.0,0
,150.09927297582638,2.0182120477179883,8.980087E-10,0.76565075,,,1.9950499467112333E-15,1.584080042736169E-15,3.9192201234566676E-16,,150.09928,2.018192,172.7543,,,,,,,0.361,,,,,COSMOS,,1.0,1
,149.94066272823582,2.101186376447003,1.57717E-10,0.9603569,,,2.0254700762206874E-15,3.38554007995684E-15,0.0,,149.940661,2.101181,15.63673,,,,,,,0.8453,,,,,COSMOS,1.052,0.0,0
,150.21738122943427,2.1140636921907308,1.626492E-7,0.9649306,,,8.511990258658114E-16,1.2522000402659622E-15,0.0,,150.217388,2.114069,55.31081,,,,,,,1.092,,,,,COSMOS,1.346,0.0,0
,150.39148774349556,2.1831007237327453,2.317813E-12,0.97279656,,,1.5759000338062975E-15,1.1247400046707928E-15,3.119429909439884E-16,,150.391494,2.183114,18.65255,,,,,,,2.957,,,,,COSMOS,2.058,1.0,1
,150.35659598457033,2.2242439486722314,1.773893E-9,0.4474651,,,1.7488999487776471E-15,1.8690599367960237E-15,1.4467399501464295E-16,,150.356584,2.224267,12.38546,,,,,,,3.1328,,,,,COSMOS,1.872,1.0,1
,150.22717332770569,2.232523798334733,2.321053E-6,0.9805495,,,7.963550189596348E-16,0.0,1.5143499876473697E-16,,150.227195,2.232514,26.53377,,,,,,,1.7563,,,,,COSMOS,1.941,0.0,0
,150.0058994530429,2.294984482237074,1.893096E-7,0.9882076,,,1.9969401007330313E-15,2.3133600578499527E-15,0.0,,150.005897,2.294986,25.24056,,,,,,,0.2224,,,,,COSMOS,2.074,0.0,0
,150.3079829884734,2.367976238501789,1.0E-8,0.97225034,,,3.2839499128784746E-15,5.1410101456689835E-15,9.060620116039625E-17,,150.307974,2.367983,13.28552,,,,,,,0.879,,,,,COSMOS,-0.4199,0.0,0
,150.02215204204566,2.026492546614584,1.534534E-10,0.9532767,,,2.729189919239007E-15,3.192699900503716E-15,3.0660599516201664E-16,,150.022143,2.026516,57.38692,,,,,,,0.311,,,,,COSMOS,0.7894,0.0,0
,149.91060823985558,2.0885284514259483,1.417122E-7,0.9743292,,,1.6209500105016095E-15,2.7917699839315755E-15,0.0,,149.9106,2.088516,21.36521,,,,,,,1.3845,,,,,COSMOS,2.186,0.0,0
,149.8935575406145,2.0918596916686614,4.416394E-7,0.8278046,,,1.1793000437814024E-15,1.3976900191763867E-15,0.0,,149.893559,2.091847,27.43732,,,,,,,1.08744,,,,,COSMOS,0.5937,0.0,0
,150.05657817856817,2.2085307090492243,1.457177E-9,0.9671817,,,2.1834099571480924E-15,2.472030081177891E-15,2.5040599438640426E-16,,150.056574,2.208534,233.7917,,,,,,,0.186,,,,,COSMOS,1.364,0.0,0
,150.08928171531807,2.2995974623289617,2.566508E-6,0.7830209,,,2.1868400170679987E-15,4.477909979394481E-15,0.0,,150.089307,2.299576,31.8878,,,,,,,0.532,,,,,COSMOS,,1.0,1
,149.93661791898293,2.447480495581761,3.396198E-6,0.9739523,,,1.2137700495699162E-15,3.248529959639615E-15,0.0,,149.93661,2.447471,21.87031,,,,,,,0.695,,,,,COSMOS,-0.01196,1.0,1
,150.04958953505516,2.24021721154009,1.327037E-7,0.9667931,,,2.6863899796889575E-15,4.338910178684156E-15,0.0,,150.049551,2.240292,24.05151,,,,,,,0.602,,,,,COSMOS,0.9019,1.0,1
,150.08061529490848,2.3902895090762284,1.771353E-9,0.7524397,,,3.1080800385235906E-15,4.362639806701485E-15,2.5466000560575217E-16,,150.080632,2.390263,80.14724,,,,,,,0.352,,,,,COSMOS,,1.0,1
,150.11562392039997,1.951161546796492,-1.0,0.9033199,,,0.0,0.0,2.5450100163968477E-16,,150.115644,1.951073,46.74756,,,,,,,0.2642,,,,,COSMOS,,0.0,0
,150.20988731030062,2.2495564344499908,-1.0,0.98387396,,,1.3016599881220353E-15,0.0,2.476519991073049E-16,,150.209894,2.249555,51.19918,,,,,,,1.7918,,,,,COSMOS,2.846,0.0,0
,149.95344619682666,2.2124714703217347,-1.0,0.97434753,,,2.7352999914040258E-15,1.6666200153143116E-15,6.740280030248264E-16,,149.953438,2.21248,302.7561,,,,,,,0.478,,,,,COSMOS,0.08686,1.0,1
,150.3152174067542,2.326467133757056,-1.0,0.9628299,,,6.247230092585416E-16,0.0,2.4528800956085696E-16,,150.315166,2.326463,47.39789,,,,,,,0.4314,,,,,COSMOS,0.5654,0.0,0
,149.9906291574496,2.464289496406841,-1.0,0.97495717,,,1.2115600347314113E-15,0.0,1.6200000101117046E-16,,149.990616,2.464308,36.02808,,,,,,,0.89,,,,,COSMOS,1.908,0.0,0
,149.8711857779928,2.468962932841266,-1.0,0.9856116,,,8.187530053047618E-16,0.0,3.476419885994089E-16,,149.871185,2.46897,29.83152,,,,,,,2.147,,,,,COSMOS,1.712,1.0,1
,150.23833820718127,2.056162062265493,-1.0,0.9743633,,,2.1930000641769056E-15,4.216330111656355E-15,0.0,,150.238343,2.056172,74.04116,,,,,,,1.505234,,,,,COSMOS,1.484,1.0,1
,150.4203763292508,2.3863056518987,-1.0,0.96612954,,,4.043429934814545E-15,4.583700159341807E-15,5.003409855145759E-16,,150.420376,2.386311,15.2085,,,,,,,0.9006,,,,,COSMOS,0.9619,0.0,0
,150.16107552813617,2.278698587447276,-1.0,0.744953,,,1.7759300406739527E-15,3.600859878555383E-15,0.0,,150.161086,2.278696,42.26726,,,,,,,0.426,,,,,COSMOS,-0.1637,0.0,0
,149.8825092629172,2.505126712311723,1.0E-8,0.922686,,,1.765990003158805E-14,1.2302700396241931E-14,4.522879805597159E-15,,149.882496,2.50512,20.58354,,,,,,,3.1373,,,,,COSMOS,0.3701,0.0,0
,150.02233392473136,2.516524315330405,1.0E-8,0.9817737,,,1.532179941189822E-14,1.693409952194247E-14,2.736019969409192E-15,,150.022378,2.51654,195.5376,,,,,,,0.678,,,,,COSMOS,0.4394,1.0,1
,149.98079902224873,2.5214014516332544,1.0E-8,0.9537384,,,4.370820027389593E-15,0.0,1.399059989089452E-15,,149.98081,2.521393,32.00001,,,,,,,1.494,,,,,COSMOS,-2.674,0.0,0
,150.13232042708287,2.5232793066197607,1.0E-8,0.98657036,,,1.32161000689795E-14,1.8535799861684778E-14,1.0601800004640173E-15,,150.132311,2.523304,30.90698,,,,,,,1.3200842,,,,,COSMOS,1.505,0.0,0
,149.95858622179597,2.552815209945851,1.0E-8,0.99719214,,,9.460350051623302E-15,9.582720054480184E-15,1.7920801002418952E-15,,149.958587,2.552793,30.21102,,,,,,,1.3182786,,,,,COSMOS,1.656,0.0,0
,150.1153560089919,2.5821944168876176,1.0E-8,0.9885297,,,5.269580006183293E-15,4.010579879537655E-15,1.1450100324941802E-15,,150.115352,2.58219,24.83288,,,,,,,0.8926179,,,,,COSMOS,0.2143,0.0,0
,149.99182432522568,2.5900445047658303,1.0E-8,0.9812691,,,1.1645800087624857E-14,1.01331000407494E-14,2.46573006187445E-15,,149.991825,2.590047,39.63841,,,,,,,1.5571591,,,,,COSMOS,-0.1819,0.0,0
,150.0620212730143,2.6594590763536483,1.0E-8,0.992189,,,1.7922800423690946E-14,9.574010014683568E-15,5.451579857977456E-15,,150.062041,2.65946,30.3716,,,,,,,0.437,,,,,COSMOS,0.7913,0.0,0
,149.95344806627517,2.66032891017258,1.0E-8,0.9832609,,,4.017830058049678E-15,2.83315008450379E-15,1.0181900361697798E-15,,149.953426,2.660322,28.53044,,,,,,,0.892,,,,,COSMOS,-0.7049,1.0,1
,149.94107449102614,2.6636952474183646,1.0E-8,0.99604344,,,6.0510000872773806E-15,1.6575699976684915E-15,2.1487199345515294E-15,,149.941083,2.663683,43.80189,,,,,,,1.659,,,,,COSMOS,-2.001,1.0,1
,149.8837415472126,2.66643139723602,1.0E-8,0.9928059,,,3.100110093764638E-14,2.4254300553649272E-14,7.721100031576368E-15,,149.883731,2.666437,13.11239,,,,,,,1.3464328,,,,,COSMOS,2.424,0.0,0
,149.93662705967407,2.680233437608498,1.0E-8,0.9943299,,,8.591680155951159E-14,4.8783798723729677E-14,2.5725200371610676E-14,,149.936611,2.680215,24.39105,,,,,,,1.407,,,,,COSMOS,2.009,0.0,0
,149.89952865581182,2.693772144263761,1.0E-8,0.89828944,,,8.037980139341885E-15,8.741810308401585E-15,1.4793100080946926E-15,,149.899512,2.693734,40.8214,,,,,,,1.029,,,,,COSMOS,,0.0,0
,149.85243525906577,2.719442900883516,1.0E-8,0.9931522,,,6.964930002639931E-15,5.4010801771786285E-15,1.5390200075246084E-15,,149.852432,2.719431,13.63408,,,,,,,3.255,,,,,COSMOS,2.34,0.0,0
,149.97434865008557,2.746130570423338,1.0E-8,0.9915106,,,6.038679993059567E-15,3.8691198716320294E-15,1.5499000398529715E-15,,149.974337,2.746116,31.13583,,,,,,,1.5785,,,,,COSMOS,1.176,1.0,1
,150.33208826139554,2.758492334386175,1.0E-8,0.99690443,,,7.137440120809531E-15,6.186350023017987E-15,1.3429900078712432E-15,,150.332079,2.758485,21.0515,,,,,,,1.205,,,,,COSMOS,0.8704,0.0,0
,150.2595703830162,2.7691384708903963,1.0E-8,0.9853995,,,8.116770297062533E-15,5.539919888661923E-15,2.1581700693858088E-15,,150.259569,2.769139,13.70592,,,,,,,1.308,,,,,COSMOS,1.39,0.0,0
,150.23047619917386,2.777996649000754,1.0E-8,0.97797894,,,8.139480097411368E-15,7.530680248770023E-15,1.5373999511338662E-15,,150.230472,2.778007,24.03041,,,,,,,2.1579,,,,,COSMOS,0.7916,0.0,0
,150.10508445469574,2.795166817736197,1.0E-8,0.9828518,,,8.627580292167817E-15,6.4400198735781785E-15,1.9591899598562753E-15,,150.105091,2.795179,18.02654,,,,,,,0.215,,,,,COSMOS,1.467,0.0,0
,150.2020976434702,2.7958456921771813,1.0E-8,0.9925722,,,6.738180129692902E-15,3.801410175410889E-15,1.8213599116461083E-15,,150.202097,2.79585,12.74757,,,,,,,1.957,,,,,COSMOS,2.006,0.0,0
,149.8126504484005,2.8023521836011835,1.0E-8,0.99444324,,,6.729060125949815E-15,7.21639036775721E-15,1.0126799809687722E-15,,149.81264,2.802361,25.64854,,,,,,,0.884,,,,,COSMOS,-0.2512,0.0,0
,150.15878137767967,2.808475485082787,1.0E-8,0.99351645,,,1.4427200482457908E-14,4.88370991189686E-15,5.092500145263256E-15,,150.158786,2.808492,12.8346,,,,,,,2.834,,,,,COSMOS,-1.709,0.0,0
,150.26772591497104,2.5520854556045296,1.0E-8,0.77563286,,,2.43878001459166E-15,1.3226999688944769E-15,6.931949821926519E-16,,150.267722,2.552048,71.05144,,,,,,,0.267,,,,,COSMOS,,1.0,1
,150.33356924774134,2.5788170654298184,1.0E-8,0.41461885,,,5.629319981079878E-15,2.8083199489297404E-15,1.6473999907081643E-15,,150.333568,2.578822,11369.18,,,,,,,3.2671,,,,,COSMOS,2.434,1.0,1
,150.130251351429,2.611925445854615,1.81677E-7,0.96295214,,,1.453629980837192E-15,0.0,3.861400066290313E-16,,150.130221,2.611968,15.1113,,,,,,,1.578,,,,,COSMOS,-0.009742,0.0,0
,150.00462272546417,2.632771656821704,1.0E-8,0.9928694,,,1.0455600212119949E-14,7.492669645261987E-15,2.582150081793344E-15,,150.004616,2.632773,16.33169,,,,,,,0.677,,,,,COSMOS,,0.0,0
,149.9253659167633,2.6842355251113594,1.0E-8,0.97996074,,,5.515350003960917E-15,5.473180045165388E-15,7.071970191459167E-16,,149.925342,2.684223,70.67954,,,,,,,1.779,,,,,COSMOS,2.724,0.0,0
,150.15951047005927,2.692605965676059,5.1329E-9,0.9831546,,,1.9764599028596064E-15,7.505560004411539E-16,5.755749812852949E-16,,150.159478,2.692745,31.13162,,,,,,,0.725,,,,,COSMOS,,1.0,1
,150.09454608827764,2.7028700950803195,1.0E-8,0.98447245,,,6.789270192455966E-15,4.58640007686118E-15,1.7555200406560315E-15,,150.094531,2.70289,34.61838,,,,,,,1.89933,,,,,COSMOS,0.8374,0.0,0
,150.00109304423583,2.794274151825161,1.0E-8,0.98651046,,,8.596389997951072E-15,8.748009742542539E-15,1.684129986279071E-15,,150.001074,2.794265,21.36248,,,,,,,1.325,,,,,COSMOS,0.1334,0.0,0
,149.91568665249682,2.52132384308672,3.819167E-14,0.95961106,,,3.1892700523420466E-15,1.6659200484625243E-15,8.246319962938579E-16,,149.915692,2.521317,186.0991,,,,,,,0.728,,,,,COSMOS,-0.5831,1.0,1
,150.2270998621571,2.537563391056961,1.0E-8,0.9271838,,,1.2323300237519156E-14,1.9726299586853013E-14,8.066099939124834E-16,,150.227131,2.537558,93.54843,,,,,,,1.801,,,,,COSMOS,2.365,1.0,1
,150.20899451347287,2.5750522617886773,1.0E-8,0.9784119,,,3.9559699713622755E-15,1.7311499498514596E-15,1.1009300144025928E-15,,150.209023,2.575055,12.84363,,,,,,,0.99583066,,,,,COSMOS,1.116,0.0,0
,149.95512343941346,2.6578984568923283,1.0E-8,0.9862097,,,3.454959935698487E-15,1.9304700372301973E-15,9.805770087513606E-16,,149.955118,2.65795,34.08604,,,,,,,2.079,,,,,COSMOS,0.9119,0.0,0
,150.06718057444743,2.7356347714719327,5.834211E-10,0.9377025,,,2.0268299876175042E-15,0.0,6.494500185712628E-16,,150.067192,2.735639,17.4737,,,,,,,2.82,,,,,COSMOS,2.501,0.0,0
,150.31805380305337,2.73685620104047,1.605515E-7,0.96127146,,,1.513629983172424E-15,0.0,4.542559874972784E-16,,150.317987,2.736825,12.12472,,,,,,,1.79,,,,,COSMOS,1.734,0.0,0
,149.88824937969383,2.774022804164657,5.606626E-14,0.91177064,,,2.099709972948685E-15,1.372700006133543E-15,4.323520066488578E-16,,149.888233,2.774,28.22029,,,,,,,2.945,,,,,COSMOS,2.081,0.0,0
,149.85700767278888,2.779681164285789,1.0E-8,0.9161398,,,4.300030095855762E-15,0.0,1.4944400282359042E-15,,149.857009,2.779666,45.3038,,,,,,,1.5079,,,,,COSMOS,1.788,0.0,0
,150.30865610671728,2.7966474839802227,1.0E-8,0.9831475,,,6.261359872695039E-15,2.8873400760955677E-15,2.099200059114438E-15,,150.308652,2.796667,15.44998,,,,,,,1.6668,,,,,COSMOS,1.467,1.0,1
,150.09496987147563,2.808384875073364,1.0E-8,0.99724257,,,5.374609974060458E-15,3.8250699232100695E-15,1.333220012220257E-15,,150.094975,2.80847,17.2095,,,,,,,1.326,,,,,COSMOS,1.889,0.0,0
,149.97786281033288,2.5042407827975577,2.88658E-15,0.97587305,,,2.258209954412462E-15,1.8218899425128526E-15,4.026020125495798E-16,,149.977853,2.504217,1290.572,,,,,,,1.171,,,,,COSMOS,0.3807,1.0,1
,149.98609185793356,2.6362656445521915,3.101262E-6,0.96205735,,,1.233769979762248E-15,0.0,3.1625100051372375E-16,,149.986081,2.636266,11.91274,,,,,,,0.3473,,,,,COSMOS,-0.3966,0.0,0
,150.3351657424398,2.6428512845644856,6.505907E-14,0.48828968,,,3.283880032660326E-15,1.852569899378877E-15,9.518960496408563E-16,,150.335115,2.642822,99.27953,,,,,,,2.899,,,,,COSMOS,1.203,1.0,1
,150.11040136300704,2.7082914498814,1.042499E-13,0.5714692,,,2.9241000354569835E-15,1.1423500314024465E-15,7.71478984787756E-16,,150.1104,2.708278,2250.165,,,,,,,0.351,,,,,COSMOS,,1.0,1
,149.89599362270786,2.783629337767734,1.0E-8,0.9732432,,,4.501549821919401E-15,5.328749916230216E-15,5.912709782539499E-16,,149.89597,2.783549,72.9257,,,,,,,0.576,,,,,COSMOS,0.1648,1.0,1
,150.13847622124428,2.529356890679993,1.012019E-9,0.9726945,,,2.387779949079242E-15,3.890330000147751E-15,0.0,,150.138476,2.529363,21.4345,,,,,,,0.8968,,,,,COSMOS,0.422,1.0,1
,149.90635871695417,2.720849940478033,2.5894E-8,0.97656524,,,1.7393099476279523E-15,2.1983399716346335E-15,0.0,,149.906338,2.720825,58.4164,,,,,,,0.897015,,,,,COSMOS,2.367,0.0,0
,150.10243319196968,2.7852210541664943,1.0E-8,0.97441113,,,3.2550300904768447E-15,5.2522001606550555E-15,0.0,,150.102425,2.785222,16.01921,,,,,,,1.0449736,,,,,COSMOS,-0.06156,0.0,0
,149.9609384727061,2.618461229702487,5.663198E-7,0.98586625,,,1.8160699791322683E-15,2.3802199682667604E-15,0.0,,149.960949,2.618429,38.88314,,,,,,,1.317,,,,,COSMOS,0.2952,1.0,1
,150.1298056502519,2.6247172729851056,1.0E-8,0.97376335,,,3.4597700240477074E-15,8.445580228615417E-16,1.1757000478764532E-15,,150.129806,2.624712,29.93229,,,,,,,0.866,,,,,COSMOS,-0.3709,0.0,0
,149.95222770763482,2.6514235699039563,2.27105E-11,0.99165314,,,1.6864700206749793E-15,1.6974200391006093E-15,1.988859962281597E-16,,149.952213,2.651418,36.50762,,,,,,,3.08,,,,,COSMOS,1.872,0.0,0
,149.9593917264908,2.6903762074127533,1.110223E-16,0.9801935,,,2.5241099019398215E-15,3.4726099847368986E-15,2.292139976697101E-16,,149.959388,2.690375,24.23203,,,,,,,1.123,,,,,COSMOS,-2.604,0.0,0
,150.34746940368322,2.7886836817760203,1.0E-8,0.9904062,,,4.5968799920010836E-15,7.350200397599708E-15,0.0,,150.347555,2.788719,82.58618,,,,,,,1.7465,,,,,COSMOS,1.074,1.0,1
,150.0769084733465,2.5106161921458123,2.95829E-6,0.96879244,,,1.0007699565765479E-15,1.0151899513497235E-15,0.0,,150.076918,2.510621,11.54712,,,,,,,1.244,,,,,COSMOS,1.051,0.0,0
,150.31798370200724,2.5349317788530032,3.747858E-11,0.93136793,,,1.971410104186313E-15,1.8972199706439666E-15,2.6640700262540963E-16,,150.317982,2.534952,27.25336,,,,,,,3.024,,,,,COSMOS,1.904,0.0,0
,149.8559286780201,2.582329429478992,2.915471E-9,0.93830097,,,2.1537699449830595E-15,2.505710016984853E-15,2.479560045260304E-16,,149.855933,2.58234,28.13601,,,,,,,2.16,,,,,COSMOS,1.737,0.0,0
,150.0585529097145,2.602046742514011,1.0E-8,0.991525,,,3.642640202195175E-15,5.369830167139102E-15,1.3664999896574376E-16,,150.058551,2.602052,12.99831,,,,,,,0.696,,,,,COSMOS,1.227,0.0,0
,150.2595407602707,2.6754656712283134,1.44329E-15,0.9618143,,,2.927829945040218E-15,5.393229875823476E-15,0.0,,150.259545,2.675434,49.29391,,,,,,,1.062,,,,,COSMOS,0.9362,0.0,0
,149.82374646609267,2.690292298731256,1.213178E-10,0.96702254,,,1.7353899850271778E-15,3.031450026576678E-15,0.0,,149.823757,2.690309,16.08904,,,,,,,1.8238,,,,,COSMOS,1.005,0.0,0
,150.08846692532975,2.733592865971932,1.0E-8,0.98586893,,,7.869440064596066E-15,1.065870007814669E-14,6.386349960216015E-16,,150.088461,2.733599,22.33666,,,,,,,1.333,,,,,COSMOS,-0.1314,0.0,0
,150.1005818253022,2.8133247745192875,1.036145E-7,0.65838224,,,4.328049945750935E-15,4.154819849576169E-15,0.0,,150.100579,2.813309,27.66647,,,,,,,,,,,,COSMOS,,1.0,1
,149.91253711376174,2.527189475816674,1.618679E-8,0.97369516,,,1.730460041515921E-15,1.7977300217583182E-15,0.0,,149.912529,2.527172,12.95632,,,,,,,0.736,,,,,COSMOS,1.703,0.0,0
,149.9279909791098,2.5350895825689395,3.43281E-13,0.92298275,,,2.968190006185701E-15,5.6884399161829125E-15,0.0,,149.927985,2.535074,143.1662,,,,,,,0.669,,,,,COSMOS,-0.2759,1.0,1
,149.926161975058,2.560454532553932,1.185073E-8,0.89533955,,,1.111480021518882E-15,2.1795900503142123E-15,0.0,,149.926158,2.560418,16.4948,,,,,,,0.702,,,,,COSMOS,0.0986,1.0,1
,150.0522863194007,2.5948252225550035,2.866954E-9,0.7336675,,,1.7308600528252618E-15,2.3762399722058493E-15,0.0,,150.052278,2.59478,20.52604,,,,,,,0.696,,,,,COSMOS,,0.0,0
,150.30030077479822,2.6852150988941244,5.7232E-13,0.7974457,,,2.1631999627848416E-15,2.897999985736763E-15,0.0,,150.300293,2.685193,913.3405,,,,,,,,,,,,COSMOS,,1.0,1
,150.12928849692253,2.722038481573926,1.033198E-8,0.9717703,,,1.5673800470272217E-15,1.7139299817920165E-15,0.0,,150.129295,2.722051,18.22873,,,,,,,0.85856295,,,,,COSMOS,-12.09,0.0,0
,150.02064170825446,2.774488779401985,5.515271E-8,0.99252665,,,8.9517395893238E-16,1.3928100506090178E-15,0.0,,150.020611,2.774484,593.5367,,,,,,,2.091,,,,,COSMOS,0.5708,1.0,1
,150.29652005922796,2.8116491577690472,1.419762E-7,0.9790289,,,1.1591699881525488E-15,2.1939000366833633E-15,0.0,,150.296515,2.811656,34.67405,,,,,,,0.0,,,,,COSMOS,2.222,0.0,0
,150.21305392745953,2.6880633620673944,1.096801E-8,0.96413505,,,1.4622799871736713E-15,1.0561100071524603E-15,2.856510088518761E-16,,150.21304,2.688049,13.22896,,,,,,,1.956,,,,,COSMOS,0.965,0.0,0
,150.25142207166977,2.555422562313635,-1.0,0.981029,,,1.3789699557673562E-15,0.0,4.579489982077479E-16,,150.25142,2.555409,40.12774,,,,,,,1.243,,,,,COSMOS,0.04773,0.0,0
,150.23584087212652,2.680201986157817,-1.0,0.9508042,,,0.0,0.0,3.207070026212122E-16,,150.235839,2.680205,17.22449,,,,,,,1.7508,,,,,COSMOS,1.325,0.0,0
,150.30454077316583,2.743147775974963,-1.0,0.9810216,,,1.141100022530536E-15,2.1390999696113255E-15,0.0,,150.304527,2.743115,11.88163,,,,,,,0.322,,,,,COSMOS,0.8894,1.0,1
,150.5698616279637,1.623611032819958,1.0E-8,0.9913049,,,1.9118399287201653E-14,1.0225199627170254E-14,5.697240164988411E-15,,150.56987,1.623613,13.26657,,,,,,,0.622,,,,,COSMOS,2.326,0.0,0
,150.4299412997941,1.6844439340739017,4.440892E-16,0.99280614,,,3.452809954320119E-15,3.5490600021825195E-15,4.688579884749953E-16,,150.429951,1.684447,24.59253,,,,,,,1.0,,,,,COSMOS,2.333,0.0,0
,150.42429950824018,1.7174595087257156,1.0E-8,0.9572143,,,5.088799881833176E-15,3.36978992581912E-15,1.238489964981704E-15,,150.424315,1.717439,11.08693,,,,,,,1.772,,,,,COSMOS,0.7231,1.0,1
,150.4916801013074,1.7725908098256655,1.0E-8,0.9988622,,,1.9476199556649025E-14,2.13992997719634E-14,3.080329968622119E-15,,150.491699,1.772589,23.32396,,,,,,,0.833,,,,,COSMOS,-0.8935,0.0,0
,150.75798692775595,1.785632775955756,1.0E-8,0.99660224,,,2.5349100802370822E-14,2.3741300131342388E-14,4.848820201282982E-15,,150.758046,1.78563,27.95227,,,,,,,1.754,,,,,COSMOS,1.588,1.0,1
,150.47819306264103,1.7903056885235888,1.0E-8,0.98657954,,,5.796509885307773E-15,7.654159864787808E-15,4.460059924701399E-16,,150.478183,1.790313,69.98495,,,,,,,0.702,,,,,COSMOS,-1.669,1.0,1
,150.45861097325303,1.85943048067738,1.0E-8,0.96232295,,,6.98261012134797E-15,5.785440011720107E-15,1.4118999497786432E-15,,150.458636,1.859445,13.20098,,,,,,,2.51,,,,,COSMOS,2.162,0.0,0
,150.7456622626073,1.91329454543825,1.0E-8,0.9914325,,,7.483649591406676E-15,7.2938100261692E-15,1.493410036172043E-15,,150.745663,1.913314,23.66465,,,,,,,0.771,,,,,COSMOS,1.59,0.0,0
,150.407573767317,1.9235932332244228,2.158151E-9,0.7157512,,,1.473419952737723E-15,1.390960024773096E-15,2.71413999665087E-16,,150.407594,1.923584,17.36214,,,,,,,2.085,,,,,COSMOS,,0.0,0
,150.63565393485575,1.9370546750160769,1.711364E-11,0.9750617,,,2.8426999574676084E-15,2.303289894898283E-15,5.073349894996139E-16,,150.635633,1.937023,69.63662,,,,,,,1.111,,,,,COSMOS,2.203,0.0,0
,150.58544639374026,1.9385588225714392,1.0E-8,0.995214,,,1.2277199622331893E-14,1.0534099837539689E-14,2.818289950235397E-15,,150.585474,1.938557,22.17587,,,,,,,0.445,,,,,COSMOS,0.3919,0.0,0
,150.58183977402143,1.6805962023062184,1.0E-8,0.9801114,,,6.302789948211141E-15,5.181909978560105E-15,1.4217099677363873E-15,,150.581842,1.68062,117.4867,,,,,,,0.878,,,,,COSMOS,1.304,0.0,0
,150.6114533808622,1.681045437669204,1.0E-8,0.9354218,,,2.549550028290836E-14,1.3917600050401303E-14,7.541850072245466E-15,,150.611455,1.681031,28.10573,,,,,,,0.248,,,,,COSMOS,,0.0,0
,150.49126654257134,1.793681022602969,1.0E-8,0.996724,,,8.622539599098707E-15,1.0263899715497356E-14,1.1012600396146668E-15,,150.491314,1.793686,45.68009,,,,,,,2.028,,,,,COSMOS,-0.04257,0.0,0
,150.50923363675273,1.836434992609652,3.391171E-7,0.9798153,,,8.211379853864339E-16,0.0,1.7421400435234065E-16,,150.509242,1.836457,345.7274,,,,,,,1.176,,,,,COSMOS,-0.08995,1.0,1
,150.69480130348182,1.8868718385715608,1.0E-8,0.9959633,,,1.5237900798472682E-14,1.6851300357282467E-14,1.9396499685543026E-15,,150.694811,1.886894,60.93543,,,,,,,1.124,,,,,COSMOS,-0.1546,1.0,1
,150.5873932595598,1.6687360657253585,1.0E-8,0.99355036,,,3.541400071482262E-15,3.730909929145019E-15,7.306710020318528E-16,,150.58738,1.668756,96.14909,,,,,,,1.222,,,,,COSMOS,2.259,0.0,0
,150.6125280182232,1.7173559606885829,1.0E-8,0.98232985,,,5.344149822244246E-15,2.211749985497327E-15,1.7073599707366385E-15,,150.612524,1.717356,41.34211,,,,,,,1.24,,,,,COSMOS,1.747,0.0,0
,150.6973830912294,1.9337082049872976,1.0E-8,0.9765181,,,4.713900134763107E-15,4.0740798220109415E-15,9.031599973173304E-16,,150.697397,1.93371,38.82438,,,,,,,0.301,,,,,COSMOS,-3.848,1.0,1
,150.426474054086,1.6827556287106846,1.103673E-12,0.9909151,,,3.651609857590124E-15,0.0,1.3401099899714602E-15,,150.426478,1.682755,204.5723,,,,,,,0.218,,,,,COSMOS,,1.0,1
,150.62818728636518,1.622544931154519,3.839215E-7,0.9701464,,,2.7477600578163733E-15,0.0,6.439189993048106E-16,,150.628181,1.622533,68.55113,,,,,,,2.3,,,,,COSMOS,2.554,0.0,0
,150.48927036595256,1.6187977726510363,1.0E-8,0.9814483,,,4.319580039794865E-15,5.804900170166801E-15,3.9863599253229837E-16,,150.489255,1.618783,33.26316,,,,,,,0.459,,,,,COSMOS,0.3405,0.0,0
,150.70364044647408,1.648616176548067,1.0E-8,0.93760544,,,1.2273699682193839E-14,1.7674299591691374E-14,4.092609885341991E-16,,150.703633,1.648639,209.8942,,,,,,,0.694,,,,,COSMOS,2.603,1.0,1
,150.40286841197627,1.879014979149955,1.0E-8,0.9704115,,,1.409480018999985E-14,1.301009996214136E-14,2.761499991012022E-15,,150.402887,1.878996,22.22254,,,,,,,3.571,,,,,COSMOS,2.512,0.0,0
,150.48943455667458,1.7192106392577369,2.192327E-9,0.9778868,,,1.5824599863454268E-15,2.074239903982985E-15,0.0,,150.489471,1.719215,53.01196,,,,,,,1.915,,,,,COSMOS,1.191,1.0,1
,150.76530020802286,1.7933180197891196,1.0E-8,0.99333894,,,5.30527990381122E-15,8.008920132987485E-15,0.0,,150.76534,1.793339,13170.00109,,,,,,,1.203,,,,,COSMOS,0.4848,1.0,1
,150.39103696357805,1.916173700036232,6.77447E-12,0.9574143,,,2.007919977070052E-15,2.0116200287418956E-15,2.657139973256576E-16,,150.391031,1.916175,63.89523,,,,,,,1.133,,,,,COSMOS,1.415,0.0,0
,150.46759208396062,1.9357219839741395,6.217249E-15,0.9867968,,,3.431280070866809E-15,5.204970027032629E-15,0.0,,150.46759,1.935723,214.0524,,,,,,,0.969,,,,,COSMOS,0.9179,1.0,1
,150.5672520391861,1.93686083563875,1.151301E-13,0.990811,,,2.0431000082266016E-15,3.3690100202329355E-15,0.0,,150.567293,1.936872,13.63409,,,,,,,1.5097517,,,,,COSMOS,2.0,0.0,0
,150.47064694904816,1.7084648347580718,3.023371E-8,0.91488135,,,1.3023299911833135E-15,1.7108299470841842E-15,0.0,,150.470662,1.708483,13.81959,,,,,,,0.841,,,,,COSMOS,0.9771,0.0,0
,150.61823899982448,1.7093368872664418,1.193685E-9,0.9830694,,,1.868659925486683E-15,2.3217499191925065E-15,0.0,,150.618223,1.709346,14.56037,,,,,,,1.7847,,,,,COSMOS,1.426,0.0,0
,150.5087022671498,1.7547240269462543,1.440514E-12,0.98449105,,,2.3114199288842667E-15,3.245370103229883E-15,0.0,,150.508611,1.754699,19.55734,,,,,,,1.2567,,,,,COSMOS,1.116,0.0,0
,150.7328577144439,1.9213760103063289,2.710575E-10,0.9672301,,,1.5035299623093637E-15,2.5920599437597456E-15,0.0,,150.732866,1.921389,16.23668,,,,,,,2.051,,,,,COSMOS,1.555,0.0,0
,150.63614709859414,1.6276271717012536,1.117297E-6,0.72110206,,,3.060010071733962E-15,4.532679976796891E-15,0.0,,150.636128,1.627629,134.7454,,,,,,,1.0499,,,,,COSMOS,-0.1027,1.0,1
,150.41563136162068,1.9155273980211671,-1.0,0.98135275,,,0.0,0.0,1.8795400372243848E-16,,150.415652,1.91554,105.0799,,,,,,,1.8129,,,,,COSMOS,1.859,1.0,1
,150.4979959970949,1.7734558268518432,-1.0,0.96002907,,,1.3239999527102754E-15,2.0383500592166363E-15,0.0,,150.498026,1.773443,21.91326,,,,,,,2.1145,,,,,COSMOS,2.303,0.0,0
,150.66093456694733,1.9753487011717816,1.0E-8,0.9952007,,,7.395460247883526E-14,4.3656098430277374E-14,2.2409000314540205E-14,,150.660943,1.975362,26.80096,,,,,,,0.926,,,,,COSMOS,-1.981,1.0,1
,150.63711750922292,2.0076017932488663,1.0E-8,0.99768424,,,7.434790189910206E-15,7.0780199125266945E-15,1.304270014269881E-15,,150.637115,2.007617,43.71127,,,,,,,1.268,,,,,COSMOS,2.671,0.0,0
,150.5106203357474,2.029199046164481,1.0E-8,0.99323195,,,1.9269399850708677E-14,1.5422299871089944E-14,4.261980105315678E-15,,150.510644,2.029206,202.1733,,,,,,,0.899,,,,,COSMOS,2.379,1.0,1
,150.6450195107186,2.035856211031496,1.0E-8,0.9900753,,,1.4052300311871366E-14,1.4039799799635787E-14,2.29910999906182E-15,,150.645026,2.035867,17.61097,,,,,,,1.339,,,,,COSMOS,1.262,0.0,0
,150.6318130546567,2.070913760217428,1.0E-8,0.99479806,,,1.276630016299905E-14,1.9472799566398746E-14,4.920539857355543E-16,,150.631816,2.070907,15.95883,,,,,,,0.424,,,,,COSMOS,-0.2334,0.0,0
,150.77737815247391,2.080751227456017,1.0E-8,0.99008137,,,7.627140360803343E-15,3.871279805647528E-15,2.3181900514734335E-15,,150.777363,2.080753,19.06249,,,,,,,0.3361,,,,,COSMOS,-1.644,0.0,0
,150.5590314792787,2.105745016569424,1.0E-8,0.99758226,,,3.382619976222828E-14,1.909960023797029E-14,1.0405499907355752E-14,,150.559046,2.105745,28.33323,,,,,,,2.323,,,,,COSMOS,,0.0,0
,150.51446851888474,2.13461062964224,1.0E-8,0.9961769,,,8.703770058740394E-15,6.569649795825977E-15,2.178240091554526E-15,,150.514497,2.134623,15.71005,,,,,,,1.998,,,,,COSMOS,1.267,1.0,1
,150.73352692980677,2.15645239276652,1.0E-8,0.99337983,,,2.6132199702766368E-14,1.640989963000699E-14,7.718180309007183E-15,,150.73351,2.156454,32.31658,,,,,,,0.979,,,,,COSMOS,2.929,0.0,0
,150.63473781375478,2.1656433797522423,1.0E-8,0.9945971,,,3.040989904551719E-14,2.6729900031666892E-14,6.5709199217303844E-15,,150.63475,2.16563,16.56282,,,,,,,0.8113,,,,,COSMOS,0.606,0.0,0
,150.59128821322076,2.176401681993516,1.0E-8,0.9872365,,,4.997180139576941E-15,5.631939853985735E-15,6.235290104402683E-16,,150.591286,2.176388,59.27699,,,,,,,1.263,,,,,COSMOS,1.473,0.0,0
,150.78258417657736,2.193076132953511,1.0E-8,0.9427368,,,1.5211100337208378E-13,9.94282984396154E-14,4.2484001342921185E-14,,150.782555,2.193031,1849.853,,,,,,,0.582,,,,,COSMOS,,1.0,1
,150.74340520594498,2.200745209964845,1.0E-8,0.9972151,,,3.406860026294173E-14,2.2132300061660642E-14,9.30436978141937E-15,,150.743399,2.200761,13.91689,,,,,,,1.204,,,,,COSMOS,1.998,1.0,1
,150.76938113110376,2.203807609903292,1.0E-8,0.8965073,,,1.823539962694104E-14,1.2313699966094976E-14,4.773809928089456E-15,,150.769369,2.203765,19.32468,,,,,,,,,,,,COSMOS,,0.0,0
,150.77096997114592,2.257689594164883,1.0E-8,0.9922445,,,9.837849766324968E-15,8.006240120742372E-15,1.948829899878408E-15,,150.770979,2.257666,25.39498,,,,,,,1.3654,,,,,COSMOS,1.845,0.0,0
,150.71423343977767,2.3138288114877827,1.0E-8,0.98973155,,,9.948219853418098E-15,8.016860219835047E-15,2.2660500913722478E-15,,150.714217,2.313845,20.52511,,,,,,,0.607,,,,,COSMOS,-0.4095,0.0,0
,150.51907127998103,2.3209707176260093,1.0E-8,0.9930525,,,2.5398199914191365E-14,1.2628000011503156E-14,7.865010082281926E-15,,150.519064,2.320983,11.33604,,,,,,,1.836,,,,,COSMOS,1.767,0.0,0
,150.59595152793963,2.3360456466464417,1.0E-8,0.99746823,,,1.5304299711207947E-14,1.0859999999160517E-14,3.914019817616559E-15,,150.595932,2.336053,100.0724,,,,,,,1.09,,,,,COSMOS,0.3015,1.0,1
,150.64580906055306,2.349651702365679,1.0E-8,0.9812331,,,6.327599966752693E-15,6.997290049356834E-15,7.715030193476344E-16,,150.645791,2.349655,18.60643,,,,,,,1.09,,,,,COSMOS,2.184,0.0,0
,150.6048953975082,2.35867883861418,1.0E-8,0.9596275,,,4.825229910185476E-15,3.920599993067304E-15,9.693799743424876E-16,,150.604892,2.358678,90.34836,,,,,,,2.62,,,,,COSMOS,2.24,1.0,1
,150.6343477688826,2.3833164261342152,1.0E-8,0.8791649,,,5.03593020284793E-15,3.622369856734432E-15,1.250509997777953E-15,,150.634336,2.383332,39.82724,,,,,,,0.372,,,,,COSMOS,-1.518,1.0,1
,150.4956257321841,2.4125971709945944,1.0E-8,0.9410956,,,1.712739921676948E-14,9.611099893377939E-15,4.761460187718489E-15,,150.495632,2.412559,49.50184,,,,,,,0.9792782,,,,,COSMOS,,0.0,0
,150.5510862241061,2.437266538402804,1.0E-8,0.9914034,,,1.2302900296017483E-14,8.550459636386207E-15,3.2455399333358075E-15,,150.551087,2.43727,13.0285,,,,,,,0.893,,,,,COSMOS,1.199,0.0,0
,150.54069894602384,1.969732600631784,1.0E-8,0.9736723,,,4.275389907420135E-15,3.1096900363980842E-15,9.024350429935992E-16,,150.540726,1.969734,47.67388,,,,,,,1.19,,,,,COSMOS,1.918,0.0,0
,150.71389485490164,1.9721294942272425,1.0E-8,0.99624705,,,7.95474983491173E-15,4.795410115277388E-15,2.3639899699644208E-15,,150.713905,1.972151,70.04881,,,,,,,1.474,,,,,COSMOS,1.239,1.0,1
,150.41810731477176,1.9767386257572104,1.0E-8,0.8727833,,,1.7924999321222018E-14,2.0763000151656497E-14,2.5695599958235928E-15,,150.41812,1.976712,43.03909,,,,,,,0.865,,,,,COSMOS,,0.0,0
,150.43050912960467,1.9880927343717505,1.0E-8,0.9966131,,,1.0557499969740536E-14,1.3130499766362928E-14,1.2957199578211777E-15,,150.430523,1.988098,27.46105,,,,,,,0.976,,,,,COSMOS,1.41,0.0,0
,150.5973068889087,2.013573751099422,1.0E-8,0.9717045,,,4.2093700419287665E-15,5.999769840561546E-15,2.527140003489946E-16,,150.597312,2.013589,18.16187,,,,,,,0.796,,,,,COSMOS,1.761,0.0,0
,150.48716168071147,2.016425249282661,1.0E-8,0.9971163,,,1.7612600017747476E-14,1.1570499705646897E-14,4.715559895823252E-15,,150.487198,2.016461,16.05122,,,,,,,1.5177952,,,,,COSMOS,2.224,0.0,0
,150.44729869424043,2.0539231084550384,1.0E-8,0.978082,,,3.899100179283622E-15,8.462190015315482E-16,1.2858900345891731E-15,,150.447302,2.05393,4133.048,,,,,,,0.323,,,,,COSMOS,-1.015,1.0,1
,150.66364000952598,2.060228462006098,1.0E-8,0.9864783,,,1.3924000231350757E-14,8.911919935198666E-15,3.967750082076215E-15,,150.663649,2.060228,245.9245,,,,,,,2.09596,,,,,COSMOS,1.738,1.0,1
,150.77935079870696,2.089518138723751,1.0E-8,0.9850278,,,9.632770384300493E-15,5.345469923092542E-15,2.7897699273848713E-15,,150.779345,2.089525,62.41587,,,,,,,0.5723,,,,,COSMOS,0.3454,0.0,0
,150.60869528767768,2.3433447084725816,3.819167E-14,0.96205914,,,3.605889983712652E-15,4.044320166442109E-15,5.161700195955091E-16,,150.608694,2.343338,12.22178,,,,,,,1.063,,,,,COSMOS,0.5716,0.0,0
,150.64785697620314,2.3975670092526054,1.0E-8,0.9902607,,,1.0613899658533463E-14,1.2368700356459039E-14,1.4059699779940342E-15,,150.647865,2.397565,29.19808,,,,,,,0.678,,,,,COSMOS,0.8675,0.0,0
,150.7234253215248,2.4080901768911733,1.0E-8,0.9916722,,,5.326980040886928E-15,6.6957700370568266E-15,4.752680161824606E-16,,150.723426,2.408097,25.85775,,,,,,,1.4599,,,,,COSMOS,1.398,0.0,0
,150.4643372090649,2.42559265646416,2.963732E-8,0.9261592,,,1.700919979238664E-15,1.3046399559095943E-15,3.471300101223529E-16,,150.46433,2.425589,620.3422,,,,,,,0.827,,,,,COSMOS,-11.96,0.0,0
,150.62003203117774,2.0853846541431884,1.0E-8,0.9563517,,,3.612100005765447E-15,3.902119851740583E-15,4.851480202374716E-16,,150.620031,2.085391,37.00725,,,,,,,1.9906,,,,,COSMOS,2.288,0.0,0
,150.5114854077378,2.1094842483664005,1.123546E-13,0.9762365,,,3.4331899184046307E-15,2.0363699079441926E-15,8.314339884976651E-16,,150.511503,2.109482,12.78945,,,,,,,0.421,,,,,COSMOS,0.1351,0.0,0
,150.75539775454388,2.325957808189591,1.0E-8,0.9672112,,,3.983189798638766E-15,3.267210000741888E-15,9.616840447419718E-16,,150.755386,2.325958,22.74424,,,,,,,2.105,,,,,COSMOS,2.14,0.0,0
,150.5613374183552,2.3456391750311805,1.0E-8,0.9674556,,,5.331819987147539E-15,3.966160201234218E-15,1.1474999917217526E-15,,150.561364,2.345637,25.6726,,,,,,,1.834,,,,,COSMOS,1.333,0.0,0
,150.4646295037527,2.396466674038394,2.51188E-12,0.42106,,,1.958460029213979E-15,1.6852699867469568E-15,3.9581399638940226E-16,,150.464611,2.396463,15.56166,,,,,,,1.907,,,,,COSMOS,2.027,0.0,0
,150.63206716120996,2.409567006137411,1.0E-8,0.992319,,,3.868000094075759E-15,4.36627993079231E-15,4.927679815705304E-16,,150.63204,2.409607,31.94682,,,,,,,1.65,,,,,COSMOS,1.356,0.0,0
,150.64748174988793,2.4182356105552283,1.0E-8,0.9448703,,,4.824349842953279E-15,5.859800187126615E-15,5.261049749129732E-16,,150.647475,2.418243,13.49416,,,,,,,3.034,,,,,COSMOS,1.393,0.0,0
,150.58115254083523,2.02282848124644,1.806293E-10,0.976333,,,1.5358999616633972E-15,0.0,5.813459755736161E-16,,150.581141,2.022825,33.44064,,,,,,,1.131,,,,,COSMOS,2.554,0.0,0
,150.52389087153105,2.283372116131062,1.032225E-9,0.9918783,,,1.3437999831270551E-15,0.0,3.9881799873683964E-16,,150.523891,2.28337,27.13833,,,,,,,1.5184548,,,,,COSMOS,2.147,0.0,0
,150.57305529401347,2.2034848635976947,1.0E-8,0.9260088,,,4.318489908391749E-15,1.942729992108756E-15,1.325410050809217E-15,,150.573057,2.203467,34.03312,,,,,,,0.7811,,,,,COSMOS,1.478,0.0,0
,150.65214164925524,2.038159924265056,1.0E-8,0.9945736,,,1.0156100373399143E-14,1.526739956789376E-14,0.0,,150.652143,2.038163,40.27397,,,,,,,0.368,,,,,COSMOS,0.3343,0.0,0
,150.54177255549072,2.154259892795636,5.551115E-16,0.9764765,,,3.002719939555233E-15,3.8473799240078006E-15,2.375219879839559E-16,,150.541794,2.154268,24.95957,,,,,,,0.822,,,,,COSMOS,0.636,0.0,0
,150.44266482627177,2.0203799818973858,2.909839E-11,0.9924918,,,2.5499799822148624E-15,4.467900167540303E-15,0.0,,150.442673,2.020389,19.59252,,,,,,,1.505,,,,,COSMOS,1.326,0.0,0
,150.6121061555645,2.077760556464096,1.110223E-16,0.9769046,,,3.218579933415887E-15,4.229399830032489E-15,3.0357801119426013E-16,,150.612115,2.077767,41.88024,,,,,,,1.498,,,,,COSMOS,0.8629,1.0,1
,150.4363695034306,2.1614197704137457,1.0E-8,0.9922411,,,3.235689998950424E-15,3.936829991369644E-15,3.319689938692278E-16,,150.436373,2.161438,11.65237,,,,,,,1.3,,,,,COSMOS,1.806,0.0,0
,150.61639320707107,2.357926003843548,2.356217E-10,0.9770882,,,2.3404799352386672E-15,2.257859918047009E-15,3.470800087086853E-16,,150.616376,2.357937,27.53397,,,,,,,2.767,,,,,COSMOS,1.978,0.0,0
,150.42115145833205,1.9851343362883669,2.232652E-9,0.76666707,,,2.0978100780479937E-15,3.2125300005901233E-15,0.0,,150.42118,1.985094,40.36962,,,,,,,,,,,,COSMOS,,0.0,0
,150.56142350189282,2.00597000725728,3.875555E-7,0.65161115,,,9.99183040349867E-16,1.2652100428193146E-15,0.0,,150.561456,2.005981,32.69958,,,,,,,,,,,,COSMOS,0.1611,1.0,1
,150.68764053642462,2.2856036328112426,2.584779E-7,0.9770128,,,1.2343699967262592E-15,2.0534399511719717E-15,0.0,,150.687631,2.285599,27.87729,,,,,,,1.2115,,,,,COSMOS,1.123,0.0,0
,150.67472742505774,2.293595904963816,5.40202E-10,0.9816117,,,1.2304199644558571E-15,1.4039200523825604E-15,2.3084000976086275E-16,,150.6747,2.293595,56.51453,,,,,,,0.215,,,,,COSMOS,0.5302,0.0,0
,150.60557459409807,2.4372291849845533,1.0E-8,0.9774838,,,4.7678599451514685E-15,8.307810107986268E-15,0.0,,150.605581,2.437237,97.63869,,,,,,,1.004,,,,,COSMOS,0.9492,1.0,1
,150.56981384501535,1.974874911403694,1.303402E-13,0.9743229,,,2.292379898779411E-15,3.478429948117483E-15,0.0,,150.569845,1.97489,42.76612,,,,,,,1.108,,,,,COSMOS,-0.08508,0.0,0
,150.4375218574596,1.9794483845186843,1.980185E-7,0.9249759,,,1.980209929475338E-15,2.2093600820366488E-15,0.0,,150.437541,1.979453,40.77967,,,,,,,2.2315977,,,,,COSMOS,1.92,0.0,0
,150.47880792716796,2.0720024166622952,6.414651E-7,0.9772115,,,8.288870133648307E-16,1.3327300036602703E-15,0.0,,150.478815,2.072049,36.57977,,,,,,,0.555,,,,,COSMOS,0.8369,0.0,0
,150.61096802097725,2.09477353445874,5.086285E-8,0.9947831,,,1.8277499282001947E-15,2.4549799432243722E-15,0.0,,150.610943,2.094734,105.3774,,,,,,,0.889,,,,,COSMOS,0.8687,0.0,0
,150.5264578199444,2.213251511162696,4.98257E-12,0.7879084,,,2.6027399704334382E-15,3.484800059397309E-15,0.0,,150.52647,2.213224,44.49434,,,,,,,2.07,,,,,COSMOS,,1.0,1
,150.57236527010804,2.32693856628229,7.878613E-7,0.90729433,,,1.1798000049785193E-15,1.7949398952300626E-15,0.0,,150.57237,2.326936,103.3771,,,,,,,0.738,,,,,COSMOS,-0.1903,1.0,1
,150.56623190134246,2.361019276365892,7.917561E-8,0.93678504,,,1.9933800212557215E-15,1.0612200510441271E-15,2.9045800023688305E-16,,150.566236,2.361013,20.85249,,,,,,,1.154,,,,,COSMOS,-0.1805,1.0,1
,150.5199340319411,2.4237002075044285,8.626196E-8,0.9390121,,,3.317640013080804E-15,5.6172298563072435E-15,0.0,,150.519946,2.423698,57.60956,,,,,,,0.881,,,,,COSMOS,-0.731,1.0,1
,150.52022927770724,2.425346379429703,3.59441E-10,0.9863917,,,3.2580199050224155E-15,5.664440084655409E-15,0.0,,150.520228,2.425343,61.57118,,,,,,,2.245,,,,,COSMOS,2.522,0.0,0
,150.438154062901,1.971252250352593,3.368764E-9,0.9933547,,,2.9995300134758734E-15,3.9382898526542365E-15,3.0504898978628563E-16,,150.438172,1.971278,16.81013,,,,,,,1.0563,,,,,COSMOS,0.5891,0.0,0
,150.47233934562465,2.0794909756536155,3.492007E-6,0.929857,,,5.852890198222032E-16,1.2296200477162939E-15,0.0,,150.472352,2.079511,12.1364,,,,,,,7.38,,,,,COSMOS,-5.381,0.0,0
,150.4669667696705,2.110386431969808,2.706856E-6,0.9717429,,,1.3065000402617648E-15,1.6426300305448201E-15,0.0,,150.466975,2.110404,22.61007,,,,,,,1.826,,,,,COSMOS,1.394,1.0,1
,150.51287604245152,2.1520214619581584,7.871266E-7,0.96813804,,,1.9170299536978765E-15,3.2976400828884722E-15,0.0,,150.512889,2.152042,52.83057,,,,,,,0.556,,,,,COSMOS,1.884,0.0,0
,150.49130401961844,2.2552672656519017,1.897827E-6,0.95365375,,,1.367150034504896E-15,0.0,2.745479951001483E-16,,150.491293,2.255262,75.49472,,,,,,,0.742,,,,,COSMOS,0.5742,1.0,1
,150.73634297226283,2.031318088356389,-1.0,0.9189071,,,1.3147300241355244E-15,0.0,4.3020199880070996E-16,,150.736334,2.031336,13.41931,,,,,,,0.561,,,,,COSMOS,0.06817,0.0,0
,150.65631399279494,2.3702879611325747,-1.0,0.9725308,,,1.1242499961108062E-15,0.0,2.441219892996226E-16,,150.656299,2.370314,29.52107,,,,,,,2.386,,,,,COSMOS,-4.506,1.0,1
,150.51855341682025,2.1578383409457857,-1.0,0.93229127,,,3.9457899058857E-15,4.4966798059891625E-15,5.393809987513226E-16,,150.518565,2.157852,14.8427,,,,,,,1.259,,,,,COSMOS,1.248,0.0,0
,150.73079231746496,2.4593525946968864,1.0E-8,0.9738685,,,4.2856199478405986E-15,3.568009823278493E-15,9.334819768840215E-16,,150.730791,2.45936,56.55169,,,,,,,0.935,,,,,COSMOS,0.7379,1.0,1
,150.77482906542318,2.464774891724858,1.0E-8,0.9946076,,,3.391869914820024E-14,2.3674799574653453E-14,8.887010390285811E-15,,150.774811,2.464792,18.36756,,,,,,,0.979,,,,,COSMOS,2.473,0.0,0
,150.46708454967958,2.5319995872584338,1.0E-8,0.854887,,,3.696780007084828E-15,8.77554985415221E-16,1.2034999868426946E-15,,150.4671,2.532016,17.69374,,,,,,,4.45,,,,,COSMOS,2.574,0.0,0
,150.42798083287622,2.558619710346051,1.0E-8,0.9983088,,,1.0682699909674194E-14,1.4634000188398257E-14,8.584569864930375E-16,,150.428013,2.558618,96.94017,,,,,,,1.238,,,,,COSMOS,2.422,0.0,0
,150.55585891541725,2.564388032153356,1.0E-8,0.9963901,,,8.42649975268733E-15,3.2512900164982433E-15,2.7149999997901292E-15,,150.555872,2.564362,21.6835,,,,,,,1.143,,,,,COSMOS,-1.923,0.0,0
,150.68314274849314,2.5746360993043083,1.0E-8,0.99842495,,,1.1225399678804066E-13,7.006590132304508E-14,3.190360099041868E-14,,150.683129,2.574615,54.98161,,,,,,,0.376,,,,,COSMOS,2.735,1.0,1
,150.5285524071983,2.5757214782690947,1.0E-8,0.9922353,,,6.569629890551716E-15,6.407179982696656E-15,1.1504900180255603E-15,,150.528567,2.5757,71.08318,,,,,,,3.286,,,,,COSMOS,2.545,1.0,1
,150.69067920403313,2.5778674874596312,1.0E-8,0.996927,,,5.8479701014687874E-15,3.933390190570844E-15,1.4805100420227152E-15,,150.690675,2.577863,19.70191,,,,,,,2.016,,,,,COSMOS,1.518,0.0,0
,150.63386687001312,2.593718325351362,1.0E-8,0.99872977,,,1.188420022113501E-13,6.63697002629797E-14,3.643980123614436E-14,,150.63386,2.593683,44.79517,,,,,,,0.657,,,,,COSMOS,0.04903,0.0,0
,150.52096478609872,2.625425588569936,1.0E-8,0.99545807,,,2.2361699623073272E-13,1.4118399374943302E-13,6.391499878183673E-14,,150.520953,2.625425,598.8254,,,,,,,0.519,,,,,COSMOS,3.157,1.0,1
,150.62007953454298,2.671375605398731,1.0E-8,0.9980976,,,2.578550064712571E-14,1.360749959434561E-14,7.846539681834099E-15,,150.620042,2.671387,129.7436,,,,,,,3.143,,,,,COSMOS,2.764,0.0,0
,150.53646091623668,2.6842334678805666,1.0E-8,0.98917,,,6.947550157111694E-15,6.7395201358154584E-15,1.4470000422007957E-15,,150.53646,2.684223,6950.0003,,,,,,,1.213,,,,,COSMOS,0.8515,1.0,1
,150.49096588082188,2.700322075529729,1.0E-8,0.99584115,,,5.299169916349496E-14,3.183390034325502E-14,1.5655399950042538E-14,,150.490964,2.700341,24.83226,,,,,,,1.03,,,,,COSMOS,1.804,0.0,0
,150.38922307321903,2.713618813711748,1.0E-8,0.99718237,,,9.34125976033819E-15,4.484959834614478E-15,3.0281099639074176E-15,,150.389217,2.713622,11.71997,,,,,,,2.03,,,,,COSMOS,1.917,0.0,0
,150.43742848681782,2.7208980198941832,1.0E-8,0.9977998,,,1.291719992958535E-14,8.62657994625711E-15,3.4540699158291596E-15,,150.437434,2.720926,17.48826,,,,,,,1.994,,,,,COSMOS,1.777,0.0,0
,150.4259644946356,2.725170354683489,1.0E-8,0.983372,,,1.3643899988220916E-14,1.1188399755008693E-14,3.0924300460318833E-15,,150.425971,2.725197,315.8623,,,,,,,1.197,,,,,COSMOS,1.812,1.0,1
,150.4011680395128,2.729026772623456,1.0E-8,0.98996985,,,5.6752101085797476E-15,2.9506000964865447E-15,1.7466199478418753E-15,,150.401167,2.729025,18.83681,,,,,,,1.126,,,,,COSMOS,-0.1294,0.0,0
,150.6761851929598,2.7729416806685587,1.0E-8,0.99918455,,,4.3460000138592636E-14,2.5437900348429174E-14,1.2313899865870528E-14,,150.676186,2.772937,13.63673,,,,,,,0.85,,,,,COSMOS,2.677,0.0,0
,150.40987464057758,2.791598286661333,1.0E-8,0.969979,,,4.028279903519954E-15,3.5046299477254792E-15,8.404030086179041E-16,,150.409885,2.79161,22.35085,,,,,,,0.667,,,,,COSMOS,-0.3171,1.0,1
,150.49750916181776,2.457249421109568,1.0E-8,0.9745723,,,3.559600056661678E-15,1.3367799858184483E-15,1.1979799790045567E-15,,150.497517,2.457247,11.34807,,,,,,,2.589,,,,,COSMOS,1.941,0.0,0
,150.7348427181898,2.4613986301764443,1.0E-8,0.9908023,,,4.739840095256296E-15,2.3447100177772552E-15,1.5322900131213178E-15,,150.7349,2.461462,13.88356,,,,,,,1.929,,,,,COSMOS,2.564,0.0,0
,150.63179653078063,2.49915722069588,1.0E-8,0.8975604,,,4.433899841521042E-15,4.010260124600066E-15,8.101919903673034E-16,,150.631819,2.499174,21.95948,,,,,,,0.212,,,,,COSMOS,0.1971,0.0,0
,150.5503004603446,2.526465163841215,1.0E-8,0.98876584,,,7.095769911452882E-15,6.090960137113523E-15,1.3445199611322213E-15,,150.550313,2.526484,8651.00044,,,,,,,0.948,,,,,COSMOS,0.9472,1.0,1
,150.62455575312063,2.5403266446555723,1.0E-8,0.99562126,,,3.982760098824624E-14,6.631729941673076E-14,7.699350025435891E-16,,150.624587,2.540308,3170.00015,,,,,,,0.432,,,,,COSMOS,-0.425,1.0,1
,150.67584496655726,2.57636451958853,1.0E-8,0.9618986,,,3.958840142504047E-15,2.2073000979089263E-15,1.0858200054147601E-15,,150.675851,2.576369,18.00227,,,,,,,2.552,,,,,COSMOS,1.424,0.0,0
,150.5223055118832,2.6791377702993,1.0E-8,0.98267615,,,4.657439883114451E-15,4.733910017592569E-15,6.660060186791769E-16,,150.522294,2.679143,36.66136,,,,,,,1.5594,,,,,COSMOS,1.466,1.0,1
,150.43588581737134,2.75888297173836,1.0E-8,0.9902871,,,3.495610105628405E-15,5.068980157900372E-15,1.3093800581615478E-16,,150.435905,2.758881,56.5904,,,,,,,1.14,,,,,COSMOS,2.472,1.0,1
,150.44891464105555,2.771183068176695,1.0E-8,0.9890652,,,3.1823500049212158E-15,1.9928099680822193E-15,8.227640239473661E-16,,150.448922,2.771212,15.08185,,,,,,,2.103,,,,,COSMOS,-0.05999,0.0,0
,150.57139824016824,2.805385581687496,1.0E-8,0.98937297,,,1.0697999865800448E-14,5.519879936162833E-15,3.3525100301786586E-15,,150.571405,2.805381,26.40519,,,,,,,2.62,,,,,COSMOS,1.632,1.0,1
,150.7471005749258,2.5004911878614244,1.28215E-7,0.79807603,,,1.7572400469345498E-15,0.0,4.636870111506854E-16,,150.747086,2.500454,31.50358,,,,,,,,,,,,COSMOS,,1.0,1
,150.4598878650631,2.6627202074731016,1.5404E-7,0.893731,,,1.2032599588812664E-15,0.0,4.027810011992465E-16,,150.459908,2.662738,52.21349,,,,,,,2.2448,,,,,COSMOS,2.354,0.0,0
,150.610533579859,2.7142496379174217,1.160601E-7,0.95862794,,,1.5200600220332682E-15,0.0,3.855160080447009E-16,,150.610529,2.714251,20.8389,,,,,,,1.4681,,,,,COSMOS,1.432,0.0,0
,150.59195736321695,2.7204140140937274,4.984901E-13,0.80484086,,,2.25149001852542E-15,1.654539949057926E-15,4.4279798753131224E-16,,150.591937,2.720386,149.39,,,,,,,0.083,,,,,COSMOS,0.6466,0.0,0
,150.43309240794522,2.744131528831645,5.057626E-8,0.9333102,,,1.4834000125596284E-15,0.0,4.53436006664777E-16,,150.4331,2.744138,16.70598,,,,,,,2.636,,,,,COSMOS,1.662,0.0,0
,150.5877199635908,2.7731982815369736,1.0E-8,0.9956147,,,7.0024899846200285E-15,6.368279994594002E-15,1.2546200133962677E-15,,150.587713,2.773146,13.64919,,,,,,,2.0,,,,,COSMOS,1.493,0.0,0
,150.39194192578304,2.6654038452345423,3.306664E-9,0.9738677,,,1.2481499522286658E-15,0.0,4.3053099169137945E-16,,150.391933,2.665417,11.95021,,,,,,,1.020198,,,,,COSMOS,0.8983,0.0,0
,150.6072748766285,2.674487641124564,1.290634E-11,0.89721143,,,2.6554701007406234E-15,0.0,9.722269579573277E-16,,150.60726,2.674504,186.6606,,,,,,,0.094,,,,,COSMOS,0.9618,0.0,0
,150.48185269310108,2.676993074015246,3.599476E-10,0.96762544,,,2.6237999623592587E-15,2.7625501001083807E-15,3.3417599115285806E-16,,150.481878,2.677009,19.14834,,,,,,,2.687,,,,,COSMOS,2.026,0.0,0
,150.71327172284342,2.7133482296109928,3.400532E-9,0.9610498,,,2.926420058699513E-15,2.843639952280824E-15,3.089560086648349E-16,,150.713241,2.713342,80250.00244,,,,,,,1.1244,,,,,COSMOS,1.229,1.0,1
,150.47691666321305,2.494019365741304,1.123013E-9,0.9765521,,,1.5311900349601897E-15,2.0801699816467125E-15,0.0,,150.476938,2.494019,16.17584,,,,,,,0.679,,,,,COSMOS,-0.1103,0.0,0
,150.39726650243838,2.506318536016997,7.088243E-7,0.7570971,,,1.3307800279365725E-15,2.3782499813896837E-15,0.0,,150.39727,2.506298,22.01573,,,,,,,,,,,,COSMOS,,1.0,1
,150.50655192030206,2.5977522315885104,1.503242E-13,0.9865369,,,2.409429899452825E-15,3.3530099913757754E-15,0.0,,150.506555,2.597757,37.61405,,,,,,,1.3075,,,,,COSMOS,1.425,0.0,0
,150.65704205360424,2.6109267350182823,5.887614E-8,0.9676324,,,1.3835499687922786E-15,1.092720041682212E-15,3.509330027670675E-16,,150.657051,2.610911,39.12566,,,,,,,0.874,,,,,COSMOS,0.1198,0.0,0
,150.46640752206565,2.743259272560493,1.956357E-11,0.8842062,,,1.8664599691644267E-15,2.368840080620399E-15,0.0,,150.466403,2.743258,23.14019,,,,,,,2.455,,,,,COSMOS,1.077,0.0,0
,150.39765212034612,2.7680412497048184,3.527532E-6,0.98708737,,,7.584989989644719E-16,0.0,9.416369983419491E-17,,150.397647,2.768029,30.42891,,,,,,,0.8279,,,,,COSMOS,-3.041,1.0,1
,150.4575828979829,2.4755364671562194,6.505839E-7,0.97247833,,,1.2749499688006734E-15,7.215939852108389E-16,1.8221600401439083E-16,,150.457588,2.47556,210.4563,,,,,,,1.336,,,,,COSMOS,-2.05,0.0,0
,150.47766761882755,2.5868410828965565,9.257417E-7,0.92465496,,,1.8660500052179556E-15,2.833659998338037E-15,0.0,,150.477674,2.586815,24.88782,,,,,,,0.626,,,,,COSMOS,2.186,0.0,0
,150.40689616271817,2.775964253917354,7.03608E-7,0.9571773,,,1.7595999866047186E-15,2.099089944831295E-15,1.1196400457651542E-16,,150.406889,2.775965,57.33922,,,,,,,1.378,,,,,COSMOS,1.66,0.0,0
,150.40776151199162,2.6195110300511857,-1.0,0.96086454,,,0.0,0.0,2.2714300211367335E-16,,150.407719,2.619522,62.21107,,,,,,,0.7359,,,,,COSMOS,-0.7139,1.0,1
,150.6284404319673,2.6774537094878528,-1.0,0.9594582,,,1.0579200106816244E-15,0.0,4.2964801278342604E-16,,150.628436,2.67747,15.04034,,,,,,,,,,,,COSMOS,0.7838,0.0,0
,150.4641419225407,2.462813456186164,-1.0,0.9850976,,,1.0946700174059099E-15,2.0295400695322444E-15,0.0,,150.464154,2.462834,31.83365,,,,,,,1.3881932,,,,,COSMOS,1.929,0.0,0
